Planet,Satellite,Code,jd_tdb,a_km,e,i_deg,node_deg,argp_deg,M_deg,n_deg_per_day
Mars,Phobos,401,2460735.500000,9378.673613,0.015494136302,26.851195063,85.212704638,21.333055820,319.454795901,1127.950504215975
Mars,Phobos,401,2460742.500000,9379.445767,0.015415455506,26.907731727,85.190974474,23.803237600,298.922361304,1127.811220792238
Mars,Phobos,401,2460749.500000,9378.374546,0.015230294422,26.962872957,85.161942511,27.066615392,277.601891562,1128.004458525405
Mars,Phobos,401,2460756.500000,9377.903458,0.015094394891,27.017352248,85.128073852,30.362646253,256.249319398,1128.089455523224
Mars,Phobos,401,2460763.500000,9378.610230,0.014946087975,27.071268862,85.087582232,33.408283167,235.154835599,1127.961938718368
Mars,Phobos,401,2460770.500000,9378.952969,0.014816805579,27.124407097,85.039449819,36.798848946,213.724202788,1127.900109782009
Mars,Phobos,401,2460777.500000,9378.319298,0.014816740767,27.175320843,84.985497952,40.470845709,192.016892794,1128.014426127492
Mars,Phobos,401,2460784.500000,9377.758611,0.014860256933,27.225772159,84.928130948,44.035089087,170.418083552,1128.115591916648
Mars,Phobos,401,2460791.500000,9378.717730,0.014808012912,27.274980513,84.862447791,47.762927721,148.663197015,1127.942545498640
Mars,Phobos,401,2460798.500000,9379.217757,0.014860789260,27.321645987,84.791861780,51.433919795,126.974436426,1127.852347041287
Mars,Phobos,401,2460805.500000,9378.128522,0.015038819212,27.366903165,84.717199415,54.447523949,105.943987283,1128.048846586329
Mars,Phobos,401,2460812.500000,9378.021052,0.015166236775,27.410955933,84.637242216,57.555094129,84.820827252,1128.068237377534
Mars,Phobos,401,2460819.500000,9378.862483,0.015307888105,27.452341726,84.551134385,60.845702931,63.522018799,1127.916432636798
Mars,Phobos,401,2460826.500000,9379.105518,0.015441630767,27.491484153,84.463548727,63.715462790,42.646866269,1127.872592483112
Mars,Phobos,401,2460833.500000,9378.387543,0.015456203829,27.529675610,84.370558037,66.257441358,22.103568072,1128.002113654930
Mars,Phobos,401,2460840.500000,9377.959118,0.015441753611,27.564911848,84.272115234,68.892317289,1.469023953,1128.079412428735
Mars,Phobos,401,2460847.500000,9379.053714,0.015521566627,27.597541327,84.170870687,71.425345094,340.939899685,1127.881936900992
Mars,Phobos,401,2460854.500000,9379.355288,0.015464066689,27.628306968,84.067205542,74.012651477,320.363705035,1127.827540298875
Mars,Phobos,401,2460861.500000,9378.158889,0.015262612023,27.656670582,83.958476429,77.147355425,299.241252573,1128.043367474822
Mars,Phobos,401,2460868.500000,9378.059001,0.015127352083,27.681290631,83.847860301,80.212651518,278.187134939,1128.061390094794
Mars,Phobos,401,2460875.500000,9378.811948,0.014986667250,27.704185474,83.735708628,83.129071417,257.285784260,1127.925548885813
Mars,Phobos,401,2460882.500000,9378.916781,0.014844524135,27.724399323,83.619826178,86.498040584,235.936527519,1127.906637685397
Mars,Phobos,401,2460889.500000,9378.134850,0.014803249384,27.741519958,83.502260687,90.245824201,214.208980897,1128.047704844618
Mars,Phobos,401,2460896.500000,9377.838397,0.014776094648,27.755449364,83.384539550,93.891940106,192.580831782,1128.101195103103
Mars,Phobos,401,2460903.500000,9378.970451,0.014654290743,27.767571061,83.265479933,97.596976947,170.896615392,1127.896956360253
Mars,Phobos,401,2460910.500000,9378.987197,0.014699566117,27.776304368,83.143223260,101.325423450,149.195958087,1127.893935647543
Mars,Phobos,401,2460917.500000,9377.924582,0.014876137968,27.782148974,83.022419440,104.656388884,127.887167051,1128.085643999176
Mars,Phobos,401,2460924.500000,9378.151628,0.014980658249,27.785569684,82.900657595,108.110977865,106.453740293,1128.044677520868
Mars,Phobos,401,2460931.500000,9378.956334,0.015105489386,27.785905676,82.777983635,111.642007488,84.946633549,1127.899502805812
Mars,Phobos,401,2460938.500000,9378.950500,0.015255018116,27.782540471,82.655187744,114.674812714,63.938980508,1127.900555218483
Mars,Phobos,401,2460945.500000,9378.153689,0.015324083514,27.776696763,82.535180159,117.306316775,43.328537816,1128.044305635886
Mars,Phobos,401,2460952.500000,9378.105309,0.015400088640,27.768658824,82.413688346,120.061317397,22.593038972,1128.053034873510
Mars,Phobos,401,2460959.500000,9379.356146,0.015556930422,27.756390164,82.293786151,122.771449955,1.903652115,1127.827385435206
Mars,Phobos,401,2460966.500000,9379.121999,0.015514660853,27.741626904,82.176825393,125.361998582,341.334940622,1127.869619648220
Mars,Phobos,401,2460973.500000,9378.012406,0.015344065002,27.724478927,82.061049954,128.229379731,320.483440439,1128.069797323129
Mars,Phobos,401,2460980.500000,9378.267017,0.015257799633,27.704196846,81.945997542,131.022180336,299.704772331,1128.023858673120
Mars,Phobos,401,2460987.500000,9378.986220,0.015149875157,27.680658589,81.835476649,133.758877197,278.981005490,1127.894111784310
Mars,Phobos,401,2460994.500000,9378.841792,0.015003627124,27.655797441,81.727239599,136.993481592,257.758109592,1127.920165225504
Mars,Phobos,401,2461001.500000,9377.981377,0.014922091921,27.627439800,81.619808327,140.633708864,236.127478174,1128.075396083414
Mars,Phobos,401,2461008.500000,9378.020049,0.014829900533,27.596028003,81.517035569,144.096992063,214.667436826,1128.068418278779
Mars,Phobos,401,2461015.500000,9379.178727,0.014668426459,27.562588381,81.418104214,147.561037107,193.206822552,1127.859387027062
Mars,Phobos,401,2461022.500000,9378.720799,0.014710069506,27.527073953,81.321477001,151.281337166,171.490302792,1127.941991778911
Mars,Phobos,401,2461029.500000,9377.815701,0.014848066264,27.488133468,81.229274432,154.801121483,149.965876528,1128.105290320594
Mars,Phobos,401,2461036.500000,9378.307208,0.014897932867,27.447681117,81.143237689,158.385147561,128.371170321,1128.016607405936
Mars,Phobos,401,2461043.500000,9378.992576,0.014989322685,27.405229577,81.059315310,161.978363213,106.767710352,1127.892965258691
Mars,Phobos,401,2461050.500000,9378.736458,0.015142970441,27.360240686,80.980521675,165.064738965,85.666999767,1127.939166958049
Mars,Phobos,401,2461057.500000,9377.960180,0.015255264414,27.313451384,80.907550387,167.770276225,64.940162502,1128.079220732934
Mars,Phobos,401,2461064.500000,9378.347127,0.015393027671,27.265706684,80.840341158,170.701916955,43.979825233,1128.009405206096
Mars,Phobos,401,2461071.500000,9379.506103,0.015576997102,27.215924166,80.775807317,173.555073122,23.100123765,1127.800338447527
Mars,Phobos,401,2461078.500000,9378.802330,0.015549266763,27.164161814,80.718351258,176.000229062,2.623521036,1127.927283905097
Mars,Phobos,401,2461085.500000,9377.966287,0.015443517384,27.112000204,80.665914472,178.569860817,342.012927814,1128.078118860519
Mars,Phobos,401,2461092.500000,9378.513248,0.015422472904,27.058291544,80.618586642,181.122927945,321.414881035,1127.979434937789
Mars,Phobos,401,2461099.500000,9379.105703,0.015346984101,27.003055546,80.577316661,183.662826101,300.827342640,1127.872559052777
Mars,Phobos,401,2461106.500000,9378.718669,0.015190640374,26.946983661,80.544093518,186.668578837,279.767272820,1127.942376155430
Mars,Phobos,401,2461113.500000,9377.880668,0.015063814247,26.891204120,80.515261620,190.033935011,258.341695227,1128.093567779936
Mars,Phobos,401,2461120.500000,9378.294004,0.014921009688,26.833652592,80.492181994,193.114058102,237.195048930,1128.018989571025
Mars,Phobos,401,2461127.500000,9379.291022,0.014743422246,26.776198841,80.478204887,196.266132193,215.973029318,1127.839131944471
Mars,Phobos,401,2461134.500000,9378.447045,0.014753891075,26.718989349,80.469758965,199.961572351,194.203292661,1127.991378670424
Mars,Phobos,401,2461141.500000,9377.798293,0.014812277946,26.661502036,80.466940385,203.522249759,172.558765866,1128.108431525615
Mars,Phobos,401,2461148.500000,9378.469084,0.014786958616,26.603608149,80.472225513,207.064872900,150.926002305,1127.987402455260
Mars,Phobos,401,2461155.500000,9378.983309,0.014831517669,26.547323535,80.484638199,210.626935171,129.269266052,1127.894636833605
Mars,Phobos,401,2461162.500000,9378.500954,0.014974824715,26.490890752,80.501087600,213.753714098,108.044235992,1127.981652870597
Mars,Phobos,401,2461169.500000,9377.844391,0.015103917070,26.434418488,80.526639945,216.593588729,87.095461442,1128.100113536451
Mars,Phobos,401,2461176.500000,9378.640666,0.015252263211,26.379341070,80.559458329,219.780313989,65.792164047,1127.956447947276
Mars,Phobos,401,2461183.500000,9379.490718,0.015422650081,26.325362641,80.597726270,222.721195305,44.734982849,1127.803113305451
Mars,Phobos,401,2461190.500000,9378.467736,0.015428436833,26.271695935,80.642594858,225.012737986,24.319846955,1127.987645786770
Mars,Phobos,401,2461197.500000,9378.011079,0.015407744650,26.219847306,80.696632626,227.433739103,3.762593882,1128.070036732485
Mars,Phobos,401,2461204.500000,9378.752285,0.015454355624,26.169882633,80.755031713,229.892533592,343.164958916,1127.936311794005
Mars,Phobos,401,2461211.500000,9379.155446,0.015412146217,26.120500257,80.820170356,232.295143254,322.619787194,1127.863586460737
Mars,Phobos,401,2461218.500000,9378.547610,0.015254607560,26.073093653,80.892331876,235.071165819,301.694388913,1127.973235605396
Mars,Phobos,401,2461225.500000,9377.853742,0.015106332119,26.028061997,80.970583175,238.099613980,280.508727507,1128.098426296413
Mars,Phobos,401,2461232.500000,9378.634230,0.014958795429,25.984994117,81.052644392,240.766568353,259.680784367,1127.957608920419
Mars,Phobos,401,2461239.500000,9379.289694,0.014789471419,25.942888812,81.142003406,243.711850813,238.573404065,1127.839371473939
Mars,Phobos,401,2461246.500000,9378.203316,0.014748947561,25.903863662,81.236685993,247.380767123,216.735639972,1128.035351658677
Mars,Phobos,401,2461253.500000,9377.874728,0.014722784822,25.866711151,81.334909973,250.860179157,195.080721343,1128.094639520274
Mars,Phobos,401,2461260.500000,9378.631234,0.014636975289,25.831741127,81.438786774,254.283208139,173.478727090,1127.958149496270
Mars,Phobos,401,2461267.500000,9378.923816,0.014646007969,25.799324351,81.548571875,257.808747561,151.770472384,1127.905368699699
Mars,Phobos,401,2461274.500000,9378.266804,0.014778267726,25.770340140,81.661518401,261.026946080,130.366139841,1128.023897013021
Mars,Phobos,401,2461281.500000,9377.832053,0.014901574564,25.742879127,81.776765961,264.090716649,109.111505901,1128.102339819405
Mars,Phobos,401,2461288.500000,9378.923418,0.015020719209,25.718543740,81.898355889,267.547397308,87.458717394,1127.905440544270
Mars,Phobos,401,2461295.500000,9379.307592,0.015177168671,25.697874757,82.021538644,270.524550682,66.288879515,1127.836143074835
Mars,Phobos,401,2461302.500000,9378.179930,0.015246499888,25.679611813,82.146734099,272.797881490,45.817729628,1128.039571083150
Mars,Phobos,401,2461309.500000,9378.125663,0.015314922862,25.663926536,82.274959220,275.298624552,25.113172317,1128.049362324278
Mars,Phobos,401,2461316.500000,9378.948410,0.015425227167,25.652163362,82.405694794,277.822137986,4.385933473,1127.900932211864
Mars,Phobos,401,2461323.500000,9379.124858,0.015426120291,25.643143080,82.534734364,280.175695451,343.831785845,1127.869103827117
Mars,Phobos,401,2461330.500000,9378.350755,0.015293356277,25.636298712,82.667105294,282.764437700,323.038628850,1128.008750644764
Mars,Phobos,401,2461337.500000,9377.921869,0.015172650038,25.633597043,82.800837143,285.477041366,302.117568791,1128.086133498624
Mars,Phobos,401,2461344.500000,9378.999631,0.015075014162,25.634028834,82.933453225,287.832751489,281.556046956,1127.891692646496
Mars,Phobos,401,2461351.500000,9379.190418,0.014923733117,25.636945998,83.065570467,290.700081881,260.488303752,1127.857278316516
Mars,Phobos,401,2461358.500000,9378.018986,0.014830241532,25.643293613,83.198947075,294.272715144,238.710660760,1128.068610083227
Mars,Phobos,401,2461365.500000,9378.022836,0.014744347668,25.653649839,83.329151366,297.559812840,217.219297900,1128.067915518789
Mars,Phobos,401,2461372.500000,9378.780242,0.014624909230,25.666003222,83.457795094,300.828325301,195.750272811,1127.931268487618
Mars,Phobos,401,2461379.500000,9378.826505,0.014611870494,25.681814222,83.586132756,304.330775514,174.048780834,1127.922922788483
Mars,Phobos,401,2461386.500000,9378.049058,0.014726601518,25.700907901,83.711199282,307.679284147,152.503156777,1128.063184158904
Mars,Phobos,401,2461393.500000,9377.921699,0.014813927527,25.722951448,83.831875739,310.980344846,131.006550563,1128.086164195161
Mars,Phobos,401,2461400.500000,9379.137701,0.014878026993,25.747032145,83.950549133,314.616788120,109.178523796,1127.866787241986
Mars,Phobos,401,2461407.500000,9379.011776,0.015035636211,25.774829863,84.067138479,317.620726450,87.988782791,1127.889501879254
Mars,Phobos,401,2461414.500000,9377.981999,0.015168294636,25.804811719,84.177768905,320.066141405,67.358189659,1128.075283776094
Mars,Phobos,401,2461421.500000,9378.293832,0.015296519177,25.837120039,84.285556886,322.820541807,46.419751911,1128.019020668749
Mars,Phobos,401,2461428.500000,9379.078830,0.015447327218,25.872337301,84.389360897,325.514042859,25.548146903,1127.877406388081
Mars,Phobos,401,2461435.500000,9379.004788,0.015488512257,25.910665580,84.488024684,327.891660726,4.998326530,1127.890762356675
Mars,Phobos,401,2461442.500000,9378.158878,0.015398949132,25.950470858,84.580068730,330.357267465,344.364777576,1128.043369423843
Mars,Phobos,401,2461449.500000,9378.106959,0.015344856492,25.992332585,84.669805281,332.857137972,323.696608852,1128.052737116006
Mars,Phobos,401,2461456.500000,9379.310102,0.015318381974,26.037382860,84.752078809,335.099267174,303.296147726,1127.835690393480
Mars,Phobos,401,2461463.500000,9378.986491,0.015166001061,26.083670686,84.827680792,337.953059117,282.293605455,1127.894062972949
Mars,Deimos,402,2460735.500000,23458.272068,0.000189718887,24.232502437,80.828726574,33.421571027,166.605444601,285.139999573712
Mars,Deimos,402,2460742.500000,23459.734770,0.000312698613,24.229256890,80.836893622,32.766528023,3.380706856,285.113332499265
Mars,Deimos,402,2460749.500000,23458.481102,0.000184602520,24.225996800,80.844906245,26.861188253,205.426178630,285.136188342430
Mars,Deimos,402,2460756.500000,23459.251091,0.000310781494,24.222941733,80.852517695,40.190345840,28.208082833,285.122150170406
Mars,Deimos,402,2460763.500000,23459.017270,0.000215726243,24.219918610,80.860101495,19.618829248,244.924045524,285.126412999429
Mars,Deimos,402,2460770.500000,23458.683259,0.000280719503,24.217045453,80.867285896,45.374472683,55.278590429,285.132502581751
Mars,Deimos,402,2460777.500000,23459.537541,0.000249316434,24.214247463,80.874535022,21.274514631,275.523739121,285.116928009644
Mars,Deimos,402,2460784.500000,23458.261693,0.000260062245,24.211573984,80.881356569,46.546829455,86.368748554,285.140188746825
Mars,Deimos,402,2460791.500000,23459.667122,0.000282548302,24.209057628,80.888072087,23.236027496,305.813506419,285.114565721648
Mars,Deimos,402,2460798.500000,23458.006263,0.000228076952,24.206619782,80.894654743,47.164336711,118.015635861,285.144846011496
Mars,Deimos,402,2460805.500000,23459.526562,0.000314865427,24.204445199,80.900986932,30.017632063,331.284710195,285.117128161526
Mars,Deimos,402,2460812.500000,23458.446073,0.000211107372,24.202350176,80.907312761,39.007438106,158.435931200,285.136826997595
Mars,Deimos,402,2460819.500000,23459.190982,0.000320008919,24.200519178,80.913458881,36.561875782,356.994886142,285.123246010897
Mars,Deimos,402,2460826.500000,23459.022910,0.000211976949,24.198809148,80.919860465,32.766120042,196.939725387,285.126310170280
Mars,Deimos,402,2460833.500000,23458.669970,0.000324722282,24.197310058,80.926017411,41.904244833,23.912962583,285.132744856075
Mars,Deimos,402,2460840.500000,23459.522942,0.000230371875,24.195966735,80.932523340,23.598608341,238.361682631,285.117194166280
Mars,Deimos,402,2460847.500000,23458.238649,0.000307402961,24.194770304,80.938948854,48.375777164,49.702747889,285.140608888696
Mars,Deimos,402,2460854.500000,23459.847953,0.000273033096,24.193740961,80.945652456,22.529780137,271.683024194,285.111269196920
Mars,Deimos,402,2460861.500000,23458.309694,0.000282352556,24.192817499,80.952410903,48.886685748,81.455612515,285.139313540441
Mars,Deimos,402,2460868.500000,23459.680605,0.000300425499,24.192100250,80.959268693,24.834529552,301.628440263,285.114319925599
Mars,Deimos,402,2460875.500000,23458.451741,0.000261158335,24.191449964,80.966494447,49.104677201,113.500338490,285.136723671791
Mars,Deimos,402,2460882.500000,23459.091634,0.000331682262,24.191023715,80.973689753,29.198795853,329.517139854,285.125057241181
Mars,Deimos,402,2460889.500000,23458.938958,0.000233858308,24.190688362,80.981376580,41.919994338,152.940250750,285.127840729982
Mars,Deimos,402,2460896.500000,23458.511275,0.000339803317,24.190497678,80.989176445,36.345422437,354.624293678,285.135638212099
Mars,Deimos,402,2460903.500000,23459.488976,0.000240539719,24.190421898,80.997634991,33.525354157,193.586954348,285.117813377739
Mars,Deimos,402,2460910.500000,23458.199675,0.000335744324,24.190392507,81.006209171,40.222491311,23.005455642,285.141319514751
Mars,Deimos,402,2460917.500000,23459.691961,0.000253632453,24.190452083,81.015409589,26.310415625,233.046586818,285.114112906327
Mars,Deimos,402,2460924.500000,23458.087915,0.000328269910,24.190488427,81.024961127,45.794073505,49.690108933,285.143357226226
Mars,Deimos,402,2460931.500000,23459.603856,0.000295583727,24.190554262,81.034894908,22.361472491,269.238352043,285.115719070081
Mars,Deimos,402,2460938.500000,23458.621977,0.000295011241,24.190554405,81.045321229,47.705831270,80.029543642,285.133619867574
Mars,Deimos,402,2460945.500000,23459.270173,0.000327946350,24.190555207,81.055942721,24.833953309,299.007333613,285.121802288004
Mars,Deimos,402,2460952.500000,23459.197319,0.000273807935,24.190450484,81.067204776,46.712822627,113.270148997,285.123130480927
Mars,Deimos,402,2460959.500000,23458.688265,0.000351086905,24.190281257,81.078534421,27.154074282,328.932671851,285.132411298649
Mars,Deimos,402,2460966.500000,23459.567366,0.000243300423,24.190031169,81.090469773,42.038671362,150.182172391,285.116384300749
Mars,Deimos,402,2460973.500000,23458.151365,0.000366079372,24.189597241,81.102565196,32.852219840,355.479374478,285.142200350555
Mars,Deimos,402,2460980.500000,23459.728787,0.000246736681,24.189059486,81.115227008,31.921753167,192.533935009,285.113441562377
Mars,Deimos,402,2460987.500000,23458.175188,0.000350020476,24.188256720,81.128009313,36.730090322,23.847338571,285.141765974260
Mars,Deimos,402,2460994.500000,23459.488313,0.000267280492,24.187263610,81.141092581,26.956193750,229.731588288,285.117825449666
Mars,Deimos,402,2461001.500000,23458.374192,0.000338939195,24.185958354,81.154420741,40.101653000,52.719931220,285.138137569492
Mars,Deimos,402,2461008.500000,23458.954502,0.000299800480,24.184376476,81.167598170,22.710478797,266.212381285,285.127557349591
Mars,Deimos,402,2461015.500000,23458.978079,0.000300790005,24.182487335,81.180921018,43.386655265,81.671636160,285.127127508124
Mars,Deimos,402,2461022.500000,23458.519196,0.000340766559,24.180286410,81.193821422,24.297178859,296.862473814,285.135493802756
Mars,Deimos,402,2461029.500000,23459.652867,0.000268212557,24.177807818,81.206688711,41.481640441,115.811918804,285.114825584865
Mars,Deimos,402,2461036.500000,23458.355665,0.000357887499,24.174997932,81.218909656,26.543461658,326.859736231,285.138475378006
Mars,Deimos,402,2461043.500000,23459.878595,0.000240596788,24.172008436,81.230809607,38.366387163,151.158678212,285.110710602062
Mars,Deimos,402,2461050.500000,23458.265132,0.000378105299,24.168691234,81.242037080,30.151138354,355.497668448,285.140126033929
Mars,Deimos,402,2461057.500000,23459.666336,0.000231602941,24.165249118,81.252722562,28.349836353,193.409935957,285.114580057024
Mars,Deimos,402,2461064.500000,23458.688271,0.000363634136,24.161588181,81.262664230,35.416025340,22.478212377,285.132411203967
Mars,Deimos,402,2461071.500000,23459.158328,0.000258213999,24.157809923,81.271765848,23.062533140,230.936777752,285.123841343612
Mars,Deimos,402,2461078.500000,23459.135144,0.000342708310,24.153934841,81.280274061,37.825108189,52.317264915,285.124264009832
Mars,Deimos,402,2461085.500000,23458.477770,0.000280956299,24.149993006,81.287641495,20.906411101,265.343189662,285.136249090735
Mars,Deimos,402,2461092.500000,23459.431478,0.000308815915,24.146113928,81.294340681,41.309121322,81.078534401,285.118861582158
Mars,Deimos,402,2461099.500000,23457.974310,0.000319348103,24.142243782,81.299969721,21.675278887,296.830572049,285.145428623247
Mars,Deimos,402,2461106.500000,23459.627334,0.000265187899,24.138605659,81.304895600,39.189380979,115.447103717,285.115291056807
Mars,Deimos,402,2461113.500000,23458.163208,0.000334769773,24.135081735,81.308884851,26.138875134,324.629745879,285.141984414344
Mars,Deimos,402,2461120.500000,23459.498031,0.000243689938,24.131928101,81.312216766,34.555468049,152.332783057,285.117648299861
Mars,Deimos,402,2461127.500000,23458.537863,0.000348742418,24.129006037,81.314994092,29.368334804,353.665939742,285.135153458403
Mars,Deimos,402,2461134.500000,23459.041054,0.000227093987,24.126498574,81.317274143,26.539286826,192.607727864,285.125979384832
Mars,Deimos,402,2461141.500000,23459.185894,0.000347648524,24.124378521,81.319348111,36.422500704,18.872344692,285.123338775813
Mars,Deimos,402,2461148.500000,23458.595872,0.000248080909,24.122617768,81.321146985,18.478356963,232.930802754,285.134095815739
Mars,Deimos,402,2461155.500000,23459.779866,0.000322511916,24.121310410,81.323230487,40.917299617,46.637212423,285.112510394893
Mars,Deimos,402,2461162.500000,23458.378071,0.000267986167,24.120318688,81.325244749,17.600028893,266.077205566,285.138066854519
Mars,Deimos,402,2461169.500000,23459.857787,0.000298019676,24.119782180,81.327694483,44.452320765,75.356903469,285.111089922274
Mars,Deimos,402,2461176.500000,23458.219005,0.000295784714,24.119474225,81.330546697,17.375121504,298.569499816,285.140967072280
Mars,Deimos,402,2461183.500000,23459.514049,0.000254381446,24.119598365,81.333924368,44.731633169,107.332086422,285.117356281490
Mars,Deimos,402,2461190.500000,23458.609459,0.000316517308,24.119893914,81.337940731,23.617441011,324.589256109,285.133848093465
Mars,Deimos,402,2461197.500000,23458.979335,0.000231466943,24.120489261,81.342623176,37.908863840,146.408658663,285.127104592724
Mars,Deimos,402,2461204.500000,23459.097966,0.000318449713,24.121229566,81.348227386,28.689957812,351.774926209,285.124941795852
Mars,Deimos,402,2461211.500000,23458.381427,0.000222071947,24.122087767,81.354507042,32.070047258,184.504874547,285.138005655746
Mars,Deimos,402,2461218.500000,23459.455418,0.000322237256,24.123076337,81.361765264,35.857453062,16.855013196,285.118425144931
Mars,Deimos,402,2461225.500000,23457.994853,0.000231174214,24.123984382,81.369769046,22.750920161,226.079094455,285.145054055624
Mars,Deimos,402,2461232.500000,23459.700203,0.000298851247,24.124962557,81.378733353,43.172055599,41.783422680,285.113962662776
Mars,Deimos,402,2461239.500000,23458.294282,0.000259219975,24.125752993,81.388380896,21.331442561,259.751615697,285.139594547690
Mars,Deimos,402,2461246.500000,23459.589957,0.000274636914,24.126518061,81.398703279,46.680006650,70.514318769,285.115972462028
Mars,Deimos,402,2461253.500000,23458.712980,0.000280518902,24.127018828,81.409805886,20.734826334,292.597459023,285.131960703399
Mars,Deimos,402,2461260.500000,23459.083942,0.000243137199,24.127445430,81.421280740,49.941676479,99.493149342,285.125197480915
Mars,Deimos,402,2461267.500000,23459.285392,0.000314761199,24.127626159,81.433333007,25.209032100,320.362827166,285.121524832588
Mars,Deimos,402,2461274.500000,23458.535795,0.000209798301,24.127613252,81.445715607,45.128088335,136.547347362,285.135191150776
Mars,Deimos,402,2461281.500000,23459.746086,0.000321553524,24.127444482,81.458574342,32.036842152,345.771565472,285.113126207113
Mars,Deimos,402,2461288.500000,23458.247971,0.000208415362,24.126985300,81.471596122,39.387024624,174.533762810,285.140438934975
Mars,Deimos,402,2461295.500000,23459.709752,0.000323049649,24.126409627,81.484919141,37.696675881,12.343634751,285.113788575337
Mars,Deimos,402,2461302.500000,23458.088669,0.000209858229,24.125491295,81.498462869,32.093611121,214.072509768,285.143343483079
Mars,Deimos,402,2461309.500000,23459.334692,0.000307422579,24.124459079,81.512033148,45.484355644,36.789470431,285.120626050542
Mars,Deimos,402,2461316.500000,23458.567341,0.000245960469,24.123104376,81.525743430,27.908327475,250.499453773,285.134616009297
Mars,Deimos,402,2461323.500000,23458.894229,0.000275112493,24.121598180,81.539233936,49.498286980,65.011268049,285.128656213677
Mars,Deimos,402,2461330.500000,23459.207112,0.000273592224,24.119826066,81.552837640,28.734304820,281.914562635,285.122951960451
Mars,Deimos,402,2461337.500000,23458.457472,0.000253540718,24.117901956,81.566012257,52.297208914,94.455635210,285.136619174188
Mars,Deimos,402,2461344.500000,23459.647313,0.000311661590,24.115834317,81.579033462,30.444426793,312.439594403,285.114926842422
Mars,Deimos,402,2461351.500000,23458.155461,0.000217464135,24.113575984,81.591776118,52.052960261,126.945619077,285.142125662548
Mars,Deimos,402,2461358.500000,23459.838031,0.000336589445,24.111325319,81.604214740,37.196832074,337.923044488,285.111450071295
Mars,Deimos,402,2461365.500000,23458.421621,0.000210573396,24.108887511,81.616378537,44.883924009,166.363197239,285.137272823695
Mars,Deimos,402,2461372.500000,23459.577600,0.000336850068,24.106485006,81.628189225,42.518820600,4.838389762,285.116197725924
Mars,Deimos,402,2461379.500000,23458.722487,0.000213194721,24.103945729,81.639941200,39.697911134,203.798967689,285.131787367740
Mars,Deimos,402,2461386.500000,23458.914946,0.000332986067,24.101426519,81.651143726,48.443072614,31.158336327,285.128278507957
Mars,Deimos,402,2461393.500000,23459.169048,0.000243130573,24.098827477,81.662290172,32.518714049,243.222632881,285.123645895909
Mars,Deimos,402,2461400.500000,23458.313212,0.000302727120,24.096217404,81.672920649,53.659579393,58.190124865,285.139249411970
Mars,Deimos,402,2461407.500000,23459.616956,0.000283545540,24.093602186,81.683382247,33.356343099,274.630136691,285.115480253443
Mars,Deimos,402,2461414.500000,23458.142280,0.000279994879,24.090962654,81.693348694,54.129923862,89.975674416,285.142365991986
Mars,Deimos,402,2461421.500000,23459.677433,0.000314969493,24.088426991,81.702923158,34.874727015,305.355321810,285.114377755560
Mars,Deimos,402,2461428.500000,23458.166449,0.000252107109,24.085864583,81.712277132,55.057043043,121.306604235,285.141925321538
Mars,Deimos,402,2461435.500000,23459.403444,0.000350236333,24.083494247,81.721100929,39.850714203,332.626565988,285.119372662921
Mars,Deimos,402,2461442.500000,23458.761324,0.000230912518,24.081153124,81.729805153,47.585105162,161.033832636,285.131079307216
Mars,Deimos,402,2461449.500000,23458.993054,0.000355881755,24.078974037,81.738064909,46.080504772,358.647257142,285.126854491429
Mars,Deimos,402,2461456.500000,23459.395260,0.000237095716,24.076899251,81.746416578,41.327613376,199.546472165,285.119521870340
Mars,Deimos,402,2461463.500000,23458.504538,0.000355260977,24.074937666,81.754264028,49.940490796,27.045618689,285.135761042909
Jupiter,Io,501,2460735.500000,422024.161406,0.003983196173,2.186830665,338.155074460,103.327315396,261.970812099,203.238434297679
Jupiter,Io,501,2460742.500000,422022.868529,0.003875782379,2.187113092,338.165496293,98.489906813,251.219682457,203.239368237348
Jupiter,Io,501,2460749.500000,422021.944777,0.003779743350,2.187397653,338.176073639,94.024417993,240.096381240,203.240035534988
Jupiter,Io,501,2460756.500000,422021.316928,0.003691057213,2.187686332,338.186807495,89.823892659,228.708107007,203.240489081300
Jupiter,Io,501,2460763.500000,422020.689545,0.003623480762,2.187980742,338.197656211,85.902351007,217.040687765,203.240942292193
Jupiter,Io,501,2460770.500000,422020.440730,0.003569170435,2.188281640,338.208623525,82.252080831,205.101997100,203.241122032795
Jupiter,Io,501,2460777.500000,422020.325850,0.003538699293,2.188589326,338.219705727,78.698881455,193.066094379,203.241205020698
Jupiter,Io,501,2460784.500000,422020.306913,0.003530139934,2.188904935,338.230927806,75.333475789,180.842384767,203.241218700001
Jupiter,Io,501,2460791.500000,422020.643368,0.003542241689,2.189231057,338.242292249,71.905291154,168.681215988,203.240975649938
Jupiter,Io,501,2460798.500000,422020.994394,0.003581529682,2.189569809,338.253816445,68.461619973,156.535550658,203.240722074552
Jupiter,Io,501,2460805.500000,422021.520235,0.003637498870,2.189924004,338.265436222,64.849388226,144.558216896,203.240342216053
Jupiter,Io,501,2460812.500000,422022.336379,0.003717718041,2.190295965,338.277125146,61.001369278,132.816774865,203.239752650002
Jupiter,Io,501,2460819.500000,422022.883947,0.003810530856,2.190687318,338.288812621,56.916812006,121.311835425,203.239357099593
Jupiter,Io,501,2460826.500000,422024.010544,0.003917968555,2.191099526,338.300430456,52.472578383,110.166727569,203.238543276423
Jupiter,Io,501,2460833.500000,422024.802812,0.004032383850,2.191533636,338.311895915,47.775868216,99.274408949,203.237970966333
Jupiter,Io,501,2460840.500000,422026.082798,0.004149515941,2.191989983,338.323093515,42.713402202,88.748096959,203.237046349714
Jupiter,Io,501,2460847.500000,422027.586461,0.004268545064,2.192467194,338.333938679,37.434280309,78.439090001,203.235960165283
Jupiter,Io,501,2460854.500000,422029.380224,0.004379358745,2.192962501,338.344310831,31.867591941,68.418120500,203.234664438138
Jupiter,Io,501,2460861.500000,422031.913213,0.004488822097,2.193472557,338.354170172,26.110645560,58.588207970,203.232834752582
Jupiter,Io,501,2460868.500000,422034.890090,0.004583543764,2.193993494,338.363487531,20.191792641,48.920878448,203.230684463081
Jupiter,Io,501,2460875.500000,422038.466602,0.004671381064,2.194521838,338.372273617,14.078405146,39.448906719,203.228101089447
Jupiter,Io,501,2460882.500000,422042.636563,0.004743834056,2.195055290,338.380535319,7.911674623,30.031061882,203.225089126141
Jupiter,Io,501,2460889.500000,422046.580335,0.004799883189,2.195591338,338.388320735,1.580809987,20.778268450,203.222240608088
Jupiter,Io,501,2460896.500000,422049.931010,0.004840209869,2.196128273,338.395652931,355.235325523,11.540772326,203.219820526167
Jupiter,Io,501,2460903.500000,422051.661443,0.004855060529,2.196666402,338.402594553,348.808927586,2.384967208,203.218570710232
Jupiter,Io,501,2460910.500000,422050.799035,0.004850877650,2.197207303,338.409157098,342.384764855,353.227209651,203.219193588284
Jupiter,Io,501,2460917.500000,422048.328170,0.004819330215,2.197752426,338.415306492,335.976990997,344.053328422,203.220978198843
Jupiter,Io,501,2460924.500000,422044.050031,0.004770833685,2.198301622,338.420970425,329.605238635,334.843547644,203.224068195730
Jupiter,Io,501,2460931.500000,422039.807987,0.004700876025,2.198851847,338.426086558,323.346442648,325.520871404,203.227132198710
Jupiter,Io,501,2460938.500000,422035.881619,0.004618977667,2.199398577,338.430659218,317.143588480,316.142559449,203.229968259981
Jupiter,Io,501,2460945.500000,422032.702896,0.004524332003,2.199936926,338.434722170,311.139954565,306.565144126,203.232264336497
Jupiter,Io,501,2460952.500000,422030.655114,0.004419117839,2.200463584,338.438388918,305.227084209,296.897325131,203.233743527515
Jupiter,Io,501,2460959.500000,422029.376600,0.004310709279,2.200977266,338.441773457,299.554012831,286.989799329,203.234667055847
Jupiter,Io,501,2460966.500000,422028.842338,0.004192886720,2.201477869,338.445005649,294.065153801,276.898309901,203.235052979121
Jupiter,Io,501,2460973.500000,422028.758457,0.004079040720,2.201967675,338.448142068,288.816702823,266.566420514,203.235113570673
Jupiter,Io,501,2460980.500000,422028.518022,0.003962103706,2.202448671,338.451270418,283.886578069,255.916342068,203.235287249105
Jupiter,Io,501,2460987.500000,422028.098504,0.003853540480,2.202922408,338.454403496,279.195578488,245.026980119,203.235590289029
Jupiter,Io,501,2460994.500000,422027.138762,0.003753821312,2.203390911,338.457577116,274.901594922,233.740587899,203.236283564007
Jupiter,Io,501,2461001.500000,422025.543160,0.003666532684,2.203856112,338.460814368,270.845486941,222.215996721,203.237436164108
Jupiter,Io,501,2461008.500000,422024.046691,0.003599745178,2.204319730,338.464122368,267.115190965,210.365384108,203.238517164485
Jupiter,Io,501,2461015.500000,422021.988665,0.003550110597,2.204783741,338.467502449,263.561880778,198.337536527,203.240003831053
Jupiter,Io,501,2461022.500000,422020.615377,0.003527378228,2.205249106,338.470930629,260.142053587,186.175913992,203.240995870479
Jupiter,Io,501,2461029.500000,422019.351771,0.003523639601,2.205716852,338.474420756,256.767389095,173.969098148,203.241908684290
Jupiter,Io,501,2461036.500000,422018.622386,0.003546809371,2.206187472,338.477975380,253.283892142,161.870844261,203.242435586371
Jupiter,Io,501,2461043.500000,422018.668710,0.003588419840,2.206662607,338.481618656,249.735604343,149.837383445,203.242402122047
Jupiter,Io,501,2461050.500000,422019.050615,0.003649322193,2.207145219,338.485360473,245.890158501,138.100934058,203.242126236720
Jupiter,Io,501,2461057.500000,422020.086714,0.003729147032,2.207637974,338.489187935,241.873352704,126.535825657,203.241377769032
Jupiter,Io,501,2461064.500000,422021.617168,0.003817292964,2.208144033,338.493027887,237.526437381,115.300845958,203.240272193248
Jupiter,Io,501,2461071.500000,422023.278032,0.003921215764,2.208665454,338.496821958,232.882956068,104.362617852,203.239072422183
Jupiter,Io,501,2461078.500000,422025.375247,0.004026779519,2.209202826,338.500473072,227.970844484,93.693122567,203.237557458229
Jupiter,Io,501,2461085.500000,422027.473813,0.004138898958,2.209756505,338.503907161,222.703799428,83.379022096,203.236041537281
Jupiter,Io,501,2461092.500000,422029.377675,0.004249029771,2.210326633,338.507033504,217.214468448,73.287425673,203.234666278912
Jupiter,Io,501,2461099.500000,422031.506483,0.004354990034,2.210911634,338.509781528,211.403262691,63.518301048,203.233128549059
Jupiter,Io,501,2461106.500000,422032.919831,0.004454653953,2.211510042,338.512056415,205.413676618,53.928063808,203.232107637011
Jupiter,Io,501,2461113.500000,422034.532378,0.004540726372,2.212118636,338.513803453,199.185698609,44.576827693,203.230942847749
Jupiter,Io,501,2461120.500000,422035.580605,0.004617538979,2.212734333,338.514998530,192.831206695,35.352853103,203.230185688540
Jupiter,Io,501,2461127.500000,422036.472917,0.004674237985,2.213353957,338.515641255,186.350016664,26.256094737,203.229541154105
Jupiter,Io,501,2461134.500000,422037.179795,0.004719810738,2.213975397,338.515757431,179.772377739,17.256558286,203.229030565022
Jupiter,Io,501,2461141.500000,422037.483182,0.004744025101,2.214598252,338.515344645,173.183887471,8.268324959,203.228811424334
Jupiter,Io,501,2461148.500000,422037.669612,0.004753681781,2.215220942,338.514426254,166.516607718,359.359567441,203.228676763468
Jupiter,Io,501,2461155.500000,422037.538985,0.004745568596,2.215842331,338.512948785,159.923023965,350.377583434,203.228771116887
Jupiter,Io,501,2461162.500000,422037.045945,0.004718006189,2.216460507,338.510923985,153.300086836,341.425584545,203.229127246825
Jupiter,Io,501,2461169.500000,422036.443525,0.004677757552,2.217072804,338.508344188,146.784642053,332.366514106,203.229562384781
Jupiter,Io,501,2461176.500000,422035.389848,0.004615825221,2.217676575,338.505233559,140.344322998,323.232881696,203.230323476323
Jupiter,Io,501,2461183.500000,422034.098711,0.004544124557,2.218270051,338.501611700,134.022697161,313.980868140,203.231256096612
Jupiter,Io,501,2461190.500000,422032.767787,0.004454937222,2.218850612,338.497524138,127.895693416,304.534692158,203.232217463433
Jupiter,Io,501,2461197.500000,422030.762267,0.004357780034,2.219416024,338.493012280,121.929480200,294.927997586,203.233666126216
Jupiter,Io,501,2461204.500000,422029.117700,0.004251439533,2.219963897,338.488151305,116.252229479,285.032573828,203.234854071589
Jupiter,Io,501,2461211.500000,422026.926263,0.004141527397,2.220493023,338.483044713,110.786764279,274.925619751,203.236437064364
Jupiter,Io,501,2461218.500000,422024.935236,0.004032646636,2.221003577,338.477800446,105.676358134,264.463544996,203.237875307550
Jupiter,Io,501,2461225.500000,422023.128234,0.003924270240,2.221496914,338.472521766,100.809007826,253.758507794,203.239180632885
Jupiter,Io,501,2461232.500000,422021.322734,0.003828109001,2.221976235,338.467261850,96.287238929,242.707712268,203.240484886808
Jupiter,Io,501,2461239.500000,422020.041552,0.003736868205,2.222443891,338.462072216,92.062594782,231.359718830,203.241410393375
Jupiter,Io,501,2461246.500000,422019.094159,0.003664571296,2.222901913,338.456945218,88.073123410,219.776388913,203.242094780981
Jupiter,Io,501,2461253.500000,422018.547626,0.003606213556,2.223352272,338.451903039,84.401739255,207.874907879,203.242489591979
Jupiter,Io,501,2461260.500000,422018.749453,0.003567319017,2.223796590,338.446952181,80.833168865,195.870391871,203.242343793973
Jupiter,Io,501,2461267.500000,422019.358745,0.003552095504,2.224236260,338.442108601,77.467929286,183.662581877,203.241903645848
Jupiter,Io,501,2461274.500000,422020.529407,0.003555642424,2.224673798,338.437343055,74.095023377,171.462232467,203.241057973762
Jupiter,Io,501,2461281.500000,422022.316063,0.003586763252,2.225110245,338.432671633,70.697420032,159.286720003,203.239767325523
Jupiter,Io,501,2461288.500000,422023.955249,0.003635728960,2.225546758,338.428059265,67.170506405,147.240484965,203.238583219277
Jupiter,Io,501,2461295.500000,422026.038140,0.003708634707,2.225984364,338.423516314,63.391020321,135.446940939,203.237078608600
Jupiter,Io,501,2461302.500000,422027.348192,0.003795872867,2.226424811,338.419046351,59.382064369,123.883014406,203.236132280391
Jupiter,Io,501,2461309.500000,422028.442539,0.003897327127,2.226870739,338.414637444,54.990131667,112.702012964,203.235341774628
Jupiter,Io,501,2461316.500000,422028.908286,0.004007944005,2.227324491,338.410265163,50.346824737,101.772575459,203.235005341829
Jupiter,Io,501,2461323.500000,422028.942151,0.004120454791,2.227788951,338.405826026,45.330469940,91.216096578,203.234980879659
Jupiter,Io,501,2461330.500000,422029.173200,0.004237996139,2.228265048,338.401258964,40.083204387,80.890752702,203.234813981411
Jupiter,Io,501,2461337.500000,422029.636262,0.004347520518,2.228752245,338.396441677,34.579151861,70.822315624,203.234479489461
Jupiter,Io,501,2461344.500000,422030.864446,0.004457337120,2.229249494,338.391297069,28.843581001,60.985781988,203.233592317713
Jupiter,Io,501,2461351.500000,422033.168351,0.004555632312,2.229755032,338.385750638,22.982088130,51.275584877,203.231928123341
Jupiter,Io,501,2461358.500000,422036.255859,0.004645712053,2.230265966,338.379748866,16.898868679,41.787805708,203.229697939482
Jupiter,Io,501,2461365.500000,422040.373877,0.004724438887,2.230779204,338.373221481,10.756400863,32.359952738,203.226723455072
Jupiter,Io,501,2461372.500000,422044.902585,0.004785421659,2.231290502,338.366175030,4.458021720,23.089021341,203.223452410246
Jupiter,Io,501,2461379.500000,422048.688896,0.004831678269,2.231795653,338.358629364,358.117355304,13.861166890,203.220717658912
Jupiter,Io,501,2461386.500000,422051.507065,0.004852574460,2.232292562,338.350671318,351.712428368,4.698403700,203.218682210174
Jupiter,Io,501,2461393.500000,422051.581665,0.004854176135,2.232782362,338.342373556,345.295417303,355.548244146,203.218628329958
Jupiter,Io,501,2461400.500000,422049.736349,0.004827983751,2.233267854,338.333747631,338.910483771,346.366187320,203.219961121901
Jupiter,Io,501,2461407.500000,422046.206523,0.004784735435,2.233750865,338.324745332,332.539743894,337.170149013,203.222510603647
Jupiter,Io,501,2461414.500000,422041.902017,0.004720330684,2.234230847,338.315261496,326.299469765,327.843647073,203.225619683837
Jupiter,Io,501,2461421.500000,422037.870507,0.004641535151,2.234704520,338.305260727,320.092003112,318.484607529,203.228531655042
Jupiter,Io,501,2461428.500000,422034.170592,0.004551752574,2.235167248,338.294718896,314.076319791,308.933927713,203.231204175061
Jupiter,Io,501,2461435.500000,422031.144765,0.004447575310,2.235614933,338.283685868,308.162392959,299.281838245,203.233389832318
Jupiter,Io,501,2461442.500000,422028.857128,0.004340377515,2.236045042,338.272212622,302.449989776,289.428358508,203.235042295474
Jupiter,Io,501,2461449.500000,422026.968864,0.004221843738,2.236454866,338.260403570,296.960240383,279.352536989,203.236406291041
Jupiter,Io,501,2461456.500000,422025.676270,0.004104879985,2.236843023,338.248298431,291.674658418,269.072565119,203.237340010607
Jupiter,Io,501,2461463.500000,422024.686804,0.003985447558,2.237208774,338.236013942,286.726422169,258.455454519,203.238054766882
Jupiter,Europa,502,2460735.500000,671205.178539,0.009513598081,2.229195816,326.005553875,304.112084039,306.926486820,101.326756336404
Jupiter,Europa,502,2460742.500000,671212.621278,0.009503067167,2.227466406,326.004850669,298.859011700,301.800738438,101.325070999038
Jupiter,Europa,502,2460749.500000,671221.884592,0.009476526405,2.225779310,326.003787244,293.501463171,296.781307018,101.322973474895
Jupiter,Europa,502,2460756.500000,671233.711691,0.009467856066,2.224127465,326.002156533,288.114872248,291.791187249,101.320295529274
Jupiter,Europa,502,2460763.500000,671245.129934,0.009434058357,2.222507319,326.000004295,282.756275028,286.775086507,101.317710270701
Jupiter,Europa,502,2460770.500000,671256.141717,0.009403592507,2.220906173,325.996764966,277.304139708,281.853093871,101.315217144835
Jupiter,Europa,502,2460777.500000,671269.963689,0.009362013353,2.219321863,325.992494142,271.961040363,276.824226997,101.312087921994
Jupiter,Europa,502,2460784.500000,671276.135400,0.009317997584,2.217740001,325.987136825,266.594255818,271.820857661,101.310690730509
Jupiter,Europa,502,2460791.500000,671285.088852,0.009278611507,2.216143988,325.980762155,261.343252608,266.702805237,101.308663847984
Jupiter,Europa,502,2460798.500000,671292.717435,0.009237330035,2.214531880,325.973461140,256.018490879,261.661493531,101.306936942560
Jupiter,Europa,502,2460805.500000,671298.872646,0.009213157559,2.212896051,325.965292879,250.778496503,256.535880170,101.305543604575
Jupiter,Europa,502,2460812.500000,671306.957613,0.009168122118,2.211233069,325.956684332,245.494019251,251.456664519,101.303713481692
Jupiter,Europa,502,2460819.500000,671315.084785,0.009141594922,2.209528846,325.947383325,240.159959658,246.427597550,101.301873860634
Jupiter,Europa,502,2460826.500000,671321.213070,0.009098352084,2.207790958,325.937698166,234.958463015,241.267309320,101.300486733387
Jupiter,Europa,502,2460833.500000,671328.093011,0.009052513105,2.206005009,325.927965883,229.653879539,236.209503321,101.298929507433
Jupiter,Europa,502,2460840.500000,671334.824924,0.009014037305,2.204173333,325.918378165,224.508033456,230.993826151,101.297405825450
Jupiter,Europa,502,2460847.500000,671333.185884,0.008971993575,2.202302818,325.909071253,219.387777564,225.751781108,101.297776797748
Jupiter,Europa,502,2460854.500000,671333.588282,0.008947503387,2.200394720,325.900241268,214.370022304,220.406586957,101.297685720649
Jupiter,Europa,502,2460861.500000,671327.993778,0.008922845713,2.198457699,325.892178233,209.329812129,215.084390094,101.298951967836
Jupiter,Europa,502,2460868.500000,671319.957611,0.008924941463,2.196484129,325.884743970,204.329587292,209.720558711,101.300770901764
Jupiter,Europa,502,2460875.500000,671313.107238,0.008908822038,2.194490177,325.878165381,199.370246518,204.315679719,101.302321482010
Jupiter,Europa,502,2460882.500000,671304.537343,0.008910399324,2.192473554,325.872664046,194.311674966,199.008186012,101.304261330980
Jupiter,Europa,502,2460889.500000,671295.213251,0.008912528731,2.190443580,325.868337107,189.430882635,193.521675366,101.306371967663
Jupiter,Europa,502,2460896.500000,671290.358962,0.008901507152,2.188409315,325.864908502,184.471713838,188.111150498,101.307470832006
Jupiter,Europa,502,2460903.500000,671288.776317,0.008908224626,2.186380467,325.862575041,179.618126969,182.594365453,101.307829099181
Jupiter,Europa,502,2460910.500000,671287.453003,0.008905585326,2.184344973,325.861085614,174.797744144,177.042095510,101.308128662619
Jupiter,Europa,502,2460917.500000,671294.206059,0.008920203340,2.182307660,325.860549373,169.977099404,171.489350492,101.306599963931
Jupiter,Europa,502,2460924.500000,671296.800115,0.008929932695,2.180271776,325.861007823,165.116254459,165.976899997,101.306012754062
Jupiter,Europa,502,2460931.500000,671300.698618,0.008960978478,2.178241197,325.862645993,160.147256044,160.571095422,101.305130270571
Jupiter,Europa,502,2460938.500000,671305.666746,0.008980551981,2.176223747,325.865535773,155.229257907,155.114363095,101.304005680179
Jupiter,Europa,502,2460945.500000,671308.033911,0.009004043820,2.174227940,325.869264384,150.124795955,149.842886891,101.303469853649
Jupiter,Europa,502,2460952.500000,671309.353689,0.009040145532,2.172267592,325.873969834,145.118431948,144.472961156,101.303171113504
Jupiter,Europa,502,2460959.500000,671311.581504,0.009059200196,2.170330686,325.879412331,140.053466155,139.159802318,101.302666836685
Jupiter,Europa,502,2460966.500000,671311.337407,0.009103085004,2.168431746,325.885424007,134.978517110,133.856582730,101.302722089221
Jupiter,Europa,502,2460973.500000,671308.169955,0.009140249950,2.166572651,325.891870246,129.944031181,128.510642133,101.303439059123
Jupiter,Europa,502,2460980.500000,671306.959305,0.009194375461,2.164756861,325.898698932,124.819694730,123.254205859,101.303713098533
Jupiter,Europa,502,2460987.500000,671297.119865,0.009245545605,2.162985748,325.905544910,119.687192149,118.005429760,101.305940373406
Jupiter,Europa,502,2460994.500000,671289.264536,0.009301037183,2.161255548,325.912076154,114.410508554,112.900146886,101.307718579683
Jupiter,Europa,502,2461001.500000,671280.783051,0.009350686267,2.159571269,325.918215809,109.207706845,107.722084079,101.309638586709
Jupiter,Europa,502,2461008.500000,671271.451981,0.009385589266,2.157912822,325.923761209,103.877852906,102.670288173,101.311750989915
Jupiter,Europa,502,2461015.500000,671264.340457,0.009433122322,2.156282620,325.928525128,98.631449250,97.536059170,101.313360973009
Jupiter,Europa,502,2461022.500000,671258.900293,0.009457481870,2.154673653,325.932318280,93.408191896,92.378208648,101.314592604684
Jupiter,Europa,502,2461029.500000,671252.896377,0.009500081420,2.153081738,325.935256887,88.135225898,87.270903119,101.315951896257
Jupiter,Europa,502,2461036.500000,671248.675104,0.009535113362,2.151485847,325.936918334,82.973468597,82.051699041,101.316907614318
Jupiter,Europa,502,2461043.500000,671246.533190,0.009573599760,2.149885965,325.937434638,77.693981179,76.951522047,101.317392560466
Jupiter,Europa,502,2461050.500000,671238.440166,0.009613059106,2.148264478,325.936902010,72.446476676,71.819174944,101.319224919603
Jupiter,Europa,502,2461057.500000,671235.020272,0.009641936240,2.146611755,325.935569223,67.104689015,66.781202690,101.319999241838
Jupiter,Europa,502,2461064.500000,671229.100475,0.009670530169,2.144923274,325.933597375,61.832962611,61.674586754,101.321339607838
Jupiter,Europa,502,2461071.500000,671224.378427,0.009677426604,2.143195923,325.931114495,56.523745628,56.604651873,101.322408799562
Jupiter,Europa,502,2461078.500000,671223.802048,0.009702482600,2.141430682,325.928623178,51.280034284,51.469746374,101.322539307697
Jupiter,Europa,502,2461085.500000,671224.451541,0.009707428793,2.139614053,325.926049064,46.131064376,46.239193882,101.322392244568
Jupiter,Europa,502,2461092.500000,671226.324198,0.009726122804,2.137758476,325.923732881,40.896289116,41.094490823,101.321968225372
Jupiter,Europa,502,2461099.500000,671232.255060,0.009749897652,2.135859427,325.922039216,35.800209344,35.809260418,101.320625339992
Jupiter,Europa,502,2461106.500000,671239.205443,0.009765346914,2.133926143,325.921207572,30.594369178,30.633812925,101.319051649081
Jupiter,Europa,502,2461113.500000,671242.964927,0.009790474263,2.131965961,325.921138466,25.408823642,25.436279683,101.318200451924
Jupiter,Europa,502,2461120.500000,671250.926966,0.009798893298,2.129988709,325.922017603,20.179737518,20.281703329,101.316397779235
Jupiter,Europa,502,2461127.500000,671252.099109,0.009809882622,2.128001352,325.923842074,14.989629749,15.088159486,101.316132400787
Jupiter,Europa,502,2461134.500000,671253.506430,0.009797955264,2.125997992,325.926502522,9.828279134,9.864453388,101.315813778332
Jupiter,Europa,502,2461141.500000,671255.805361,0.009803873751,2.123990814,325.929998750,4.657151222,4.650969380,101.315293296175
Jupiter,Europa,502,2461148.500000,671255.341151,0.009796385369,2.121976468,325.934430663,359.613037782,359.309024800,101.315398393749
Jupiter,Europa,502,2461155.500000,671254.093576,0.009790345044,2.119959591,325.939879546,354.441450820,354.094413911,101.315680846961
Jupiter,Europa,502,2461162.500000,671253.909028,0.009797631011,2.117936466,325.946054162,349.352162770,348.796081934,101.315722629114
Jupiter,Europa,502,2461169.500000,671251.340450,0.009784736503,2.115919468,325.953207070,344.175154409,343.585587771,101.316304164447
Jupiter,Europa,502,2461176.500000,671246.888061,0.009783393549,2.113895388,325.961361311,338.960639880,338.410457082,101.317312214602
Jupiter,Europa,502,2461183.500000,671245.231860,0.009761438108,2.111874909,325.970590308,333.741616381,333.239440300,101.317687193702
Jupiter,Europa,502,2461190.500000,671236.201762,0.009742384577,2.109865743,325.980960547,328.507190091,328.082827662,101.319731731101
Jupiter,Europa,502,2461197.500000,671230.550222,0.009708671838,2.107876187,325.992555385,323.347116485,322.850245424,101.321011351961
Jupiter,Europa,502,2461204.500000,671225.724057,0.009685878540,2.105917473,326.005379032,318.108108100,317.696950024,101.322104112865
Jupiter,Europa,502,2461211.500000,671221.398213,0.009664893082,2.103990525,326.018961725,312.983307017,312.428187540,101.323083605487
Jupiter,Europa,502,2461218.500000,671220.521196,0.009637873219,2.102112914,326.033325209,307.716827717,307.301742591,101.323282188795
Jupiter,Europa,502,2461225.500000,671222.514288,0.009629412054,2.100273877,326.048238278,302.467916942,302.156984026,101.322830893399
Jupiter,Europa,502,2461232.500000,671225.268831,0.009597850264,2.098482409,326.063422189,297.173014961,297.059311606,101.322207188102
Jupiter,Europa,502,2461239.500000,671230.754324,0.009577832206,2.096739475,326.078530920,291.786720032,292.052440258,101.320965138861
Jupiter,Europa,502,2461246.500000,671238.973535,0.009539969848,2.095046599,326.093479152,286.473544863,286.973900302,101.319104156575
Jupiter,Europa,502,2461253.500000,671241.921610,0.009499796808,2.093394286,326.107749210,281.112900013,281.943481122,101.318436671533
Jupiter,Europa,502,2461260.500000,671249.340140,0.009456863796,2.091773751,326.121132208,275.863309538,276.803197734,101.316757045755
Jupiter,Europa,502,2461267.500000,671253.307321,0.009414128528,2.090182835,326.133512366,270.556920519,271.722618541,101.315858857284
Jupiter,Europa,502,2461274.500000,671257.845127,0.009382125255,2.088601578,326.144900572,265.349756103,266.543525545,101.314831493000
Jupiter,Europa,502,2461281.500000,671265.194776,0.009336437073,2.087025401,326.155261649,260.041449526,261.468425563,101.313167561034
Jupiter,Europa,502,2461288.500000,671272.345276,0.009310782644,2.085445277,326.164475932,254.736002242,256.391575337,101.311548759340
Jupiter,Europa,502,2461295.500000,671279.699854,0.009261763982,2.083859550,326.172831232,249.480297681,251.266974026,101.309883801410
Jupiter,Europa,502,2461302.500000,671289.425379,0.009218948418,2.082246466,326.180212079,244.115371675,246.252084505,101.307682169203
Jupiter,Europa,502,2461309.500000,671298.319534,0.009172113248,2.080608323,326.186755105,238.916905094,241.072633544,101.305668809762
Jupiter,Europa,502,2461316.500000,671303.032885,0.009116261640,2.078935890,326.192802132,233.691504721,235.919906959,101.304601880883
Jupiter,Europa,502,2461323.500000,671310.606113,0.009071958058,2.077226210,326.198560186,228.585132687,230.648826696,101.302887620737
Jupiter,Europa,502,2461330.500000,671309.692290,0.009028979992,2.075480244,326.204197758,223.478004462,225.379646016,101.303094469290
Jupiter,Europa,502,2461337.500000,671308.834758,0.009007213779,2.073695628,326.209774784,218.441872428,220.038934043,101.303288576600
Jupiter,Europa,502,2461344.500000,671308.549099,0.008971109625,2.071880827,326.215689067,213.373244095,214.731730089,101.303353237339
Jupiter,Europa,502,2461351.500000,671305.219723,0.008960447898,2.070022882,326.221942890,208.263913792,209.464213535,101.304106867899
Jupiter,Europa,502,2461358.500000,671301.451569,0.008938781501,2.068132912,326.228720133,203.298028338,204.052956870,101.304959830426
Jupiter,Europa,502,2461365.500000,671298.815472,0.008917016545,2.066214257,326.236340326,198.220059475,198.751924194,101.305556546797
Jupiter,Europa,502,2461372.500000,671294.198596,0.008910935162,2.064274477,326.244977955,193.307423903,193.284685724,101.306601653300
Jupiter,Europa,502,2461379.500000,671289.652430,0.008891723244,2.062316905,326.254413549,188.409831066,187.799670615,101.307630771178
Jupiter,Europa,502,2461386.500000,671291.094170,0.008890846306,2.060351462,326.264817599,183.570076578,182.255897950,101.307304401799
Jupiter,Europa,502,2461393.500000,671288.362509,0.008888470816,2.058375679,326.276117656,178.723453556,176.717912057,101.307922774218
Jupiter,Europa,502,2461400.500000,671292.621253,0.008904512183,2.056384680,326.288424383,173.836407135,171.218898082,101.306958715149
Jupiter,Europa,502,2461407.500000,671299.978207,0.008904556176,2.054382976,326.301790605,168.948126017,165.721595577,101.305293345145
Jupiter,Europa,502,2461414.500000,671306.848891,0.008919085148,2.052376062,326.316428572,163.894770683,160.387749483,101.303738091788
Jupiter,Europa,502,2461421.500000,671314.980267,0.008934420467,2.050372243,326.332509632,158.953986421,154.940722275,101.301897518350
Jupiter,Europa,502,2461428.500000,671323.110270,0.008938110266,2.048373106,326.349745916,153.881572422,149.623676116,101.300057311538
Jupiter,Europa,502,2461435.500000,671328.082529,0.008966096616,2.046396990,326.368219639,148.849143589,144.266122856,101.298931879981
Jupiter,Europa,502,2461442.500000,671332.261430,0.008981930601,2.044437608,326.387961125,143.829358669,138.893089216,101.297986035024
Jupiter,Europa,502,2461449.500000,671336.315941,0.009020464608,2.042507922,326.408794349,138.743755465,133.585397589,101.297068358066
Jupiter,Europa,502,2461456.500000,671331.498009,0.009060242517,2.040614119,326.430571422,133.646063129,128.287894284,101.298158825164
Jupiter,Europa,502,2461463.500000,671328.724102,0.009113642529,2.038764047,326.453162343,128.420124186,123.117183906,101.298786666590
Jupiter,Ganymede,503,2460735.500000,1070538.329965,0.001811667091,2.333758850,339.438169237,13.571322911,70.976083334,50.305470332125
Jupiter,Ganymede,503,2460742.500000,1070509.011193,0.001812935514,2.333861177,339.433323116,14.850237035,61.933053213,50.307536972433
Jupiter,Ganymede,503,2460749.500000,1070514.754313,0.001936029242,2.333964757,339.428251338,20.503938587,48.504310223,50.307132136570
Jupiter,Ganymede,503,2460756.500000,1070528.338189,0.002095636361,2.334048586,339.423354265,21.106468869,40.137119257,50.306174622907
Jupiter,Ganymede,503,2460763.500000,1070477.174872,0.002305909231,2.334168445,339.416739140,17.353689047,36.112959573,50.309781231610
Jupiter,Ganymede,503,2460770.500000,1070479.207507,0.002381644204,2.334279826,339.412041139,11.513798516,34.173780845,50.309637938712
Jupiter,Ganymede,503,2460777.500000,1070422.226590,0.002326088063,2.334366083,339.407570959,8.484518585,29.438180361,50.313655130295
Jupiter,Ganymede,503,2460784.500000,1070374.239912,0.002125008282,2.334467939,339.401146216,7.192590257,22.956095614,50.317038636935
Jupiter,Ganymede,503,2460791.500000,1070365.748848,0.002096121660,2.334558715,339.397088274,8.354143424,14.028910859,50.317637375322
Jupiter,Ganymede,503,2460798.500000,1070362.630597,0.002145852604,2.334658541,339.392936666,13.775951629,0.833202811,50.317857258476
Jupiter,Ganymede,503,2460805.500000,1070350.381153,0.002248857421,2.334750814,339.389153575,14.619280712,352.224384732,50.318721042238
Jupiter,Ganymede,503,2460812.500000,1070376.045183,0.002515290941,2.334862393,339.383146543,12.530608133,346.535784333,50.316911341701
Jupiter,Ganymede,503,2460819.500000,1070442.597707,0.002642986125,2.334975408,339.379348989,8.906630157,342.389675022,50.312218891952
Jupiter,Ganymede,503,2460826.500000,1070388.104748,0.002593867810,2.335074828,339.375707404,4.441138348,339.077764149,50.316060998220
Jupiter,Ganymede,503,2460833.500000,1070391.707990,0.002432580195,2.335189273,339.370150489,2.092057104,333.647763231,50.315806931231
Jupiter,Ganymede,503,2460840.500000,1070392.585442,0.002393094280,2.335308347,339.366848910,2.653173995,325.320250966,50.315745061814
Jupiter,Ganymede,503,2460847.500000,1070385.072569,0.002393836594,2.335441600,339.363357598,6.825590780,313.371155019,50.316274800812
Jupiter,Ganymede,503,2460854.500000,1070404.338002,0.002492038691,2.335566547,339.360134141,6.839839368,305.589125061,50.314916397634
Jupiter,Ganymede,503,2460861.500000,1070445.653467,0.002759469248,2.335715677,339.354525160,5.250759935,299.403425169,50.312003455584
Jupiter,Ganymede,503,2460868.500000,1070476.557731,0.002856512716,2.335856434,339.351152890,2.352805129,294.535029645,50.309824737763
Jupiter,Ganymede,503,2460875.500000,1070519.401032,0.002862596052,2.336005542,339.347405471,356.028896164,293.077516418,50.306804590661
Jupiter,Ganymede,503,2460882.500000,1070615.640873,0.002759404061,2.336137720,339.342614228,351.653050544,289.678740813,50.300021469919
Jupiter,Ganymede,503,2460889.500000,1070579.804500,0.002602874333,2.336319862,339.338011907,351.010412147,282.548269955,50.302547090284
Jupiter,Ganymede,503,2460896.500000,1070590.154559,0.002484604984,2.336488377,339.333911037,353.467477090,272.310234259,50.301817633187
Jupiter,Ganymede,503,2460903.500000,1070618.952630,0.002508178104,2.336642305,339.329899562,353.340456178,264.669859582,50.299788079711
Jupiter,Ganymede,503,2460910.500000,1070635.705954,0.002692109525,2.336813869,339.323426388,353.340541499,256.894939931,50.298607446606
Jupiter,Ganymede,503,2460917.500000,1070663.384901,0.002719600748,2.336967120,339.319179645,350.842636463,251.625429174,50.296656968686
Jupiter,Ganymede,503,2460924.500000,1070718.091371,0.002722462240,2.337120581,339.314449954,344.329255693,250.361105948,50.292802288246
Jupiter,Ganymede,503,2460931.500000,1070768.797476,0.002619238768,2.337258221,339.309873879,340.634508329,246.288945720,50.289229917720
Jupiter,Ganymede,503,2460938.500000,1070791.363760,0.002341973153,2.337418602,339.303138491,338.219676503,240.924421520,50.287640203206
Jupiter,Ganymede,503,2460945.500000,1070863.013562,0.002105278875,2.337568503,339.298300173,339.564866309,231.800007288,50.282593284248
Jupiter,Ganymede,503,2460952.500000,1070828.047000,0.002052820273,2.337690657,339.293412353,342.725318984,220.868785746,50.285056177996
Jupiter,Ganymede,503,2460959.500000,1070817.882277,0.002168086793,2.337831290,339.286402827,346.207276110,209.608517657,50.285772174874
Jupiter,Ganymede,503,2460966.500000,1070834.372818,0.002171693645,2.337948779,339.281771831,345.364105755,202.684647329,50.284610599743
Jupiter,Ganymede,503,2460973.500000,1070841.119327,0.002204643498,2.338068702,339.276902633,340.064486376,200.208143384,50.284135396129
Jupiter,Ganymede,503,2460980.500000,1070847.007343,0.002116523975,2.338173790,339.272375516,338.195169890,194.310638883,50.283720668310
Jupiter,Ganymede,503,2460987.500000,1070881.793144,0.001836593003,2.338289703,339.265673018,336.252573409,188.477203555,50.281270614564
Jupiter,Ganymede,503,2460994.500000,1070925.344929,0.001653250412,2.338394592,339.261158034,338.484364405,178.477285005,50.278203430424
Jupiter,Ganymede,503,2461001.500000,1070895.024287,0.001592486906,2.338483676,339.256673248,346.690814452,162.490234193,50.280338763229
Jupiter,Ganymede,503,2461008.500000,1070911.887957,0.001725743287,2.338579260,339.250374572,352.887946673,148.513790384,50.279151119729
Jupiter,Ganymede,503,2461015.500000,1070866.209669,0.001824592718,2.338680250,339.246328083,352.616573472,141.017859399,50.282368174298
Jupiter,Ganymede,503,2461022.500000,1070823.370880,0.001922795301,2.338779014,339.242219788,346.964052472,138.892480872,50.285385558915
Jupiter,Ganymede,503,2461029.500000,1070812.412966,0.001879635846,2.338863146,339.238598245,345.301786348,132.788906071,50.286157436879
Jupiter,Ganymede,503,2461036.500000,1070800.559477,0.001661141804,2.338965251,339.232871227,343.175069536,127.143614863,50.286992421596
Jupiter,Ganymede,503,2461043.500000,1070774.959233,0.001565865531,2.339054705,339.229556678,344.631289136,117.921792779,50.288795835506
Jupiter,Ganymede,503,2461050.500000,1070778.185119,0.001512614743,2.339144872,339.226056728,353.348688744,101.425812098,50.288568581417
Jupiter,Ganymede,503,2461057.500000,1070815.297074,0.001603177895,2.339223194,339.222248162,358.410392387,88.594627440,50.285954277725
Jupiter,Ganymede,503,2461064.500000,1070725.303090,0.001772054564,2.339358941,339.217846431,356.891158528,82.337923920,50.292294179001
Jupiter,Ganymede,503,2461071.500000,1070688.152416,0.001866716116,2.339475921,339.214732631,350.745342492,80.702945128,50.294911760239
Jupiter,Ganymede,503,2461078.500000,1070645.516537,0.001805392720,2.339584591,339.211874116,347.728817421,75.955144092,50.297916100729
Jupiter,Ganymede,503,2461085.500000,1070591.265161,0.001574627995,2.339717567,339.206889363,344.050213373,71.861252464,50.301739360566
Jupiter,Ganymede,503,2461092.500000,1070564.467103,0.001457147884,2.339840593,339.204150887,345.481785908,62.664203426,50.303628080135
Jupiter,Ganymede,503,2461099.500000,1070558.318479,0.001358302477,2.339967602,339.201077338,355.102971025,45.269308487,50.304061450102
Jupiter,Ganymede,503,2461106.500000,1070538.081914,0.001381505835,2.340095920,339.198200212,359.910916885,32.697253348,50.305487816273
Jupiter,Ganymede,503,2461113.500000,1070532.316151,0.001584988219,2.340253553,339.192951996,1.371771135,23.458827445,50.305894226155
Jupiter,Ganymede,503,2461120.500000,1070583.341888,0.001689524438,2.340404704,339.189705736,358.202996519,18.853610346,50.302297778324
Jupiter,Ganymede,503,2461127.500000,1070497.146640,0.001608637458,2.340531726,339.186269858,354.208986322,15.077291226,50.308373328797
Jupiter,Ganymede,503,2461134.500000,1070461.847627,0.001391708191,2.340683217,339.180768470,352.111128783,9.399459085,50.310861764841
Jupiter,Ganymede,503,2461141.500000,1070458.385192,0.001303541585,2.340818754,339.177448043,356.410018384,357.337012247,50.311105863426
Jupiter,Ganymede,503,2461148.500000,1070444.740012,0.001264614877,2.340956595,339.173800733,8.679827843,337.294855448,50.312067855532
Jupiter,Ganymede,503,2461155.500000,1070443.826821,0.001355039761,2.341087352,339.170330395,13.598166060,324.612159417,50.312132237059
Jupiter,Ganymede,503,2461162.500000,1070480.802776,0.001631081332,2.341238752,339.164474226,13.982123365,316.455389098,50.309525478856
Jupiter,Ganymede,503,2461169.500000,1070519.469904,0.001747762424,2.341372711,339.160744773,12.033009543,310.640787799,50.306799735911
Jupiter,Ganymede,503,2461176.500000,1070525.953164,0.001738391936,2.341496382,339.156725388,5.937342298,308.957628392,50.306342738735
Jupiter,Ganymede,503,2461183.500000,1070587.960445,0.001617345767,2.341618936,339.151043158,3.341569086,303.778188810,50.301972269651
Jupiter,Ganymede,503,2461190.500000,1070560.153166,0.001538072914,2.341762276,339.146901433,6.843081307,292.510762320,50.303932136289
Jupiter,Ganymede,503,2461197.500000,1070555.046508,0.001536011137,2.341889401,339.142683980,15.521038304,276.056923885,50.304292069120
Jupiter,Ganymede,503,2461204.500000,1070584.225404,0.001644544823,2.342003635,339.138698605,17.397256130,266.416334564,50.302235509234
Jupiter,Ganymede,503,2461211.500000,1070610.900905,0.001910898489,2.342136466,339.132341452,16.795744559,259.246715491,50.300355513940
Jupiter,Ganymede,503,2461218.500000,1070634.365596,0.001997990521,2.342242718,339.128292391,14.648053552,253.630092207,50.298701902048
Jupiter,Ganymede,503,2461225.500000,1070691.628737,0.001987363532,2.342339145,339.123815490,7.465843412,253.035218414,50.294666814234
Jupiter,Ganymede,503,2461232.500000,1070768.946479,0.001906703780,2.342418601,339.119359389,4.455273374,248.278934248,50.289219420717
Jupiter,Ganymede,503,2461239.500000,1070758.777103,0.001729940055,2.342537696,339.113522515,6.392397561,238.565021946,50.289935844229
Jupiter,Ganymede,503,2461246.500000,1070798.269638,0.001661168284,2.342626757,339.109353199,12.954760239,224.222629197,50.287153725371
Jupiter,Ganymede,503,2461253.500000,1070793.029380,0.001753155129,2.342699893,339.105338319,16.175185782,213.235456792,50.287522869461
Jupiter,Ganymede,503,2461260.500000,1070787.347262,0.002005222739,2.342794753,339.099316826,17.215419057,204.419612775,50.287923145085
Jupiter,Ganymede,503,2461267.500000,1070808.893315,0.002076960312,2.342863835,339.095757028,15.812507580,198.055536840,50.286405366110
Jupiter,Ganymede,503,2461274.500000,1070835.187601,0.002084794132,2.342928821,339.092004814,9.831620554,196.259955401,50.284553208532
Jupiter,Ganymede,503,2461281.500000,1070849.126013,0.002050452483,2.342992327,339.088729820,8.584936742,189.739315789,50.283571439211
Jupiter,Ganymede,503,2461288.500000,1070883.809556,0.001853253611,2.343077766,339.083351544,10.346680520,180.198279498,50.281128599538
Jupiter,Ganymede,503,2461295.500000,1070953.971065,0.001794760276,2.343154674,339.080213790,15.063048281,167.708010133,50.276187572005
Jupiter,Ganymede,503,2461302.500000,1070896.474549,0.001953216325,2.343211220,339.077029744,20.019696184,154.972169902,50.280236625010
Jupiter,Ganymede,503,2461309.500000,1070887.369136,0.002239526797,2.343300510,339.071985409,20.966869883,146.243162750,50.280877901553
Jupiter,Ganymede,503,2461316.500000,1070870.051989,0.002373130469,2.343378224,339.069367025,18.912979005,140.528162513,50.282097552170
Jupiter,Ganymede,503,2461323.500000,1070839.807101,0.002452750313,2.343459277,339.066487247,12.904320375,138.757432081,50.284227824753
Jupiter,Ganymede,503,2461330.500000,1070830.506746,0.002465116538,2.343539253,339.063990691,10.959499045,132.932677513,50.284882917511
Jupiter,Ganymede,503,2461337.500000,1070836.211829,0.002305806195,2.343645589,339.059277043,10.581338504,125.534069984,50.284481064654
Jupiter,Ganymede,503,2461344.500000,1070825.332679,0.002300293538,2.343738734,339.056777573,11.186126280,117.159906903,50.285247371444
Jupiter,Ganymede,503,2461351.500000,1070816.896954,0.002407762353,2.343826323,339.053946785,14.962139558,105.599935800,50.285841581378
Jupiter,Ganymede,503,2461358.500000,1070857.137212,0.002617199213,2.343917247,339.049914028,15.523792672,97.260512591,50.283007174939
Jupiter,Ganymede,503,2461365.500000,1070758.255339,0.002796854100,2.344053482,339.046706362,11.753689125,93.255555156,50.289972602519
Jupiter,Ganymede,503,2461372.500000,1070702.580746,0.002896501706,2.344165722,339.043773184,5.359234516,91.866990766,50.293895134578
Jupiter,Ganymede,503,2461379.500000,1070672.210073,0.002872821737,2.344275462,339.041081821,2.045176658,87.413084705,50.296035103676
Jupiter,Ganymede,503,2461386.500000,1070626.999587,0.002672030782,2.344410664,339.036068710,358.889891241,82.793240686,50.299220992252
Jupiter,Ganymede,503,2461393.500000,1070591.193595,0.002600959088,2.344527991,339.033208511,357.740423589,76.173642346,50.301744404386
Jupiter,Ganymede,503,2461400.500000,1070587.826892,0.002559385540,2.344637675,339.029817486,0.768392585,65.366945179,50.301981682230
Jupiter,Ganymede,503,2461407.500000,1070581.025471,0.002604877694,2.344747426,339.026488301,1.013657663,57.353714033,50.302461037089
Jupiter,Ganymede,503,2461414.500000,1070539.368954,0.002784581640,2.344897559,339.021062662,359.195305392,51.391089195,50.305397097779
Jupiter,Ganymede,503,2461421.500000,1070551.930585,0.002876670348,2.345019233,339.017381754,354.583718818,48.221927832,50.304511690971
Jupiter,Ganymede,503,2461428.500000,1070474.316797,0.002792008181,2.345123829,339.013454886,350.375062966,44.662611920,50.309982715941
Jupiter,Ganymede,503,2461435.500000,1070419.534870,0.002551914448,2.345251494,339.007436964,346.207898223,41.053789533,50.313844911508
Jupiter,Ganymede,503,2461442.500000,1070405.595674,0.002416097098,2.345351339,339.003542900,345.594042927,33.901643739,50.314827721425
Jupiter,Ganymede,503,2461449.500000,1070389.778408,0.002254896786,2.345439024,338.999252561,349.382796690,22.338985734,50.315942987055
Jupiter,Ganymede,503,2461456.500000,1070369.407422,0.002225810314,2.345523254,338.995190411,350.766420161,13.189748661,50.317379393420
Jupiter,Ganymede,503,2461463.500000,1070389.892063,0.002400016411,2.345625592,338.988817348,351.930980035,4.249185851,50.315934973214
Jupiter,Callisto,504,2460735.500000,1883425.748572,0.007533518679,1.950037705,336.737839968,31.712733122,319.672533461,21.557140323473
Jupiter,Callisto,504,2460742.500000,1883099.376390,0.007320979824,1.949980728,336.736380006,34.912500520,107.447771258,21.562744878266
Jupiter,Callisto,504,2460749.500000,1883114.297559,0.007237810786,1.950028609,336.731758442,30.990738866,262.395692826,21.562488594799
Jupiter,Callisto,504,2460756.500000,1883273.488883,0.007429970433,1.950074595,336.732342680,33.750170070,50.611428888,21.559754667470
Jupiter,Callisto,504,2460763.500000,1882840.375347,0.007129963236,1.950070824,336.730443071,32.156007728,203.228429212,21.567194245475
Jupiter,Callisto,504,2460770.500000,1883309.588472,0.007396610180,1.950155444,336.728730317,33.354694463,353.021497491,21.559134779040
Jupiter,Callisto,504,2460777.500000,1882842.546920,0.007118923342,1.950158199,336.725569326,33.611827374,143.766299034,21.567156933761
Jupiter,Callisto,504,2460784.500000,1883398.047359,0.007362367724,1.950206133,336.725130376,30.945662853,297.426275875,21.557615922199
Jupiter,Callisto,504,2460791.500000,1883108.064750,0.007240506003,1.950212675,336.723305088,35.020154933,84.351855494,21.562595647847
Jupiter,Callisto,504,2460798.500000,1883220.641652,0.007065585634,1.950253270,336.721361423,31.073000724,239.297680757,21.560662193628
Jupiter,Callisto,504,2460805.500000,1883213.837644,0.007400662087,1.950308395,336.719344894,33.697529739,27.670596567,21.560779040986
Jupiter,Callisto,504,2460812.500000,1883005.458949,0.007010609401,1.950354694,336.719502942,33.348415891,179.016691612,21.564358104937
Jupiter,Callisto,504,2460819.500000,1883041.197485,0.007215224154,1.950363471,336.716982907,32.824076020,330.541553284,21.563744197820
Jupiter,Callisto,504,2460826.500000,1883103.162136,0.007121820003,1.950416932,336.714395803,35.272032991,119.090168824,21.562679854457
Jupiter,Callisto,504,2460833.500000,1883085.486357,0.007309473888,1.950438562,336.715497091,32.286881424,273.086765470,21.562983455693
Jupiter,Callisto,504,2460840.500000,1883368.362275,0.007379866383,1.950467913,336.713685742,35.918613835,60.444293715,21.558125601155
Jupiter,Callisto,504,2460847.500000,1882860.741505,0.007194295303,1.950533941,336.712052298,32.376652081,214.991454969,21.566844320734
Jupiter,Callisto,504,2460854.500000,1883578.375265,0.007620384397,1.950595812,336.710425215,33.439524335,4.922432335,21.554520208140
Jupiter,Callisto,504,2460861.500000,1882628.392212,0.007228871226,1.950610281,336.710060078,33.567784806,155.784899705,21.570837032986
Jupiter,Callisto,504,2460868.500000,1883661.441193,0.007404624854,1.950677053,336.708251181,30.478476947,309.878846002,21.553094453139
Jupiter,Callisto,504,2460875.500000,1882703.881269,0.007299477910,1.950658397,336.707023448,33.960463355,97.383468924,21.569539686793
Jupiter,Callisto,504,2460882.500000,1883360.093774,0.007252779314,1.950744564,336.706334696,31.231320744,251.140124345,21.558267571014
Jupiter,Callisto,504,2460889.500000,1882965.165343,0.007396122352,1.950761760,336.707400739,33.645017060,39.693449497,21.565050292776
Jupiter,Callisto,504,2460896.500000,1883030.704017,0.007157933191,1.950818151,336.704572786,31.351954750,193.023489809,21.563924448811
Jupiter,Callisto,504,2460903.500000,1883453.816228,0.007531455140,1.950891349,336.703697881,31.321492887,344.013201972,21.556658451175
Jupiter,Callisto,504,2460910.500000,1882618.554512,0.007141644569,1.950887686,336.703850650,32.492565922,133.866956983,21.571006112143
Jupiter,Callisto,504,2460917.500000,1884000.027369,0.007243607156,1.950947566,336.702825223,28.075185262,289.259085230,21.547284539258
Jupiter,Callisto,504,2460924.500000,1882278.140052,0.007127635096,1.950959958,336.701659320,32.190481406,76.156733931,21.576858128034
Jupiter,Callisto,504,2460931.500000,1884056.759134,0.006781093282,1.951045969,336.701224094,29.862860457,229.479172521,21.546311315155
Jupiter,Callisto,504,2460938.500000,1882159.953073,0.006995327918,1.951048805,336.701736104,32.250139477,18.079792869,21.578890482170
Jupiter,Callisto,504,2460945.500000,1883747.253212,0.006767591096,1.951135950,336.700668478,32.686601942,168.670005502,21.551621728900
Jupiter,Callisto,504,2460952.500000,1882589.351187,0.007071086592,1.951122732,336.699610020,32.239211543,320.076212872,21.571508038553
Jupiter,Callisto,504,2460959.500000,1883459.804971,0.006845324416,1.951215064,336.700096773,35.395598456,107.965090785,21.556555637314
Jupiter,Callisto,504,2460966.500000,1883300.293568,0.006950836883,1.951204209,336.701504741,30.848699269,263.459190062,21.559294384760
Jupiter,Callisto,504,2460973.500000,1882787.613332,0.007058617025,1.951267577,336.698145810,34.907267053,50.447673388,21.568100829352
Jupiter,Callisto,504,2460980.500000,1883837.221382,0.006639969173,1.951361770,336.700005877,33.171155950,203.134171919,21.550077856004
Jupiter,Callisto,504,2460987.500000,1882172.584237,0.006973807901,1.951322671,336.699173106,34.234354072,353.099496152,21.578673260293
Jupiter,Callisto,504,2460994.500000,1884078.196115,0.006811390947,1.951441544,336.699119249,37.174882842,141.132612363,21.545943586349
Jupiter,Callisto,504,2461001.500000,1882080.559498,0.007072037663,1.951396946,336.698688565,35.040322763,294.276427698,21.580255920539
Jupiter,Callisto,504,2461008.500000,1884081.211805,0.007097560772,1.951494374,336.699771199,38.345877012,81.985801531,21.545891856208
Jupiter,Callisto,504,2461015.500000,1882370.265444,0.007190157431,1.951497725,336.700874189,34.490174272,236.812587849,21.575274152586
Jupiter,Callisto,504,2461022.500000,1883696.024223,0.007498939597,1.951568698,336.699182689,36.651634916,25.684643226,21.552500911599
Jupiter,Callisto,504,2461029.500000,1882922.220629,0.007099560459,1.951615253,336.699379433,35.026003727,178.261798537,21.565788063720
Jupiter,Callisto,504,2461036.500000,1883061.030032,0.007444685587,1.951639446,336.700166559,33.588562700,330.734621773,21.563403532126
Jupiter,Callisto,504,2461043.500000,1883568.515213,0.007216073834,1.951672535,336.700583088,37.074355212,118.202062356,21.554689457873
Jupiter,Callisto,504,2461050.500000,1882548.012664,0.007322867501,1.951700758,336.699483058,33.498185729,272.817212166,21.572218569578
Jupiter,Callisto,504,2461057.500000,1883762.617414,0.007468502504,1.951770651,336.701396628,35.957570381,61.328069365,21.551358062886
Jupiter,Callisto,504,2461064.500000,1882289.169918,0.007364523496,1.951760633,336.701846748,33.662466127,214.639350297,21.576668473716
Jupiter,Callisto,504,2461071.500000,1883850.456467,0.007662049449,1.951848783,336.702178308,34.437167819,4.862800740,21.549850754695
Jupiter,Callisto,504,2461078.500000,1882512.134445,0.007284363646,1.951837833,336.701795497,33.709003612,156.575282846,21.572835279923
Jupiter,Callisto,504,2461085.500000,1883658.155945,0.007567771587,1.951900494,336.703424785,30.936205652,310.358488110,21.553150838598
Jupiter,Callisto,504,2461092.500000,1883013.729629,0.007289653389,1.951906536,336.704588040,34.839624511,97.430071141,21.564216030782
Jupiter,Callisto,504,2461099.500000,1883149.692430,0.007218350234,1.951949739,336.703604546,31.097764129,252.193574278,21.561880678775
Jupiter,Callisto,504,2461106.500000,1883319.386437,0.007463182269,1.952014325,336.704613011,33.700236402,40.561089392,21.558966537221
Jupiter,Callisto,504,2461113.500000,1882732.405529,0.007148694689,1.952001556,336.706417244,32.892397170,192.386640989,21.569049506011
Jupiter,Callisto,504,2461120.500000,1883374.593033,0.007380766018,1.952040086,336.706501698,32.622733748,343.643189387,21.558018620302
Jupiter,Callisto,504,2461127.500000,1882749.366110,0.007144046999,1.952060452,336.706983382,33.997855402,133.270570169,21.568758052354
Jupiter,Callisto,504,2461134.500000,1883517.538461,0.007391153222,1.952103523,336.709450939,30.910743535,287.360103409,21.555564519139
Jupiter,Callisto,504,2461141.500000,1883007.613327,0.007249234107,1.952118187,336.710555006,34.906860385,74.351840138,21.564321096770
Jupiter,Callisto,504,2461148.500000,1883163.698850,0.007109451921,1.952164170,336.709855698,31.639167725,228.624338124,21.561640122789
Jupiter,Callisto,504,2461155.500000,1883324.100469,0.007490681249,1.952216630,336.711168776,33.499218830,17.746968942,21.558885592905
Jupiter,Callisto,504,2461162.500000,1882814.327850,0.007109286674,1.952180261,336.712767014,33.725841213,168.521526781,21.567641798930
Jupiter,Callisto,504,2461169.500000,1883512.693787,0.007379824280,1.952255195,336.713690533,31.241872935,321.995966951,21.555647685344
Jupiter,Callisto,504,2461176.500000,1882734.334232,0.007209715107,1.952213375,336.714754844,34.277754001,109.960240316,21.569016362497
Jupiter,Callisto,504,2461183.500000,1883409.137711,0.007312615136,1.952303677,336.716187559,31.380462390,263.872847631,21.557425511197
Jupiter,Callisto,504,2461190.500000,1882872.525799,0.007318424864,1.952284234,336.719247040,34.067127257,52.159882378,21.566641851127
Jupiter,Callisto,504,2461197.500000,1883174.705532,0.007112029498,1.952315471,336.717257531,31.690201634,205.558882118,21.561451089528
Jupiter,Callisto,504,2461204.500000,1883335.603813,0.007527230064,1.952378717,336.719827157,32.293877281,355.921442128,21.558688071889
Jupiter,Callisto,504,2461211.500000,1882790.025108,0.007108365710,1.952307700,336.721502041,33.304118547,145.927235231,21.568059387589
Jupiter,Callisto,504,2461218.500000,1883837.553115,0.007356019089,1.952400105,336.722656158,29.215763791,300.993104086,21.550072163744
Jupiter,Callisto,504,2461225.500000,1882413.833917,0.007177999785,1.952356215,336.723902414,32.837888782,88.380711117,21.574525117261
Jupiter,Callisto,504,2461232.500000,1883831.597212,0.006976654063,1.952436353,336.724375086,30.351399754,241.862590229,21.550174362565
Jupiter,Callisto,504,2461239.500000,1882285.803218,0.007100254302,1.952390864,336.727630733,32.337406794,30.862027779,21.576726362545
Jupiter,Callisto,504,2461246.500000,1883699.880717,0.006816862512,1.952438808,336.727921555,32.022300211,182.202065532,21.552434725067
Jupiter,Callisto,504,2461253.500000,1882711.884731,0.007183963360,1.952407119,336.729417320,32.103396290,333.079522895,21.569402147846
Jupiter,Callisto,504,2461260.500000,1883393.155869,0.006838113003,1.952462431,336.731719428,34.851034984,121.369847971,21.557699905407
Jupiter,Callisto,504,2461267.500000,1883365.456502,0.007059029958,1.952422720,336.734910035,30.534111086,276.637016068,21.558175492997
Jupiter,Callisto,504,2461274.500000,1882710.090520,0.007049602720,1.952462446,336.732541830,34.414303864,63.797508883,21.569432981101
Jupiter,Callisto,504,2461281.500000,1883853.340626,0.006681904055,1.952511646,336.737068765,32.385979181,216.777370779,21.549801265827
Jupiter,Callisto,504,2461288.500000,1882151.368590,0.006973120453,1.952395159,336.737047321,33.728879334,6.459711263,21.579038114155
Jupiter,Callisto,504,2461295.500000,1884053.364495,0.006720775536,1.952521207,336.739875393,36.022083430,155.146489799,21.546369547571
Jupiter,Callisto,504,2461302.500000,1882089.617856,0.007042152396,1.952389341,336.741421169,34.870049720,307.298763518,21.580100124463
Jupiter,Callisto,504,2461309.500000,1884112.382728,0.006936322803,1.952518544,336.743068745,38.498308594,94.689605167,21.545357172696
Jupiter,Callisto,504,2461316.500000,1882392.911095,0.007150419092,1.952438097,336.747407072,34.734589807,249.414366163,21.574884819962
Jupiter,Callisto,504,2461323.500000,1883647.605884,0.007413866923,1.952471151,336.744669498,37.220400548,37.966196416,21.553331913370
Jupiter,Callisto,504,2461330.500000,1882995.122612,0.007038236137,1.952498758,336.748823456,35.334294533,190.795128197,21.564535665221
Jupiter,Callisto,504,2461337.500000,1882992.137602,0.007437496253,1.952412928,336.750181431,34.367032626,342.804336441,21.564586942965
Jupiter,Callisto,504,2461344.500000,1883635.165820,0.007132134642,1.952467354,336.752634896,37.449912860,130.668419765,21.553545430259
Jupiter,Callisto,504,2461351.500000,1882423.157870,0.007345888712,1.952424222,336.753363166,34.466495732,284.694809214,21.574364824174
Jupiter,Callisto,504,2461358.500000,1883867.924669,0.007384558471,1.952462826,336.756814358,37.038749283,73.091911688,21.549551023272
Jupiter,Callisto,504,2461365.500000,1882141.848132,0.007427252981,1.952393295,336.757839560,34.671019329,226.471672245,21.579201844573
Jupiter,Callisto,504,2461372.500000,1884060.951968,0.007775000910,1.952443750,336.759863084,35.599652488,16.537671238,21.546239390688
Jupiter,Callisto,504,2461379.500000,1882369.649156,0.007376071039,1.952355644,336.760836971,34.144490037,168.975229500,21.575284748208
Jupiter,Callisto,504,2461386.500000,1883827.160218,0.007743012186,1.952410137,336.763984153,31.503019874,322.629752548,21.550250498560
Jupiter,Callisto,504,2461393.500000,1882839.908022,0.007347179085,1.952328857,336.767069026,34.553025054,110.546603035,21.567202274999
Jupiter,Callisto,504,2461400.500000,1883257.455427,0.007343296017,1.952366542,336.765604370,31.009658567,265.122369397,21.560029997408
Jupiter,Callisto,504,2461407.500000,1883154.083408,0.007457426934,1.952364517,336.769864689,33.512753049,53.574617250,21.561805264585
Jupiter,Callisto,504,2461414.500000,1882790.133486,0.007186516096,1.952258512,336.770763696,32.627983867,205.491437401,21.568057525330
Jupiter,Callisto,504,2461421.500000,1883460.584113,0.007489025247,1.952304933,336.773713784,33.085319900,356.008029652,21.556542261183
Jupiter,Callisto,504,2461428.500000,1882687.194572,0.007152940677,1.952213352,336.775093602,33.554782789,146.551209319,21.569826451233
Jupiter,Callisto,504,2461435.500000,1883703.773694,0.007492091555,1.952257433,336.778323973,30.600719974,300.491129683,21.552367912741
Jupiter,Callisto,504,2461442.500000,1882761.478300,0.007202806026,1.952190198,336.780875273,34.123438396,87.967028114,21.568549918327
Jupiter,Callisto,504,2461449.500000,1883446.653131,0.007074863295,1.952196104,336.780372404,30.924498572,242.161019646,21.556781427246
Jupiter,Callisto,504,2461456.500000,1882947.751000,0.007348929078,1.952175424,336.783094721,33.332208681,30.739229721,21.565349458316
Jupiter,Callisto,504,2461463.500000,1883201.473678,0.006930761364,1.952084777,336.785778572,33.722592299,181.351976226,21.560991373965
Saturn,Mimas,601,2460735.500000,186008.304834,0.017690999531,29.030621891,166.940791824,312.598689531,127.716936266,380.046041868415
Saturn,Mimas,601,2460739.000000,186038.336017,0.021790708784,28.958613043,166.822028677,313.674836681,23.707654110,379.954022353006
Saturn,Mimas,601,2460742.500000,186023.397576,0.019964872988,28.875665167,166.710169824,306.605980502,287.825807437,379.999791071075
Saturn,Mimas,601,2460746.000000,186003.852969,0.016896658140,28.796760301,166.603004907,318.607487104,172.897046107,380.059686133396
Saturn,Mimas,601,2460749.500000,186027.595670,0.020509616010,28.708661780,166.515807548,328.209611039,60.347572310,379.986927931653
Saturn,Mimas,601,2460753.000000,186036.092720,0.021520180959,28.622827635,166.425659692,320.344650660,325.243033686,379.960894830243
Saturn,Mimas,601,2460756.500000,186005.182508,0.017368534967,28.533298764,166.362370928,323.962510761,218.650801880,380.055611220182
Saturn,Mimas,601,2460760.000000,186014.847424,0.018768729726,28.439593411,166.294017734,339.641686606,100.017515448,380.025991344603
Saturn,Mimas,601,2460763.500000,186039.694548,0.022146234361,28.349425643,166.251160433,335.901363853,0.757958705,379.949860513556
Saturn,Mimas,601,2460767.000000,186014.623671,0.018876424902,28.251295983,166.211415811,331.853352971,261.803094720,380.026677032213
Saturn,Mimas,601,2460770.500000,186004.832242,0.017383108075,28.159510729,166.185760610,347.236892991,143.430181676,380.056684746720
Saturn,Mimas,601,2460774.000000,186034.157364,0.021556838235,28.059801176,166.176348953,351.198010029,36.454795986,379.966824076272
Saturn,Mimas,601,2460777.500000,186027.875542,0.020709406817,27.966742012,166.169546172,343.250720925,301.368934022,379.986070415915
Saturn,Mimas,601,2460781.000000,186001.504451,0.017047251670,27.869336722,166.189883354,352.299632291,189.288454151,380.066884300105
Saturn,Mimas,601,2460784.500000,186022.608747,0.020036583597,27.773528633,166.206155711,4.401652379,74.163220567,380.002208155502
Saturn,Mimas,601,2460788.000000,186036.709239,0.022029093704,27.680980439,166.251378309,357.411888120,338.079189023,379.959006064089
Saturn,Mimas,601,2460791.500000,186006.706223,0.017987018931,27.584641290,166.295778713,357.912199952,234.518881753,380.050941264770
Saturn,Mimas,601,2460795.000000,186008.736832,0.018341172698,27.496343144,166.361536424,14.022084713,115.351753691,380.044717907731
Saturn,Mimas,601,2460798.500000,186038.131165,0.022221967039,27.402713867,166.436659101,12.649874855,13.637744007,379.954649921987
Saturn,Mimas,601,2460802.000000,186018.084078,0.019713117423,27.319200249,166.519593432,6.579350403,276.607979290,380.016072892991
Saturn,Mimas,601,2460805.500000,186000.805732,0.017281680988,27.231600744,166.625794591,19.994582930,160.100335872,380.069025903421
Saturn,Mimas,601,2460809.000000,186029.624874,0.021238034942,27.151215312,166.728661630,26.987565918,50.012480012,379.980710622608
Saturn,Mimas,601,2460812.500000,186030.760328,0.021448151414,27.073427283,166.859298626,18.731550697,315.126292033,379.977231765393
Saturn,Mimas,601,2460816.000000,186001.321617,0.017410393309,26.996741163,166.984825204,24.428883443,206.312987266,380.067444690636
Saturn,Mimas,601,2460819.500000,186015.124044,0.019533091432,26.928718735,167.134960870,38.490385507,89.124889757,380.025143649871
Saturn,Mimas,601,2460823.000000,186038.062677,0.022392044121,26.858651183,167.285109911,33.113032455,351.351229250,379.954859734778
Saturn,Mimas,601,2460826.500000,186008.837646,0.018698504946,26.800843347,167.446862906,30.686070444,250.621947870,380.044408937536
Saturn,Mimas,601,2460830.000000,186004.179458,0.017939680816,26.739942717,167.623343937,46.348439837,131.813739955,380.058685466711
Saturn,Mimas,601,2460833.500000,186035.358667,0.022084941198,26.690622889,167.796482623,47.850924424,27.151500193,379.963143689199
Saturn,Mimas,601,2460837.000000,186022.106795,0.020519669006,26.642807591,167.991549072,40.350961167,291.457931406,380.003746223352
Saturn,Mimas,601,2460840.500000,185999.447877,0.017259892992,26.600901996,168.176946388,51.117070678,177.534998668,380.073187849286
Saturn,Mimas,601,2460844.000000,186023.420239,0.020691705005,26.566879425,168.385025010,61.037342846,64.435479649,379.999721626751
Saturn,Mimas,601,2460847.500000,186034.462808,0.021984495347,26.534032412,168.582845915,53.242768663,329.034560540,379.965888293418
Saturn,Mimas,601,2460851.000000,186002.297708,0.017838770580,26.513936572,168.793701134,55.622599354,223.462988545,380.064452955479
Saturn,Mimas,601,2460854.500000,186010.584523,0.018908232067,26.491970358,169.007050247,71.034266795,104.874096967,380.039055297699
Saturn,Mimas,601,2460858.000000,186037.676299,0.022434787930,26.483785330,169.216522519,67.826198016,4.882961591,379.956043418425
Saturn,Mimas,601,2460861.500000,186014.199740,0.019362674435,26.475709072,169.438413704,62.883861216,266.611990194,380.027976166594
Saturn,Mimas,601,2460865.000000,186001.458392,0.017529249559,26.477291614,169.646246058,77.339659067,148.980775063,380.067025470759
Saturn,Mimas,601,2460868.500000,186031.395085,0.021640218201,26.484365990,169.870542516,82.096225047,41.021498194,379.975286986116
Saturn,Mimas,601,2460872.000000,186027.921144,0.021121701701,26.495197385,170.075457734,73.900624595,306.012460566,379.985930695681
Saturn,Mimas,601,2460875.500000,185999.699816,0.017274076250,26.517443252,170.292331720,81.629553096,195.089949281,380.072415628785
Saturn,Mimas,601,2460879.000000,186019.389094,0.019950437472,26.538696169,170.498342213,94.240945148,79.298294263,380.012073907993
Saturn,Mimas,601,2460882.500000,186036.571938,0.022225556244,26.573527001,170.700283464,87.634613120,342.700905397,379.959426698861
Saturn,Mimas,601,2460886.000000,186007.626163,0.018242103278,26.606756032,170.903465711,86.971582638,240.168360787,380.048121834575
Saturn,Mimas,601,2460889.500000,186007.125937,0.018181821397,26.651649459,171.089773535,102.978308187,121.000634934,380.049654921424
Saturn,Mimas,601,2460893.000000,186037.605617,0.022153924633,26.698225838,171.284154598,102.492869744,18.294969095,379.956259954802
Saturn,Mimas,601,2460896.500000,186020.452496,0.019921936050,26.750343051,171.453129048,95.772403678,281.836789934,380.008815353660
Saturn,Mimas,601,2460900.000000,186001.399801,0.017158544369,26.810649587,171.631482154,108.362697205,166.084293298,380.067205054832
Saturn,Mimas,601,2460903.500000,186028.151253,0.020935866386,26.870340891,171.787667232,116.448332017,54.849824261,379.985225656347
Saturn,Mimas,601,2460907.000000,186032.673307,0.021479867955,26.941224458,171.941108882,108.236627314,319.889192370,379.971370805874
Saturn,Mimas,601,2460910.500000,186003.780308,0.017340068565,27.008761511,172.084787199,112.883949860,212.096278241,380.059908832601
Saturn,Mimas,601,2460914.000000,186015.188303,0.019112153835,27.087857886,172.212073144,127.704460512,94.155271378,380.024946729615
Saturn,Mimas,601,2460917.500000,186039.776603,0.022197445777,27.164198243,172.339155788,122.953874902,355.759545326,379.949609141082
Saturn,Mimas,601,2460921.000000,186013.370952,0.018648906489,27.247086373,172.439163356,119.711670455,255.880510471,380.030516008331
Saturn,Mimas,601,2460924.500000,186005.794741,0.017516827791,27.333347617,172.545332764,135.435292692,137.051497077,380.053734807541
Saturn,Mimas,601,2460928.000000,186035.578418,0.021669420378,27.419143524,172.622875402,138.079499685,31.310924425,379.962470452284
Saturn,Mimas,601,2460931.500000,186026.179354,0.020393631175,27.512228630,172.700404945,130.318243527,295.959185418,379.991267502470
Saturn,Mimas,601,2460935.000000,186002.483625,0.016920172405,27.600508958,172.759346555,140.562410978,182.643447037,380.063883119124
Saturn,Mimas,601,2460938.500000,186024.689099,0.020164183208,27.698293260,172.805999770,151.684291278,68.459843592,379.995833710320
Saturn,Mimas,601,2460942.000000,186037.618981,0.021727678610,27.789264366,172.845701396,144.191949761,332.869814838,379.956219013015
Saturn,Mimas,601,2460945.500000,186007.498972,0.017584644054,27.887006422,172.860993917,145.944618812,228.069654132,380.048511649040
Saturn,Mimas,601,2460949.000000,186012.852035,0.018361362470,27.982578968,172.879406788,162.140784294,108.841660651,380.032106257075
Saturn,Mimas,601,2460952.500000,186039.822001,0.022038795575,28.077929957,172.868317543,159.732741469,8.219326412,379.949470066296
Saturn,Mimas,601,2460956.000000,186018.621184,0.019165601821,28.175850730,172.860508522,154.444785087,270.468046029,380.014427021316
Saturn,Mimas,601,2460959.500000,186004.000831,0.017098437499,28.268119152,172.828564844,169.051870941,152.869690421,380.059232945176
Saturn,Mimas,601,2460963.000000,186033.109193,0.021177707061,28.366495084,172.791300350,174.889615161,44.035808142,379.970035365608
Saturn,Mimas,601,2460966.500000,186031.456145,0.020905067968,28.455197715,172.742129770,166.740477169,309.178585068,379.975099912764
Saturn,Mimas,601,2460970.000000,186003.903957,0.016982900454,28.550085396,172.674719502,174.203727736,198.746986605,380.059529857276
Saturn,Mimas,601,2460973.500000,186020.884966,0.019520146828,28.637500063,172.607743440,187.822137262,82.168527699,380.007490161546
Saturn,Mimas,601,2460977.000000,186039.074296,0.021996033735,28.725338335,172.515326507,181.721706417,345.305237775,379.951760637066
Saturn,Mimas,601,2460980.500000,186010.583833,0.018100117309,28.810757675,172.428868168,180.750365718,243.316956230,380.039057411057
Saturn,Mimas,601,2460984.000000,186008.272077,0.017863861887,28.890651186,172.316592035,197.245194433,123.906998508,380.046142261818
Saturn,Mimas,601,2460987.500000,186039.048996,0.021927841740,28.972487242,172.207198715,197.573551848,20.641461106,379.951838143854
Saturn,Mimas,601,2460991.000000,186021.899481,0.019891909247,29.043462126,172.082446773,190.845368310,284.436252417,380.004381470761
Saturn,Mimas,601,2460994.500000,186002.605576,0.017006208476,29.119187092,171.948156372,203.429046237,168.956303057,380.063509342501
Saturn,Mimas,601,2460998.000000,186028.638374,0.020744717080,29.183480289,171.811830376,212.315941406,57.172867315,379.983733155276
Saturn,Mimas,601,2461001.500000,186034.057652,0.021519526104,29.249069563,171.657676478,204.398761566,322.184179043,379.967129560816
Saturn,Mimas,601,2461005.000000,186004.354238,0.017392981112,29.307527207,171.510729704,208.777751419,214.913232280,380.058149782663
Saturn,Mimas,601,2461008.500000,186014.663572,0.019029978128,29.361693999,171.340418828,224.133982493,96.700997926,380.026554753962
Saturn,Mimas,601,2461012.000000,186039.850508,0.022262562518,29.413545920,171.180351394,220.009133153,357.936569023,379.949382736853
Saturn,Mimas,601,2461015.500000,186012.559006,0.018854080465,29.455068821,171.003221828,216.576347056,258.497160917,380.033004264354
Saturn,Mimas,601,2461019.000000,186004.678599,0.017585418097,29.499127335,170.826492634,232.262328364,139.964026593,380.057155646801
Saturn,Mimas,601,2461022.500000,186034.422298,0.021773595555,29.529910632,170.645573354,235.672493638,33.698776563,379.966012403148
Saturn,Mimas,601,2461026.000000,186025.926487,0.020711430915,29.562755556,170.456304094,228.036467539,298.471510381,379.992042290904
Saturn,Mimas,601,2461029.500000,186000.502174,0.017154744167,29.584711913,170.274043384,237.804016768,185.860590329,380.069956328047
Saturn,Mimas,601,2461033.000000,186022.462848,0.020289532763,29.604491429,170.074599246,249.474200694,71.364015465,380.002655213886
Saturn,Mimas,601,2461036.500000,186036.147491,0.022095829068,29.618203376,169.890663806,242.476865560,335.497371098,379.960727033265
Saturn,Mimas,601,2461040.000000,186004.880817,0.017999260975,29.623610212,169.689921455,243.775421245,231.364514112,380.056535867149
Saturn,Mimas,601,2461043.500000,186009.256820,0.018555706338,29.628908888,169.499453739,259.944205009,112.371861723,380.043124287367
Saturn,Mimas,601,2461047.000000,186037.822656,0.022354642760,29.621470606,169.303123799,258.301450881,11.173824336,379.955595047641
Saturn,Mimas,601,2461050.500000,186017.025164,0.019676321137,29.616415557,169.108661404,252.782150264,273.844743852,380.019317799518
Saturn,Mimas,601,2461054.000000,186000.876915,0.017403451685,29.598296786,168.919893317,266.766720477,157.034639816,380.068807722746
Saturn,Mimas,601,2461057.500000,186029.782280,0.021405658959,29.580668279,168.722818229,273.437760503,47.538139637,379.980228352839
Saturn,Mimas,601,2461061.000000,186029.537261,0.021416383300,29.554150886,168.543674651,265.452173108,312.660707818,379.980979059011
Saturn,Mimas,601,2461064.500000,186000.613471,0.017416322713,29.522523158,168.350636647,271.992051327,203.291121641,380.069615195515
Saturn,Mimas,601,2461068.000000,186016.281177,0.019693018561,29.488155647,168.176223676,285.955412609,86.491924078,380.021597677579
Saturn,Mimas,601,2461071.500000,186037.468611,0.022411457628,29.443807258,167.995015352,280.535919651,349.056581116,379.956679678868
Saturn,Mimas,601,2461075.000000,186009.011200,0.018614944045,29.401535108,167.825635645,278.853151265,247.879801213,380.043877042352
Saturn,Mimas,601,2461078.500000,186004.251687,0.018030817850,29.346193328,167.659939528,294.906069911,128.984816933,380.058464092431
Saturn,Mimas,601,2461082.000000,186035.834923,0.022144003287,29.293972224,167.496341496,296.200289970,24.829233473,379.961684618631
Saturn,Mimas,601,2461085.500000,186021.128909,0.020395252778,29.231398769,167.350238525,289.169698015,288.970556258,380.006742663923
Saturn,Mimas,601,2461089.000000,185999.605561,0.017247707002,29.167596441,167.195828144,300.716633159,174.567949288,380.072704529396
Saturn,Mimas,601,2461092.500000,186024.377015,0.020770971057,29.099054547,167.065479995,310.457520782,61.946481755,379.996789961095
Saturn,Mimas,601,2461096.000000,186034.221772,0.021874643162,29.024874828,166.928691065,302.797219579,326.705740229,379.966626748579
Saturn,Mimas,601,2461099.500000,186002.954171,0.017712319382,28.951949840,166.812405432,306.023077516,220.577311341,380.062440904896
Saturn,Mimas,601,2461103.000000,186011.301084,0.018953948319,28.868309997,166.697601394,321.623516076,102.088577741,380.036859295988
Saturn,Mimas,601,2461106.500000,186038.756773,0.022377267711,28.789940494,166.594904386,318.269023556,2.517789619,379.952733366827
Saturn,Mimas,601,2461110.000000,186013.364831,0.019166888133,28.701305586,166.507201588,313.967443214,263.877258838,380.030534767020
Saturn,Mimas,601,2461113.500000,186002.602022,0.017495668961,28.615588165,166.418708745,329.022010827,145.906224789,380.063520233854
Saturn,Mimas,601,2461117.000000,186031.982964,0.021620004682,28.524208804,166.355927804,333.463955500,38.512232937,379.973485852413
Saturn,Mimas,601,2461120.500000,186028.241417,0.020900323315,28.432212022,166.288261265,325.542976108,303.464615398,379.984949398274
Saturn,Mimas,601,2461124.000000,186000.538596,0.017133434485,28.340630980,166.247555535,334.127639390,191.910370868,380.069844692687
Saturn,Mimas,601,2461127.500000,186020.790677,0.019963709148,28.242646660,166.205907444,346.618650840,76.452882959,380.007779083457
Saturn,Mimas,601,2461131.000000,186037.417440,0.022062802971,28.151331119,166.184583603,339.907231892,340.153271375,379.956836444838
Saturn,Mimas,601,2461134.500000,186007.105089,0.018018831069,28.051386564,166.174072243,339.987480781,237.062154075,380.049718818773
Saturn,Mimas,601,2461138.000000,186008.642601,0.018167807278,27.958321011,166.170749456,356.281435165,117.769005171,380.045006699511
Saturn,Mimas,601,2461141.500000,186038.125953,0.022066018222,27.859809835,166.190567916,355.395431907,15.610610234,379.954665887787
Saturn,Mimas,601,2461145.000000,186020.139258,0.019656778098,27.765755756,166.208025954,349.095975450,278.859115740,380.009775195066
Saturn,Mimas,601,2461148.500000,186001.532698,0.017065841697,27.671479220,166.255245000,2.383869134,162.520942587,380.066797722362
Saturn,Mimas,601,2461152.000000,186029.981003,0.020935794133,27.576306272,166.298789228,9.960552460,51.888175454,379.979619491570
Saturn,Mimas,601,2461155.500000,186032.530600,0.021261014482,27.488267828,166.367717882,1.733018617,317.011625634,379.971808023715
Saturn,Mimas,601,2461159.000000,186003.710353,0.017158244802,27.394719241,166.441798958,7.167716949,208.487796253,380.060123241956
Saturn,Mimas,601,2461162.500000,186017.166657,0.019144418178,27.311186075,166.529596285,21.773449486,90.791747885,380.018884209659
Saturn,Mimas,601,2461166.000000,186039.245909,0.022067749656,27.223342591,166.633785305,16.597073638,352.835486840,379.951234904604
Saturn,Mimas,601,2461169.500000,186012.453027,0.018417561684,27.144403697,166.738426079,13.890821242,252.411943173,380.033329045105
Saturn,Mimas,601,2461173.000000,186006.196756,0.017540520244,27.065006984,166.870667917,29.869976670,133.300870911,380.052502692991
Saturn,Mimas,601,2461176.500000,186036.874914,0.021682604663,26.990259164,166.996022927,31.771974363,28.256036694,379.958498508052
Saturn,Mimas,601,2461180.000000,186024.642014,0.020184016505,26.922200877,167.147732267,24.138622724,292.709022344,379.995977981601
Saturn,Mimas,601,2461183.500000,186002.736669,0.016867360703,26.852673215,167.297505937,34.992741598,178.701525640,380.063107543622
Saturn,Mimas,601,2461187.000000,186025.824701,0.020275293221,26.794846172,167.464240128,45.368724241,65.154726123,379.992354167951
Saturn,Mimas,601,2461190.500000,186036.242564,0.021626834607,26.734353861,167.637355072,37.546174930,329.775866679,379.960435766339
Saturn,Mimas,601,2461194.000000,186005.786355,0.017479221154,26.686077557,167.812996101,39.896924637,224.238703053,380.053760508988
Saturn,Mimas,601,2461197.500000,186012.924382,0.018514615050,26.637173540,168.008732993,55.711135589,105.236907138,380.031884544225
Saturn,Mimas,601,2461201.000000,186039.654332,0.022078483212,26.597448044,168.194012848,52.545753524,5.199479246,379.949983714704
Saturn,Mimas,601,2461204.500000,186016.024924,0.019041853727,26.563099580,168.402399857,47.560197599,266.958534439,380.022382944738
Saturn,Mimas,601,2461208.000000,186004.464238,0.017214861608,26.531419998,168.600595706,62.330353101,148.998575653,380.057812642087
Saturn,Mimas,601,2461211.500000,186032.881023,0.021346582896,26.511188805,168.815185464,67.180202331,40.934856809,379.970734417452
Saturn,Mimas,601,2461215.000000,186029.439039,0.020844112785,26.489899731,169.024442454,58.858177413,306.028587249,379.981279998419
Saturn,Mimas,601,2461218.500000,186001.788978,0.017031244836,26.482528547,169.237121923,66.736283744,194.942675718,380.066012217637
Saturn,Mimas,601,2461222.000000,186021.024032,0.019755809356,26.473999315,169.457995784,79.512912128,78.958820567,380.007064030263
Saturn,Mimas,601,2461225.500000,186037.381108,0.022042945572,26.477422192,169.665589133,72.825597527,342.426671994,379.956947748486
Saturn,Mimas,601,2461229.000000,186008.339857,0.018083314611,26.484015503,169.889451401,72.219418130,239.808882234,380.045934531629
Saturn,Mimas,601,2461232.500000,186008.018679,0.018089083724,26.496723271,170.095074294,88.309224274,120.532869674,380.046918865420
Saturn,Mimas,601,2461236.000000,186037.619821,0.022100774915,26.518396005,170.313601257,87.705478804,17.919996024,379.956216441370
Saturn,Mimas,601,2461239.500000,186020.271268,0.019875889718,26.540419966,170.515704357,81.022198609,281.394247370,380.009370682266
Saturn,Mimas,601,2461243.000000,186000.735253,0.017163902189,26.575922173,170.721171408,93.700089109,165.532744921,380.069241925557
Saturn,Mimas,601,2461246.500000,186028.716751,0.020990156352,26.609233721,170.921299799,101.625216581,54.424510750,379.983493014363
Saturn,Mimas,601,2461250.000000,186031.788821,0.021544724266,26.655217821,171.107559888,93.361579369,319.494358193,379.974080661652
Saturn,Mimas,601,2461253.500000,186002.228981,0.017457033271,26.701437946,171.300870046,98.034508857,211.641599859,380.064663603269
Saturn,Mimas,601,2461257.000000,186013.992292,0.019280189180,26.755836399,171.470617706,112.684541466,93.848491652,380.028611893151
Saturn,Mimas,601,2461260.500000,186038.391880,0.022371536216,26.814935941,171.648556253,107.845198996,355.512174396,379.953851217416
Saturn,Mimas,601,2461264.000000,186011.172674,0.018846727559,26.875525530,171.801765459,104.589847914,255.617164857,380.037252823683
Saturn,Mimas,601,2461267.500000,186003.543772,0.017765580210,26.946875741,171.958127574,120.073464000,137.005311954,380.060633802767
Saturn,Mimas,601,2461271.000000,186034.817783,0.021953370360,27.014754507,172.097421721,122.624182605,31.328764773,379.964800767035
Saturn,Mimas,601,2461274.500000,186023.672961,0.020690535705,27.094142200,172.225204187,114.896730099,295.924766028,379.998947257559
Saturn,Mimas,601,2461278.000000,185999.714184,0.017232443066,27.170458342,172.350300502,124.828617820,182.889943908,380.072371588954
Saturn,Mimas,601,2461281.500000,186021.927183,0.020480658073,27.255460857,172.451099628,135.711782437,68.926818748,380.004296586766
Saturn,Mimas,601,2461285.000000,186035.263626,0.022102860070,27.339990558,172.555622772,128.283959249,333.246081235,379.963434860573
Saturn,Mimas,601,2461288.500000,186003.789665,0.017976010021,27.426949076,172.631219786,129.851260418,228.611421701,380.059880155273
Saturn,Mimas,601,2461292.000000,186009.296927,0.018709549761,27.520018836,172.710364954,145.652643542,109.756908734,380.043001371368
Saturn,Mimas,601,2461295.500000,186038.575464,0.022423141233,27.608656302,172.764822736,143.338639006,9.015966771,379.953288804344
Saturn,Mimas,601,2461299.000000,186015.262107,0.019600247958,27.706148620,172.812578056,137.930928651,271.370016821,380.024720558992
Saturn,Mimas,601,2461302.500000,186000.800206,0.017466828647,27.797476656,172.849050860,152.011582270,154.272629011,380.069042841032
Saturn,Mimas,601,2461306.000000,186029.721360,0.021506559114,27.896622142,172.865612381,157.960509416,45.314579020,379.980415004248
Saturn,Mimas,601,2461309.500000,186029.229655,0.021324682183,27.990257189,172.881876096,149.828985856,310.414872602,379.981921528500
Saturn,Mimas,601,2461313.000000,185999.983825,0.017362135011,28.087065252,172.869660634,156.746334380,200.513316531,380.071545111214
Saturn,Mimas,601,2461316.500000,186017.916710,0.019782411147,28.184201452,172.861897533,170.253288450,84.025523913,380.016585768715
Saturn,Mimas,601,2461320.000000,186037.434235,0.022349556404,28.276845440,172.826665464,164.396295507,346.899167658,379.956784991023
Saturn,Mimas,601,2461323.500000,186008.601536,0.018470313414,28.374541126,172.790668025,163.021820880,245.297790587,380.045132553079
Saturn,Mimas,601,2461327.000000,186005.574268,0.018056694693,28.463907335,172.737159410,179.117532589,126.261371560,380.054410526435
Saturn,Mimas,601,2461330.500000,186036.302893,0.022130007754,28.559133792,172.671964841,179.821168004,22.607021053,379.960250941128
Saturn,Mimas,601,2461334.000000,186021.239260,0.020211474693,28.644903328,172.602698725,172.895900287,286.572986174,380.006404523859
Saturn,Mimas,601,2461337.500000,186000.159267,0.017180898595,28.734223626,172.509778099,184.896899013,171.658757310,380.071007365946
Saturn,Mimas,601,2461341.000000,186026.436236,0.020793802359,28.818100747,172.421996620,194.146119917,59.485570640,379.990480412937
Saturn,Mimas,601,2461344.500000,186033.688723,0.021707118676,28.898401670,172.308441840,186.317108352,324.387540137,379.968259846947
Saturn,Mimas,601,2461348.000000,186004.078553,0.017534686370,28.979300084,172.199703783,190.107740934,217.682841627,380.058994734767
Saturn,Mimas,601,2461351.500000,186013.068325,0.018959269749,29.051131095,172.070372880,205.614538084,99.292217020,380.031443423664
Saturn,Mimas,601,2461355.000000,186039.348779,0.022270040801,29.126184956,171.939243412,201.851221617,0.146271678,379.950919763967
Saturn,Mimas,601,2461358.500000,186013.804959,0.018930738352,29.189417655,171.800575439,197.983718067,261.109241672,380.029185979364
Saturn,Mimas,601,2461362.000000,186004.075931,0.017447806909,29.256072271,171.646441271,213.478156977,142.746239798,380.059002768756
Saturn,Mimas,601,2461365.500000,186034.008474,0.021589134307,29.312617380,171.497507488,217.434290295,35.903145959,379.967280227296
Saturn,Mimas,601,2461369.000000,186027.216992,0.020661817336,29.367284079,171.327774367,209.643510862,300.805681045,379.988088186868
Saturn,Mimas,601,2461372.500000,186002.569938,0.016986579046,29.417886766,171.167299231,218.990116389,188.586096411,380.063618571121
Saturn,Mimas,601,2461376.000000,186022.218360,0.019978182714,29.460354412,170.986497809,231.212462611,73.509077485,380.003404369575
Saturn,Mimas,601,2461379.500000,186037.972736,0.021894658033,29.503127867,170.813430191,224.334586464,337.498870872,379.955135274404
Saturn,Mimas,601,2461383.000000,186007.809646,0.017799327800,29.533455863,170.629941168,225.175860428,233.789288036,380.047559501925
Saturn,Mimas,601,2461386.500000,186010.643042,0.018177960964,29.566570007,170.441508914,241.694808373,114.423859787,380.038875957999
Saturn,Mimas,601,2461390.000000,186038.887057,0.022010940127,29.586808413,170.257265807,240.404814222,12.840246067,379.952334242464
Saturn,Mimas,601,2461393.500000,186019.452784,0.019424636154,29.607125055,170.059614406,234.626294610,275.748916014,380.011878740985
Saturn,Mimas,601,2461397.000000,186003.390898,0.017022585981,29.619220137,169.873997054,248.647526082,158.874491862,380.061102353205
Saturn,Mimas,601,2461400.500000,186030.826134,0.020986529365,29.625676127,169.671575936,255.790189570,48.884320553,379.977030146040
Saturn,Mimas,601,2461404.000000,186032.796732,0.021099120849,29.629503565,169.484556229,247.731848295,314.058616790,379.970992661679
Saturn,Mimas,601,2461407.500000,186003.251146,0.017063584209,29.622044622,169.285567205,254.140102342,204.796819308,380.061530688192
Saturn,Mimas,601,2461411.000000,186018.663872,0.019266054252,29.616322614,169.092870401,268.641744695,87.446884644,380.014296210736
Saturn,Mimas,601,2461414.500000,186038.968552,0.022023769811,29.597249862,168.902518676,263.284029940,349.928469786,379.952084583035
Saturn,Mimas,601,2461418.000000,186011.640978,0.018274380930,29.579945064,168.707750071,261.413283603,248.932186226,380.035817647460
Saturn,Mimas,601,2461421.500000,186007.150684,0.017647142060,29.551576035,168.526068912,277.827023565,129.663543152,380.049579076672
Saturn,Mimas,601,2461425.000000,186037.253238,0.021776185277,29.521117447,168.333722347,279.315916578,25.311394462,379.957339487955
Saturn,Mimas,601,2461428.500000,186023.822643,0.020074901549,29.485423393,168.161724188,272.205134112,289.528871831,379.998488612657
Saturn,Mimas,601,2461432.000000,186001.849153,0.016918031276,29.441232453,167.978342024,283.915161005,174.963165131,380.065827779551
Saturn,Mimas,601,2461435.500000,186026.710658,0.020470026405,29.397612867,167.811533845,293.915321485,62.091753477,379.989639584676
Saturn,Mimas,601,2461439.000000,186034.678398,0.021614014137,29.342272675,167.644820948,286.246009951,326.864786575,379.965227797281
Saturn,Mimas,601,2461442.500000,186004.707037,0.017471068458,29.289934964,167.483531799,289.551964166,220.676856301,380.057068487141
Saturn,Mimas,601,2461446.000000,186012.936955,0.018740840114,29.225601491,167.334647479,305.376666888,101.976793856,380.031846013757
Saturn,Mimas,601,2461449.500000,186039.627123,0.022187684387,29.163096535,167.182871688,302.000621041,2.455649643,379.950067068113
Saturn,Mimas,601,2461453.000000,186014.204140,0.019017248508,29.093456994,167.053762767,297.746587034,263.792299401,380.027962684542
Saturn,Mimas,601,2461456.500000,186003.256518,0.017397237070,29.019490568,166.915897993,313.029294495,145.627365845,380.061514223081
Saturn,Mimas,601,2461460.000000,186032.931120,0.021553532195,28.945008687,166.802474195,317.495653072,38.247248107,379.970580933495
Saturn,Mimas,601,2461463.500000,186026.963918,0.020846365653,28.862171842,166.686999177,309.586938387,303.226193254,379.988863600985
Saturn,Enceladus,602,2460735.500000,238412.451825,0.004688097512,28.050086708,169.537309719,338.215528747,281.754257770,261.903523970618
Saturn,Enceladus,602,2460739.000000,238410.327068,0.004582836090,28.050321045,169.537255051,18.046138139,81.482765824,261.907025176097
Saturn,Enceladus,602,2460742.500000,238413.611060,0.005529630034,28.050489773,169.537229400,345.730963661,313.352534361,261.901613797333
Saturn,Enceladus,602,2460746.000000,238410.766087,0.003630309244,28.050646865,169.537061280,18.130838478,120.510012178,261.906301747946
Saturn,Enceladus,602,2460749.500000,238413.775378,0.006125766649,28.050823180,169.537106213,356.275111835,341.927090146,261.901343037808
Saturn,Enceladus,602,2460753.000000,238408.098372,0.003065810341,28.051043000,169.536931585,6.017331790,171.742613465,261.910697740114
Saturn,Enceladus,602,2460756.500000,238416.167923,0.006186046418,28.051249034,169.536882145,8.258260839,9.057768030,261.897400714599
Saturn,Enceladus,602,2460760.000000,238407.090587,0.003357001655,28.051406155,169.536887911,352.622365681,224.254257542,261.912358448825
Saturn,Enceladus,602,2460763.500000,238414.356278,0.005797819499,28.051557556,169.536730619,18.991214341,37.443752059,261.900385848757
Saturn,Enceladus,602,2460767.000000,238409.994078,0.004261463442,28.051744007,169.536507414,347.979136784,268.011984990,261.907573890086
Saturn,Enceladus,602,2460770.500000,238412.936829,0.004958631628,28.051905014,169.536458591,27.652876440,67.900996718,261.902724784309
Saturn,Enceladus,602,2460774.000000,238412.484436,0.005226912350,28.052109388,169.536332509,353.954619561,301.152032481,261.903470234127
Saturn,Enceladus,602,2460777.500000,238409.887055,0.003998135303,28.052252821,169.536162748,30.810110633,103.857625031,261.907750245806
Saturn,Enceladus,602,2460781.000000,238416.109108,0.005920114795,28.052408739,169.535882498,3.250890763,330.971934998,261.897497625956
Saturn,Enceladus,602,2460784.500000,238407.391003,0.003179696663,28.052564077,169.535803841,23.731260706,150.051973751,261.911863397040
Saturn,Enceladus,602,2460788.000000,238416.477755,0.006234676689,28.052777257,169.535582437,15.079741947,358.260713446,261.896890195670
Saturn,Enceladus,602,2460791.500000,238406.540717,0.003171130846,28.052924853,169.535420959,8.215079127,204.681926033,261.913264576953
Saturn,Enceladus,602,2460795.000000,238414.509384,0.006004543384,28.053070794,169.535338059,26.092396895,26.367061513,261.900133566507
Saturn,Enceladus,602,2460798.500000,238410.301405,0.003859273599,28.053183031,169.535033820,359.898131650,252.115487891,261.907067465169
Saturn,Enceladus,602,2460802.000000,238411.588096,0.005358735426,28.053366680,169.534706328,36.434802069,55.138148211,261.904947226655
Saturn,Enceladus,602,2460805.500000,238412.814418,0.004880798189,28.053495842,169.534572962,2.640657463,288.491411395,261.902926491521
Saturn,Enceladus,602,2460809.000000,238410.788733,0.004370106278,28.053650687,169.534371660,41.960074150,88.730092954,261.906264430998
Saturn,Enceladus,602,2460812.500000,238413.393631,0.005679771967,28.053751586,169.534079775,10.815701612,319.429680093,261.901972072308
Saturn,Enceladus,602,2460816.000000,238409.492018,0.003481747914,28.053893546,169.533698282,39.669334241,130.132750673,261.908401206895
Saturn,Enceladus,602,2460819.500000,238416.285985,0.006202958137,28.054026638,169.533553741,21.801424636,347.562201963,261.897206180523
Saturn,Enceladus,602,2460823.000000,238407.552094,0.003057188966,28.054177919,169.533299301,25.706355518,183.214303503,261.911597938734
Saturn,Enceladus,602,2460826.500000,238414.446294,0.006129833698,28.054270323,169.533020441,33.666352041,14.809560410,261.900237524213
Saturn,Enceladus,602,2460830.000000,238408.577788,0.003513084671,28.054377370,169.532874175,13.780523356,234.256219689,261.909907724740
Saturn,Enceladus,602,2460833.500000,238413.447175,0.005662573951,28.054470740,169.532461482,44.094403015,43.500531946,261.901883842996
Saturn,Enceladus,602,2460837.000000,238410.258225,0.004464165204,28.054619212,169.532114290,11.745699318,275.403969603,261.907138619003
Saturn,Enceladus,602,2460840.500000,238414.038876,0.004763500182,28.054715888,169.531887010,52.224348263,74.488303313,261.900908853379
Saturn,Enceladus,602,2460844.000000,238412.512566,0.005410408198,28.054813833,169.531642047,18.840295875,307.425920408,261.903423881090
Saturn,Enceladus,602,2460847.500000,238408.270528,0.003815260828,28.054871760,169.531255037,53.146926070,112.678438392,261.910414048758
Saturn,Enceladus,602,2460851.000000,238417.310017,0.006026194373,28.054998116,169.530831888,28.614559061,336.765640744,261.895518860219
Saturn,Enceladus,602,2460854.500000,238407.091797,0.003096226559,28.055076417,169.530638836,44.019492391,160.921986687,261.912356455899
Saturn,Enceladus,602,2460858.000000,238416.351038,0.006225986455,28.055177817,169.530324048,40.540004497,3.957240856,261.897098989687
Saturn,Enceladus,602,2460861.500000,238408.118446,0.003269032188,28.055210217,169.529988071,28.398357666,215.655335022,261.910664660386
Saturn,Enceladus,602,2460865.000000,238413.297103,0.005895951706,28.055281902,169.529755983,51.494850255,32.122744231,261.902131129363
Saturn,Enceladus,602,2460868.500000,238409.776586,0.004058124269,28.055347732,169.529284199,23.046211451,260.123810290,261.907932282324
Saturn,Enceladus,602,2460872.000000,238412.169805,0.005188209053,28.055438585,169.528906760,61.250576399,61.477863531,261.903988682963
Saturn,Enceladus,602,2460875.500000,238413.889698,0.005085112245,28.055507265,169.528674426,27.005718308,295.282452540,261.901154665204
Saturn,Enceladus,602,2460879.000000,238409.276360,0.004170480797,28.055526989,169.528355552,65.270112230,96.576369813,261.908756578304
Saturn,Enceladus,602,2460882.500000,238415.777511,0.005823339450,28.055550011,169.527876360,36.012888002,325.388685198,261.898044009840
Saturn,Enceladus,602,2460886.000000,238408.625328,0.003341381220,28.055621204,169.527474466,60.632202298,140.325364457,261.909829386574
Saturn,Enceladus,602,2460889.500000,238414.280162,0.006227692271,28.055662780,169.527228899,47.273052266,353.245215970,261.900511270611
Saturn,Enceladus,602,2460893.000000,238408.869469,0.003079738864,28.055682411,169.526930347,45.582110660,194.493683887,261.909427075196
Saturn,Enceladus,602,2460896.500000,238414.699007,0.006067480708,28.055659200,169.526476791,59.164156882,20.467511697,261.899821113866
Saturn,Enceladus,602,2460900.000000,238408.165002,0.003697254868,28.055689808,169.526234423,35.791744916,243.399196672,261.910587941704
Saturn,Enceladus,602,2460903.500000,238413.963496,0.005523469859,28.055712914,169.525765962,69.268721540,49.481060035,261.901033062851
Saturn,Enceladus,602,2460907.000000,238410.528768,0.004676263834,28.055749370,169.525436435,35.803588309,282.501531238,261.906692808872
Saturn,Enceladus,602,2460910.500000,238412.490541,0.004559867411,28.055763524,169.525192062,76.127944498,81.738635180,261.903460173284
Saturn,Enceladus,602,2460914.000000,238414.379270,0.005577746761,28.055719443,169.524815228,43.666055310,313.753882018,261.900347963784
Saturn,Enceladus,602,2460917.500000,238408.446130,0.003635921397,28.055704392,169.524369411,75.295455746,121.684853469,261.910124680175
Saturn,Enceladus,602,2460921.000000,238416.505520,0.006095191368,28.055723871,169.523992275,54.134554546,342.399425447,261.896844445664
Saturn,Enceladus,602,2460924.500000,238408.125444,0.003038372550,28.055718497,169.523756030,63.906303209,172.188874418,261.910653128719
Saturn,Enceladus,602,2460928.000000,238415.368940,0.006194455859,28.055661096,169.523416603,66.099822156,9.552509453,261.898717231147
Saturn,Enceladus,602,2460931.500000,238407.274434,0.003416131898,28.055615028,169.522978442,49.518448762,225.688976357,261.912055490736
Saturn,Enceladus,602,2460935.000000,238414.095377,0.005795190595,28.055591636,169.522741302,76.765379107,38.004991410,261.900815752549
Saturn,Enceladus,602,2460938.500000,238410.761969,0.004269472693,28.055594254,169.522312573,46.267734457,268.055969782,261.906308534321
Saturn,Enceladus,602,2460942.000000,238410.595299,0.004993245617,28.055550357,169.522023804,85.772642744,68.110000648,261.906583177345
Saturn,Enceladus,602,2460945.500000,238415.914198,0.005274493293,28.055521225,169.521788887,51.562296756,301.879463074,261.897818786909
Saturn,Enceladus,602,2460949.000000,238409.048052,0.003973663849,28.055426043,169.521427386,88.184265133,104.815586116,261.909132796391
Saturn,Enceladus,602,2460952.500000,238414.197592,0.005928031060,28.055381173,169.520959301,61.443513319,331.110398369,261.900647327248
Saturn,Enceladus,602,2460956.000000,238409.285977,0.003219310429,28.055342691,169.520671490,81.596604185,150.514057229,261.908740730597
Saturn,Enceladus,602,2460959.500000,238415.461169,0.006246084045,28.055292404,169.520436805,72.839344776,358.833404213,261.898565260260
Saturn,Enceladus,602,2460963.000000,238408.288487,0.003167802594,28.055190375,169.520125112,65.573015285,205.655249549,261.910384455099
Saturn,Enceladus,602,2460966.500000,238414.408486,0.006001773428,28.055091453,169.519670382,84.633372341,26.151366301,261.900299822590
Saturn,Enceladus,602,2460970.000000,238408.927058,0.003887530724,28.055044119,169.519473062,58.282771009,252.062274423,261.909332176815
Saturn,Enceladus,602,2460973.500000,238412.085037,0.005344009235,28.054991338,169.519152068,94.051814150,55.851194532,261.904128363269
Saturn,Enceladus,602,2460977.000000,238412.210021,0.004878229682,28.054881658,169.518892731,59.835764773,289.621877575,261.903922413718
Saturn,Enceladus,602,2460980.500000,238413.414000,0.004362788758,28.054806105,169.518725294,99.976112910,89.044268247,261.901938509179
Saturn,Enceladus,602,2460984.000000,238413.432187,0.005722340099,28.054677202,169.518330273,69.019608742,319.553842101,261.901908539974
Saturn,Enceladus,602,2460987.500000,238408.755031,0.003468323589,28.054602651,169.517984079,97.101613578,131.031621866,261.909615653484
Saturn,Enceladus,602,2460991.000000,238416.214113,0.006149248098,28.054490355,169.517763927,79.642140499,348.046491384,261.897324605999
Saturn,Enceladus,602,2460994.500000,238407.184104,0.003053156529,28.054422510,169.517583901,83.652749341,183.595996113,261.912204343098
Saturn,Enceladus,602,2460998.000000,238416.425051,0.006174175516,28.054257612,169.517290846,91.587905637,15.217219112,261.896977036585
Saturn,Enceladus,602,2461001.500000,238408.192593,0.003572215125,28.054157155,169.516927376,70.921458718,235.439974216,261.910542475494
Saturn,Enceladus,602,2461005.000000,238412.376705,0.005640602574,28.054072343,169.516801985,101.947427043,43.978068955,261.903647752796
Saturn,Enceladus,602,2461008.500000,238411.687465,0.004473544296,28.053970489,169.516568701,69.856032378,275.621463773,261.904783485071
Saturn,Enceladus,602,2461012.000000,238410.713265,0.004803427294,28.053808443,169.516379913,110.061943576,74.974929123,261.906388790031
Saturn,Enceladus,602,2461015.500000,238415.341754,0.005445618706,28.053696554,169.516240383,76.569795086,308.025121068,261.898762026151
Saturn,Enceladus,602,2461019.000000,238409.475407,0.003781149945,28.053566464,169.515931456,111.089149939,113.065048562,261.908428579376
Saturn,Enceladus,602,2461022.500000,238415.665874,0.006030708630,28.053453752,169.515678078,86.871992731,336.837895845,261.898227958751
Saturn,Enceladus,602,2461026.000000,238408.120344,0.003155798621,28.053311505,169.515521712,101.506332803,161.758271739,261.910661532308
Saturn,Enceladus,602,2461029.500000,238414.935042,0.006255173320,28.053207690,169.515434230,98.345800259,4.480916592,261.899432186234
Saturn,Enceladus,602,2461033.000000,238408.913458,0.003268407371,28.053032447,169.515177104,86.187864342,216.196080026,261.909354587240
Saturn,Enceladus,602,2461036.500000,238413.445686,0.005888077966,28.052907132,169.514914711,109.959346640,31.980859136,261.901886296948
Saturn,Enceladus,602,2461040.000000,238409.963084,0.004086853248,28.052798255,169.514842303,81.021860436,260.477542931,261.907624962811
Saturn,Enceladus,602,2461043.500000,238412.576576,0.005174638365,28.052660204,169.514747299,118.884003900,62.175182156,261.903318405542
Saturn,Enceladus,602,2461047.000000,238411.040468,0.005073748818,28.052458620,169.514564536,84.649101115,295.964555140,261.905849617032
Saturn,Enceladus,602,2461050.500000,238413.824004,0.004164420974,28.052326670,169.514500142,123.567381347,96.607949047,261.901262913270
Saturn,Enceladus,602,2461054.000000,238414.213879,0.005859410924,28.052183529,169.514265270,94.214600046,325.515862048,261.900620489438
Saturn,Enceladus,602,2461057.500000,238408.010080,0.003339917082,28.052060917,169.514150016,118.065498026,141.224283937,261.910843233878
Saturn,Enceladus,602,2461061.000000,238416.951193,0.006198555897,28.051863431,169.514075795,105.152221659,353.692477818,261.896110099804
Saturn,Enceladus,602,2461064.500000,238407.838105,0.003081933661,28.051750549,169.514047778,103.457239028,194.948598079,261.911126626727
Saturn,Enceladus,602,2461068.000000,238414.490093,0.006094513872,28.051558063,169.513862383,117.098370501,20.865223011,261.900165354856
Saturn,Enceladus,602,2461071.500000,238408.592894,0.003746671381,28.051421895,169.513740125,92.973384038,244.545164274,261.909882833125
Saturn,Enceladus,602,2461075.000000,238413.086522,0.005497892298,28.051304719,169.513759921,126.991187490,50.092043563,261.902478121491
Saturn,Enceladus,602,2461078.500000,238410.915899,0.004688156646,28.051118246,169.513744469,93.994088139,282.641380938,261.906054884927
Saturn,Enceladus,602,2461082.000000,238410.684684,0.004612955085,28.050908666,169.513616849,134.264380572,81.931266130,261.906435886570
Saturn,Enceladus,602,2461085.500000,238417.332732,0.005618216349,28.050761886,169.513640000,101.579209100,314.175790225,261.895481432001
Saturn,Enceladus,602,2461089.000000,238408.158456,0.003606493206,28.050639284,169.513528785,132.889746710,122.423247878,261.910598729450
Saturn,Enceladus,602,2461092.500000,238415.296329,0.006110552111,28.050484308,169.513554342,112.252579759,342.615947608,261.898836875448
Saturn,Enceladus,602,2461096.000000,238408.626321,0.003109248968,28.050267602,169.513525329,121.617584348,172.807738181,261.909827749039
Saturn,Enceladus,602,2461099.500000,238414.772370,0.006226290450,28.050154391,169.513618325,123.924992061,10.063160540,261.899700230342
Saturn,Enceladus,602,2461103.000000,238409.113814,0.003401583979,28.049970188,169.513516172,107.176080573,226.367540072,261.909024430499
Saturn,Enceladus,602,2461106.500000,238413.878618,0.005774467843,28.049831702,169.513524715,135.321383226,37.780700595,261.901172922732
Saturn,Enceladus,602,2461110.000000,238408.789047,0.004303849336,28.049701616,169.513611206,104.529584314,268.132000719,261.909559600012
Saturn,Enceladus,602,2461113.500000,238411.930107,0.004998598823,28.049505790,169.513673290,143.373169089,68.847359850,261.904383657875
Saturn,Enceladus,602,2461117.000000,238412.916608,0.005267724040,28.049298808,169.513635826,109.264813974,302.511506773,261.902758103034
Saturn,Enceladus,602,2461120.500000,238413.399740,0.003963427284,28.049169060,169.513695744,146.541972642,104.796142199,261.901962005702
Saturn,Enceladus,602,2461124.000000,238414.676893,0.005975766668,28.049047837,169.513741791,119.476911006,331.416743039,261.899857551788
Saturn,Enceladus,602,2461127.500000,238408.454327,0.003228062443,28.048873134,169.513860451,138.599542145,151.854071718,261.910111172585
Saturn,Enceladus,602,2461131.000000,238415.126688,0.006207946758,28.048655796,169.513912521,130.795637959,359.214037161,261.899116400122
Saturn,Enceladus,602,2461134.500000,238407.490359,0.003154926154,28.048536290,169.514063166,123.818734938,205.751193749,261.911699670509
Saturn,Enceladus,602,2461138.000000,238416.186883,0.006021602706,28.048378918,169.514061699,142.509332042,26.619288137,261.897369473365
Saturn,Enceladus,602,2461141.500000,238407.765115,0.003955171248,28.048222611,169.514198809,115.421395016,253.263095266,261.911246905399
Saturn,Enceladus,602,2461145.000000,238412.494121,0.005346091790,28.048111597,169.514362665,151.892433953,56.357616319,261.903454274878
Saturn,Enceladus,602,2461148.500000,238412.400446,0.004896346320,28.047896974,169.514508419,118.310949982,289.492247622,261.903608631204
Saturn,Enceladus,602,2461152.000000,238409.222344,0.004399804440,28.047719037,169.514522744,157.858394085,89.504224680,261.908845589218
Saturn,Enceladus,602,2461155.500000,238417.563072,0.005759905353,28.047602107,169.514692309,126.534545739,320.387327891,261.895101898365
Saturn,Enceladus,602,2461159.000000,238408.921427,0.003447064385,28.047478488,169.514875835,154.539280431,131.943028195,261.909341455401
Saturn,Enceladus,602,2461162.500000,238415.625109,0.006174450493,28.047288437,169.515108764,137.888059424,348.150621855,261.898295129098
Saturn,Enceladus,602,2461166.000000,238407.668883,0.003109532661,28.047089463,169.515208403,141.502437839,184.091608686,261.911405484585
Saturn,Enceladus,602,2461169.500000,238415.157097,0.006181927057,28.046992491,169.515430736,149.394814110,15.764163911,261.899066294107
Saturn,Enceladus,602,2461173.000000,238408.092341,0.003579013163,28.046852523,169.515571246,128.618651493,236.096675550,261.910707678798
Saturn,Enceladus,602,2461176.500000,238412.992495,0.005654653196,28.046691278,169.515812401,160.347698419,43.925369799,261.902633058798
Saturn,Enceladus,602,2461180.000000,238411.007827,0.004517962264,28.046602977,169.516075674,128.080643961,275.753015640,261.905903403790
Saturn,Enceladus,602,2461183.500000,238411.052615,0.004789885976,28.046408016,169.516257734,167.680511204,75.713220719,261.905829601265
Saturn,Enceladus,602,2461187.000000,238412.501127,0.005436156998,28.046274836,169.516394454,134.087169145,308.863012499,261.903442730202
Saturn,Enceladus,602,2461190.500000,238414.308965,0.003778096757,28.046171254,169.516635897,169.051721174,113.460177465,261.900463809986
Saturn,Enceladus,602,2461194.000000,238413.981309,0.006076734706,28.046062560,169.516954079,144.991356092,337.077348638,261.901003711383
Saturn,Enceladus,602,2461197.500000,238407.399548,0.003156468911,28.045875976,169.517242014,159.014292464,162.614106360,261.911849317194
Saturn,Enceladus,602,2461201.000000,238417.443569,0.006209837712,28.045717087,169.517387803,156.269135552,4.916677575,261.895298805552
Saturn,Enceladus,602,2461204.500000,238406.926950,0.003276927908,28.045633362,169.517697363,143.931938697,216.815040536,261.912628105202
Saturn,Enceladus,602,2461208.000000,238414.381045,0.005928145390,28.045528308,169.517931593,167.762479097,32.543911218,261.900345039974
Saturn,Enceladus,602,2461211.500000,238409.471153,0.004155547961,28.045383151,169.518274015,138.361629110,261.501403629,261.908435589276
Saturn,Enceladus,602,2461215.000000,238411.284261,0.005149562499,28.045319691,169.518583523,176.526938410,62.901411876,261.905447890653
Saturn,Enceladus,602,2461218.500000,238411.920187,0.005086511630,28.045153361,169.518828339,142.636830122,296.345167747,261.904400003158
Saturn,Enceladus,602,2461222.000000,238409.989524,0.004204300790,28.045044204,169.519067947,181.271264139,97.272239575,261.907581394750
Saturn,Enceladus,602,2461225.500000,238418.519288,0.005903992936,28.044986084,169.519419485,151.910018729,326.193339537,261.893526342092
Saturn,Enceladus,602,2461229.000000,238407.129450,0.003316022397,28.044875581,169.519802421,175.502431840,142.160473324,261.912294407538
Saturn,Enceladus,602,2461232.500000,238416.576631,0.006211772661,28.044704359,169.520108434,163.286088573,353.935163144,261.896727275310
Saturn,Enceladus,602,2461236.000000,238406.866452,0.003158694948,28.044591864,169.520355671,161.137905938,195.640284472,261.912727800163
Saturn,Enceladus,602,2461239.500000,238414.294266,0.006126977163,28.044546104,169.520702643,174.708383690,21.634292470,261.900488031416
Saturn,Enceladus,602,2461243.000000,238409.989098,0.003755802893,28.044474379,169.521079993,150.482541305,245.417215731,261.907582096639
Saturn,Enceladus,602,2461246.500000,238412.088092,0.005484886836,28.044329874,169.521474377,185.437161677,50.022369436,261.904123329614
Saturn,Enceladus,602,2461250.000000,238410.150011,0.004720899271,28.044310094,169.521855863,152.029727217,282.990759193,261.907316937385
Saturn,Enceladus,602,2461253.500000,238411.226421,0.004595412921,28.044186118,169.522154924,191.583952120,82.997176827,261.905543199718
Saturn,Enceladus,602,2461257.000000,238412.817962,0.005607481153,28.044134762,169.522505436,159.160633146,314.977710484,261.902920651726
Saturn,Enceladus,602,2461260.500000,238412.954438,0.003604775263,28.044095310,169.522949100,191.147282780,122.552668665,261.902695767972
Saturn,Enceladus,602,2461264.000000,238416.369237,0.006158917906,28.044007764,169.523353643,170.291463688,342.967389968,261.897069003574
Saturn,Enceladus,602,2461267.500000,238406.972198,0.003120510753,28.043894548,169.523713963,178.423303701,174.396050665,261.912553541611
Saturn,Enceladus,602,2461271.000000,238414.913911,0.006182359188,28.043836342,169.524023020,181.687689281,10.689416477,261.899467004531
Saturn,Enceladus,602,2461274.500000,238408.252783,0.003409089580,28.043841428,169.524422210,164.900187705,227.039267724,261.910443290271
Saturn,Enceladus,602,2461278.000000,238413.933748,0.005794706154,28.043786367,169.524884663,192.970435954,38.528877928,261.901082080053
Saturn,Enceladus,602,2461281.500000,238408.754307,0.004363929962,28.043702294,169.525307262,161.587113825,269.469505472,261.909616846366
Saturn,Enceladus,602,2461285.000000,238411.902504,0.004968978696,28.043709925,169.525739218,201.038098478,69.585637014,261.904429142585
Saturn,Enceladus,602,2461288.500000,238412.386986,0.005286146239,28.043656219,169.526063316,167.435431108,302.743050006,261.903630810904
Saturn,Enceladus,602,2461292.000000,238407.866418,0.004004299255,28.043632308,169.526521670,204.039673961,105.699574051,261.911079971372
Saturn,Enceladus,602,2461295.500000,238420.091373,0.006014641283,28.043629649,169.526980830,177.004019447,332.295894144,261.890936050126
Saturn,Enceladus,602,2461299.000000,238407.038429,0.003203543003,28.043592565,169.527408927,195.803034126,153.059223857,261.912444399222
Saturn,Enceladus,602,2461302.500000,238415.875722,0.006226452474,28.043524401,169.527750353,188.728200382,359.692086029,261.897882184579
Saturn,Enceladus,602,2461306.000000,238408.043447,0.003227965845,28.043535933,169.528150604,181.114130718,206.863401753,261.910788248794
Saturn,Enceladus,602,2461309.500000,238413.158059,0.006027781668,28.043581996,169.528571917,200.136055313,27.408547358,261.902360243554
Saturn,Enceladus,602,2461313.000000,238408.879239,0.003951259909,28.043573382,169.529090446,173.047844737,254.054079791,261.909410975670
Saturn,Enceladus,602,2461316.500000,238412.248688,0.005326594840,28.043505494,169.529519438,210.196386067,56.465475607,261.903858699279
Saturn,Enceladus,602,2461320.000000,238411.148229,0.004940303998,28.043568205,169.529951512,176.161367859,290.062861844,261.905672045986
Saturn,Enceladus,602,2461323.500000,238409.151114,0.004390035068,28.043580035,169.530337449,215.135376876,90.650571860,261.908962965871
Saturn,Enceladus,602,2461327.000000,238414.614199,0.005754456792,28.043596683,169.530828993,184.202284852,321.142007247,261.899960857566
Saturn,Enceladus,602,2461330.500000,238412.647004,0.003436106336,28.043628663,169.531335627,212.412083228,132.494131952,261.903202355575
Saturn,Enceladus,602,2461334.000000,238414.104639,0.006204789024,28.043644754,169.531725205,195.675840320,348.790230190,261.900800491964
Saturn,Enceladus,602,2461337.500000,238408.119915,0.003116390729,28.043667929,169.532084279,198.272588524,185.755008868,261.910662240037
Saturn,Enceladus,602,2461341.000000,238415.231933,0.006134376023,28.043720576,169.532561375,207.215983022,16.371175722,261.898942982791
Saturn,Enceladus,602,2461344.500000,238407.312360,0.003576506078,28.043831859,169.532971656,186.360104091,236.789793180,261.911992992587
Saturn,Enceladus,602,2461348.000000,238413.986583,0.005658359377,28.043840634,169.533523771,218.061823970,44.649369093,261.900995020969
Saturn,Enceladus,602,2461351.500000,238409.314753,0.004586258891,28.043855375,169.533902089,185.188742700,277.080961484,261.908693311982
Saturn,Enceladus,602,2461355.000000,238409.633299,0.004766985200,28.043970078,169.534335211,225.036351976,76.800525400,261.908168395937
Saturn,Enceladus,602,2461358.500000,238413.973837,0.005458203095,28.044040100,169.534721474,192.133034931,309.259251750,261.901016023034
Saturn,Enceladus,602,2461362.000000,238407.935742,0.003798969674,28.044105283,169.535245496,226.526694533,114.429218868,261.910965733687
Saturn,Enceladus,602,2461365.500000,238419.259604,0.006099921191,28.044174615,169.535697250,202.306677973,338.209496150,261.892306534094
Saturn,Enceladus,602,2461369.000000,238407.610093,0.003129429503,28.044279038,169.536049482,215.728445740,164.350256581,261.911502363465
Saturn,Enceladus,602,2461372.500000,238414.858578,0.006220962378,28.044357711,169.536414850,214.314174084,5.325152263,261.899558179656
Saturn,Enceladus,602,2461376.000000,238406.677357,0.003344846114,28.044473084,169.536889499,201.794120644,217.403407162,261.913039408781
Saturn,Enceladus,602,2461379.500000,238413.878175,0.005925250248,28.044625893,169.537296464,225.319869543,33.444529045,261.901173652170
Saturn,Enceladus,602,2461383.000000,238409.781147,0.004168447866,28.044682382,169.537760059,195.688601383,262.634326556,261.907924765659
Saturn,Enceladus,602,2461386.500000,238410.224938,0.005144247499,28.044751453,169.538111995,234.789748631,63.095293693,261.907193469461
Saturn,Enceladus,602,2461390.000000,238412.300888,0.005131434247,28.044911883,169.538469011,200.678017122,296.769782581,261.903772683493
Saturn,Enceladus,602,2461393.500000,238408.840845,0.004168955278,28.045058492,169.538867689,238.400571623,98.610085013,261.909474244418
Saturn,Enceladus,602,2461397.000000,238413.001706,0.005872017990,28.045152894,169.539338437,209.354973357,327.214374152,261.902617879838
Saturn,Enceladus,602,2461400.500000,238413.255824,0.003304779753,28.045267209,169.539721343,233.418819962,142.712685794,261.902199147846
Saturn,Enceladus,602,2461404.000000,238415.163575,0.006253797404,28.045425391,169.540035446,221.253445171,354.440929333,261.899055619460
Saturn,Enceladus,602,2461407.500000,238406.910063,0.003165690844,28.045587377,169.540375392,218.091528451,197.164948895,261.912655933769
Saturn,Enceladus,602,2461411.000000,238414.612096,0.006059166419,28.045730237,169.540864044,232.557275517,22.259579086,261.899964321841
Saturn,Enceladus,602,2461414.500000,238407.929228,0.003768701145,28.045927237,169.541175837,208.116849223,246.263803351,261.910976468245
Saturn,Enceladus,602,2461418.000000,238411.836420,0.005502644893,28.046021342,169.541564340,242.872203188,51.070482175,261.904538036275
Saturn,Enceladus,602,2461421.500000,238410.543498,0.004789966626,28.046166252,169.541840573,209.160772174,284.340954788,261.906668535897
Saturn,Enceladus,602,2461425.000000,238410.146042,0.004550528589,28.046386232,169.542115857,249.165502914,83.906381971,261.907323477587
Saturn,Enceladus,602,2461428.500000,238412.665036,0.005614890583,28.046570087,169.542516557,217.168479186,315.459448799,261.903172642378
Saturn,Enceladus,602,2461432.000000,238407.983245,0.003628822402,28.046708556,169.542889082,248.328739745,123.861819893,261.910887454169
Saturn,Enceladus,602,2461435.500000,238418.817819,0.006182874701,28.046871843,169.543186535,227.791584918,343.961194665,261.893034455423
Saturn,Enceladus,602,2461439.000000,238406.273872,0.003102020927,28.047094391,169.543412714,235.663515800,175.654015732,261.913704311178
Saturn,Enceladus,602,2461442.500000,238416.021823,0.006191550889,28.047306779,169.543744016,239.689576213,11.188304937,261.897641449054
Saturn,Enceladus,602,2461446.000000,238407.703032,0.003491043361,28.047466007,169.544120664,222.325837490,228.110968433,261.911349210276
Saturn,Enceladus,602,2461449.500000,238411.473013,0.005796225068,28.047711878,169.544350938,250.484153602,39.522236219,261.905136861126
Saturn,Enceladus,602,2461453.000000,238410.329796,0.004371026259,28.047852796,169.544592997,219.220494942,270.344401062,261.907020681269
Saturn,Enceladus,602,2461456.500000,238410.333541,0.004942629218,28.048067829,169.544793053,259.324160061,69.804147955,261.907014510223
Saturn,Enceladus,602,2461460.000000,238411.320209,0.005317866145,28.048316829,169.544973650,225.288175202,303.403492046,261.905388654713
Saturn,Enceladus,602,2461463.500000,238409.020692,0.003980149187,28.048542244,169.545273577,261.231334539,107.023721993,261.909177880878
Saturn,Tethys,603,2460735.500000,294975.879721,0.001181749074,27.038454393,168.641348045,282.067768883,358.362287704,190.307182760183
Saturn,Tethys,603,2460742.500000,294973.660072,0.001015077916,27.027729620,168.695949609,180.698569824,354.571060347,190.309330829220
Saturn,Tethys,603,2460749.500000,294976.040503,0.000874474902,27.019366786,168.748775319,68.952103359,1.157457401,190.307027164737
Saturn,Tethys,603,2460756.500000,294972.453224,0.001137804805,27.010601056,168.806013805,317.340852207,7.607078682,190.310498775924
Saturn,Tethys,603,2460763.500000,294982.455282,0.001102482703,27.002481187,168.859253406,226.286872346,353.495352797,190.300819485640
Saturn,Tethys,603,2460770.500000,294972.199531,0.000925997259,26.995997183,168.917120711,117.901788998,356.715709314,190.310744292293
Saturn,Tethys,603,2460777.500000,294974.655752,0.000969718304,26.988381049,168.972512425,359.417273960,10.037749562,190.308367252804
Saturn,Tethys,603,2460784.500000,294976.022027,0.001225887228,26.983560733,169.028838407,268.427777710,355.863960558,190.307045044157
Saturn,Tethys,603,2460791.500000,294975.188753,0.000925662036,26.977374559,169.087240701,163.426803871,355.698014669,190.307851441148
Saturn,Tethys,603,2460798.500000,294974.273222,0.000959895713,26.973209206,169.142274385,49.918483655,4.045898556,190.308737448677
Saturn,Tethys,603,2460805.500000,294974.663659,0.001121437207,26.969287584,169.202183861,303.515851969,5.279861738,190.308359600703
Saturn,Tethys,603,2460812.500000,294977.597997,0.001055055194,26.965321433,169.258091186,213.557260874,350.066872095,190.305519922883
Saturn,Tethys,603,2460819.500000,294971.783224,0.000904075357,26.963638488,169.316964803,94.782499911,3.675475469,190.311147184413
Saturn,Tethys,603,2460826.500000,294977.764322,0.001049821275,26.960526770,169.375190902,348.170787739,5.122697497,190.305358965681
Saturn,Tethys,603,2460833.500000,294974.219569,0.001183376753,26.960101400,169.431951243,251.171770228,356.954603689,190.308789370802
Saturn,Tethys,603,2460840.500000,294975.472598,0.000875706077,26.958886511,169.492280320,148.708651548,354.247306397,190.307576751181
Saturn,Tethys,603,2460847.500000,294971.921382,0.001020184718,26.958845765,169.547963368,30.386105241,7.408384724,190.311013477818
Saturn,Tethys,603,2460854.500000,294983.753446,0.001134347258,26.960029233,169.608401930,291.690907138,0.932133753,190.299563273985
Saturn,Tethys,603,2460861.500000,294973.894658,0.001024345519,26.960397976,169.665269135,197.891718737,349.561011691,190.309103806606
Saturn,Tethys,603,2460868.500000,294974.201249,0.000916131157,26.963388042,169.723477729,74.250572572,8.035067277,190.308807100160
Saturn,Tethys,603,2460875.500000,294975.681200,0.001134133308,26.965020167,169.782288400,335.258947991,1.860845391,190.307374877295
Saturn,Tethys,603,2460882.500000,294974.381388,0.001069161415,26.968906387,169.838177787,234.886065034,357.067806998,190.308632769918
Saturn,Tethys,603,2460889.500000,294974.498209,0.000892962703,26.972682225,169.897982212,132.983839453,353.803070546,190.308519716231
Saturn,Tethys,603,2460896.500000,294974.810913,0.001082973269,26.976865140,169.953134918,11.412673727,10.211816910,190.308217095320
Saturn,Tethys,603,2460903.500000,294981.188832,0.001104095583,26.982969375,170.011790557,279.071632564,357.381065594,190.302045021228
Saturn,Tethys,603,2460910.500000,294971.451059,0.000982722249,26.987706155,170.067996065,178.130783499,353.157974679,190.311468646291
Saturn,Tethys,603,2460917.500000,294975.973606,0.000933572307,26.995300377,170.123589795,59.429203917,6.697559020,190.307091903389
Saturn,Tethys,603,2460924.500000,294974.230625,0.001184645492,27.001640874,170.181258076,319.635124996,1.326470836,190.308778671255
Saturn,Tethys,603,2460931.500000,294976.770378,0.000980099574,27.009730688,170.234412664,221.226543910,354.574961574,190.306320836527
Saturn,Tethys,603,2460938.500000,294972.497654,0.000953961794,27.018366695,170.291850288,111.522295038,359.117246632,190.310455777311
Saturn,Tethys,603,2460945.500000,294977.388627,0.001090966782,27.026649926,170.344590454,356.778809194,8.699578449,190.305722536642
Saturn,Tethys,603,2460952.500000,294973.330601,0.001061016125,27.037355853,170.399524608,268.291552000,352.019868175,190.309649678969
Saturn,Tethys,603,2460959.500000,294973.955087,0.000948814600,27.046562318,170.453557020,155.899376756,359.252395401,190.309045325317
Saturn,Tethys,603,2460966.500000,294975.230613,0.000995155105,27.058241460,170.504801129,45.359702400,4.636507570,190.307810930990
Saturn,Tethys,603,2460973.500000,294974.789187,0.001175415025,27.069345343,170.559267057,303.206402036,1.626800621,190.308238121504
Saturn,Tethys,603,2460980.500000,294974.193011,0.000927975307,27.081184814,170.608393267,208.840332969,350.837467083,190.308815073015
Saturn,Tethys,603,2460987.500000,294973.188419,0.000998386042,27.094517753,170.661206950,88.351609380,6.166790324,190.309787277331
Saturn,Tethys,603,2460994.500000,294982.237949,0.001094676268,27.106676719,170.710387383,346.681949501,2.679041088,190.301029796746
Saturn,Tethys,603,2461001.500000,294972.890820,0.001077924434,27.121570751,170.759751609,252.659961105,351.538548210,190.310075283349
Saturn,Tethys,603,2461008.500000,294976.622699,0.000915759025,27.134987570,170.809560226,134.576712528,4.465264693,190.306463750466
Saturn,Tethys,603,2461015.500000,294973.261394,0.001071147796,27.150369886,170.855300183,30.621671552,3.265907054,190.309716654911
Saturn,Tethys,603,2461022.500000,294976.057238,0.001106207397,27.165795515,170.904533472,290.401091544,358.328966819,190.307010969290
Saturn,Tethys,603,2461029.500000,294974.158579,0.000938004783,27.181209767,170.948550449,190.926136265,352.649657912,190.308848394576
Saturn,Tethys,603,2461036.500000,294975.501735,0.001017284330,27.198574801,170.994864579,67.860267480,10.560299941,190.307548553736
Saturn,Tethys,603,2461043.500000,294978.235681,0.001090196503,27.214485922,171.039116173,335.270564841,357.991394718,190.304902819516
Saturn,Tethys,603,2461050.500000,294974.133327,0.001063799104,27.232951306,171.081206670,233.625616545,354.483175482,190.308872832611
Saturn,Tethys,603,2461057.500000,294974.579414,0.000875427286,27.250238672,171.125516616,117.868882065,5.086833173,190.308441129487
Saturn,Tethys,603,2461064.500000,294974.889478,0.001148712412,27.268785040,171.164292988,15.041533196,2.762548421,190.308141064476
Saturn,Tethys,603,2461071.500000,294976.559563,0.001041302415,27.288099638,171.206808626,278.698004436,353.955124553,190.306524849871
Saturn,Tethys,603,2461078.500000,294973.412016,0.000961675254,27.306566499,171.244421380,167.559314551,359.943374155,190.309570888404
Saturn,Tethys,603,2461085.500000,294977.917513,0.001015445792,27.327448973,171.282902194,54.211086330,8.143363457,190.305210718714
Saturn,Tethys,603,2461092.500000,294973.699978,0.001105477317,27.346700890,171.320780212,323.882766791,353.315521770,190.309292209734
Saturn,Tethys,603,2461099.500000,294975.549359,0.000993115681,27.367976362,171.354737251,213.805048342,358.250430383,190.307502465933
Saturn,Tethys,603,2461106.500000,294973.482531,0.000925613873,27.388796879,171.391736273,101.687986468,5.220642254,190.309502646338
Saturn,Tethys,603,2461113.500000,294977.444305,0.001179814711,27.409827113,171.423008198,359.300784158,2.463872758,190.305668654793
Saturn,Tethys,603,2461120.500000,294973.587675,0.000983604821,27.432416216,171.456978363,265.791589403,350.828101414,190.309400892672
Saturn,Tethys,603,2461127.500000,294973.977377,0.000967873514,27.453475898,171.487612816,146.400254570,5.079703344,190.309023754403
Saturn,Tethys,603,2461134.500000,294981.074563,0.001057419708,27.477080339,171.516938674,42.427135300,3.911761908,190.302155599875
Saturn,Tethys,603,2461141.500000,294975.439750,0.001143380608,27.499106204,171.547297610,307.872035413,353.319988168,190.307608539618
Saturn,Tethys,603,2461148.500000,294973.558712,0.000885191756,27.522618670,171.572559636,194.705968048,1.353193858,190.309428921295
Saturn,Tethys,603,2461155.500000,294974.265048,0.001043890884,27.546217982,171.601019964,86.502778220,4.417837590,190.308745358928
Saturn,Tethys,603,2461162.500000,294977.237057,0.001133429150,27.569287489,171.624091915,345.887210566,359.900374665,190.305869215062
Saturn,Tethys,603,2461169.500000,294972.386548,0.000960084262,27.594266034,171.648626194,249.391960086,351.258384319,190.310563302778
Saturn,Tethys,603,2461176.500000,294975.153730,0.000964715812,27.617471786,171.671208708,127.295488927,8.226182409,190.307885334143
Saturn,Tethys,603,2461183.500000,294976.678724,0.001099315173,27.642920885,171.690925560,28.457251490,1.928194106,190.306409532641
Saturn,Tethys,603,2461190.500000,294975.270611,0.001101433623,27.667197536,171.712900064,290.695637480,354.557523226,190.307772223153
Saturn,Tethys,603,2461197.500000,294972.204664,0.000826600286,27.692093542,171.728846335,179.612537840,0.514499237,190.310739325091
Saturn,Tethys,603,2461204.500000,294977.447924,0.001160949278,27.717872719,171.747962920,70.490911873,4.506355333,190.305665152480
Saturn,Tethys,603,2461211.500000,294973.569292,0.001055676581,27.742231246,171.762458646,332.949098828,356.922584940,190.309418682904
Saturn,Tethys,603,2461218.500000,294975.023635,0.000965891671,27.768883724,171.776856513,228.971645338,355.773292004,190.308011233562
Saturn,Tethys,603,2461225.500000,294976.387305,0.000967258737,27.793536398,171.790979016,112.055357432,7.564763028,190.306691550491
Saturn,Tethys,603,2461232.500000,294975.126664,0.001153189546,27.820006983,171.800712809,16.671441105,357.819742483,190.307911527705
Saturn,Tethys,603,2461239.500000,294973.487746,0.000991165984,27.845899630,171.813313767,273.338541593,356.030239771,190.309497599923
Saturn,Tethys,603,2461246.500000,294974.902793,0.000892309004,27.871459984,171.820222982,162.713667598,1.534140215,190.308128179167
Saturn,Tethys,603,2461253.500000,294976.734027,0.001173371485,27.898503026,171.829103103,53.262667434,5.861271148,190.306356014403
Saturn,Tethys,603,2461260.500000,294972.172185,0.001026429491,27.923644832,171.835144242,321.813867131,352.190380589,190.310770757771
Saturn,Tethys,603,2461267.500000,294975.310980,0.000946294590,27.950928991,171.839004341,208.635230010,0.253184146,190.307733156225
Saturn,Tethys,603,2461274.500000,294981.772711,0.001022612802,27.976597856,171.844366713,97.428379169,6.335191772,190.301480003980
Saturn,Tethys,603,2461281.500000,294975.186543,0.001186188382,28.003220949,171.844134093,2.776019693,355.869504776,190.307853579728
Saturn,Tethys,603,2461288.500000,294972.339161,0.000889905349,28.029878018,171.847140013,255.807629063,357.721950878,190.310609162513
Saturn,Tethys,603,2461295.500000,294979.031525,0.001015124836,28.055477836,171.844924907,144.718317893,3.697181712,190.304132665129
Saturn,Tethys,603,2461302.500000,294973.704287,0.001103166736,28.082880046,171.843630134,40.115596182,3.184010358,190.309288040164
Saturn,Tethys,603,2461309.500000,294975.089020,0.001056673698,28.108162127,171.840906174,307.761910090,350.424702017,190.307947957953
Saturn,Tethys,603,2461316.500000,294973.851021,0.000911908599,28.135253387,171.834760959,186.681367526,6.398688531,190.309146036362
Saturn,Tethys,603,2461323.500000,294978.315888,0.001060477312,28.161251297,171.830964177,83.277356427,4.682772941,190.304825201463
Saturn,Tethys,603,2461330.500000,294972.327109,0.001135720347,28.187153507,171.821304610,347.945924486,354.908841940,190.310620825704
Saturn,Tethys,603,2461337.500000,294975.508951,0.000873673440,28.213954740,171.814461709,240.584659414,357.161222649,190.307541570489
Saturn,Tethys,603,2461344.500000,294976.258718,0.001080113368,28.238818548,171.803696454,126.243249783,6.398085176,190.306815988894
Saturn,Tethys,603,2461351.500000,294973.838650,0.001066415056,28.265793357,171.792113499,29.233848882,358.302110571,190.309158008752
Saturn,Tethys,603,2461358.500000,294974.864648,0.001042505321,28.290550740,171.781046467,288.845709424,353.587117114,190.308165094105
Saturn,Tethys,603,2461365.500000,294976.362805,0.000916431116,28.316598851,171.765056347,168.924836588,8.407742213,190.306715259481
Saturn,Tethys,603,2461372.500000,294976.356070,0.001123991007,28.342134708,171.752234706,72.889892643,359.335904064,190.306721777211
Saturn,Tethys,603,2461379.500000,294972.591071,0.001044507854,28.366744776,171.734056887,331.846251536,355.283125802,190.310365371526
Saturn,Tethys,603,2461386.500000,294977.214824,0.000916288692,28.392724098,171.717418298,222.497248118,359.533186292,190.305890730921
Saturn,Tethys,603,2461393.500000,294972.723004,0.001086205569,28.416459291,171.698678052,108.445957678,8.487869131,190.310237690669
Saturn,Tethys,603,2461400.500000,294974.967825,0.001090258960,28.441950993,171.677393613,19.115157816,352.725123856,190.308065244272
Saturn,Tethys,603,2461407.500000,294973.024379,0.000965367376,28.465759385,171.658121962,268.336770624,358.409657897,190.309946030255
Saturn,Tethys,603,2461414.500000,294982.532202,0.000980744120,28.489904214,171.633276598,154.260279315,7.389668841,190.300745050668
Saturn,Tethys,603,2461421.500000,294973.183566,0.001175456544,28.514258873,171.611814745,59.291016013,357.265120859,190.309791974220
Saturn,Tethys,603,2461428.500000,294975.294042,0.000947150641,28.536956885,171.585596266,314.814290109,356.651552581,190.307749548223
Saturn,Tethys,603,2461435.500000,294974.866190,0.000966845649,28.561329011,171.559986363,204.336582117,2.039712275,190.308163601263
Saturn,Tethys,603,2461442.500000,294974.341847,0.001094426441,28.583298856,171.533695970,95.962230775,5.322063325,190.308671035776
Saturn,Tethys,603,2461449.500000,294975.754349,0.001113735034,28.606645892,171.503770412,5.125433282,351.073160336,190.307304087355
Saturn,Tethys,603,2461456.500000,294973.308521,0.000876158033,28.628787116,171.476649279,246.507188828,4.603042302,190.309671047554
Saturn,Tethys,603,2461463.500000,294977.320166,0.001031003236,28.650454307,171.444056624,141.728332999,4.290005621,190.305788787768
Saturn,Dione,604,2460735.500000,377651.137221,0.002240195631,28.025614732,169.510794104,211.901652961,276.831391564,131.370824343642
Saturn,Dione,604,2460742.500000,377644.853612,0.002224717285,28.025553256,169.511206085,243.091335679,86.386550841,131.374103163187
Saturn,Dione,604,2460749.500000,377649.236052,0.002599134460,28.025537501,169.511611632,218.338462695,311.885825062,131.371816368943
Saturn,Dione,604,2460756.500000,377654.935623,0.001729564871,28.025493962,169.512045840,240.696369199,130.272349434,131.368842383447
Saturn,Dione,604,2460763.500000,377653.448224,0.002867630822,28.025495984,169.512399611,225.583457872,346.130712281,131.369618484238
Saturn,Dione,604,2460770.500000,377652.219939,0.001633870982,28.025461507,169.512755658,231.159838810,181.298701775,131.370259389177
Saturn,Dione,604,2460777.500000,377650.451089,0.002749738781,28.025438890,169.513267856,235.883553017,17.320016565,131.371182364227
Saturn,Dione,604,2460784.500000,377655.871697,0.001844077702,28.025384417,169.513716457,216.557927411,237.391869369,131.368353959434
Saturn,Dione,604,2460791.500000,377663.292497,0.002597158519,28.025361138,169.514195367,244.277796025,50.413136310,131.364482043921
Saturn,Dione,604,2460798.500000,377655.795587,0.002243562544,28.025289167,169.514646124,217.567269428,277.865892698,131.368393671956
Saturn,Dione,604,2460805.500000,377654.626217,0.002125907579,28.025260610,169.515082680,249.477267230,86.700857195,131.369003825740
Saturn,Dione,604,2460812.500000,377660.909001,0.002665559531,28.025215000,169.515406511,221.440432173,315.486635817,131.365725648772
Saturn,Dione,604,2460819.500000,377663.411129,0.001753571742,28.025164176,169.515827299,247.082165984,130.587154576,131.364420147336
Saturn,Dione,604,2460826.500000,377659.238026,0.002841421700,28.025137535,169.516165042,230.994866791,347.417154648,131.366597502529
Saturn,Dione,604,2460833.500000,377650.858584,0.001587584835,28.025110712,169.516619420,234.914771417,184.242353176,131.370969734608
Saturn,Dione,604,2460840.500000,377655.476534,0.002767021301,28.025082542,169.517009090,240.203383430,19.699729961,131.368560146804
Saturn,Dione,604,2460847.500000,377665.371336,0.001833337702,28.025077855,169.517492517,221.750767783,238.894350033,131.363397412174
Saturn,Dione,604,2460854.500000,377656.646596,0.002582031834,28.025047756,169.517885699,249.536577213,51.850457422,131.367949635114
Saturn,Dione,604,2460861.500000,377651.146400,0.002203928972,28.025018498,169.518330844,221.770771043,280.364448380,131.370819553841
Saturn,Dione,604,2460868.500000,377651.150528,0.002113209940,28.025012393,169.518772209,252.802637005,90.078188543,131.370817399831
Saturn,Dione,604,2460875.500000,377654.150536,0.002657387641,28.024966630,169.519241462,227.236344773,316.388078396,131.369252028183
Saturn,Dione,604,2460882.500000,377651.997886,0.001760170940,28.024946195,169.519625356,252.666737990,131.701031297,131.370375254463
Saturn,Dione,604,2460889.500000,377649.953232,0.002745088891,28.024902581,169.520110636,235.862173732,349.250274762,131.371442144715
Saturn,Dione,604,2460896.500000,377646.501719,0.001633158958,28.024862959,169.520526316,237.104616081,188.754121264,131.373243159248
Saturn,Dione,604,2460903.500000,377651.747688,0.002767728977,28.024817700,169.520906911,246.538311350,20.067715555,131.370505805681
Saturn,Dione,604,2460910.500000,377655.914605,0.001805880939,28.024808481,169.521344510,228.253328659,239.093763169,131.368331570554
Saturn,Dione,604,2460917.500000,377646.139310,0.002455969571,28.024767703,169.521762659,253.657406222,54.433851287,131.373432268190
Saturn,Dione,604,2460924.500000,377643.445240,0.002291227636,28.024773469,169.522190918,226.799700767,282.038280478,131.374838077859
Saturn,Dione,604,2460931.500000,377648.604760,0.002092755976,28.024742770,169.522622026,258.663793217,90.919668852,131.372145778326
Saturn,Dione,604,2460938.500000,377652.988646,0.002632984371,28.024748636,169.523009055,233.124086583,317.201897346,131.369858286126
Saturn,Dione,604,2460945.500000,377647.740499,0.001702343970,28.024728751,169.523488285,255.434347439,135.635949501,131.372596753581
Saturn,Dione,604,2460952.500000,377645.876918,0.002791656209,28.024713555,169.523888135,241.587889177,350.231143788,131.373569187899
Saturn,Dione,604,2460959.500000,377647.792718,0.001646228496,28.024692011,169.524339329,241.331282047,191.233959044,131.372569505438
Saturn,Dione,604,2460966.500000,377654.319694,0.002737435891,28.024693822,169.524854571,252.986759350,20.320533609,131.369163764530
Saturn,Dione,604,2460973.500000,377645.036344,0.001835577147,28.024658193,169.525317322,231.427207199,242.622747157,131.374007810986
Saturn,Dione,604,2460980.500000,377642.818448,0.002436699826,28.024656288,169.525805488,259.124982472,55.670856795,131.375165151998
Saturn,Dione,604,2460987.500000,377648.801635,0.002350761296,28.024608589,169.526267636,231.736203250,283.804608316,131.372043048384
Saturn,Dione,604,2460994.500000,377648.505006,0.002026219371,28.024607519,169.526665481,265.902656077,90.383444391,131.372197830193
Saturn,Dione,604,2461001.500000,377651.819713,0.002647507202,28.024561594,169.527011581,236.702243837,320.329606539,131.370468223566
Saturn,Dione,604,2461008.500000,377643.938322,0.001707669375,28.024545420,169.527497143,258.480812809,139.295975031,131.374580777812
Saturn,Dione,604,2461015.500000,377643.172311,0.002822648243,28.024542951,169.527899783,248.099733663,350.422074766,131.374980498098
Saturn,Dione,604,2461022.500000,377651.382396,0.001540168472,28.024552719,169.528409747,245.370218450,193.897054601,131.370696412554
Saturn,Dione,604,2461029.500000,377654.698873,0.002748802132,28.024547326,169.528837762,257.232201489,22.776582414,131.368965915224
Saturn,Dione,604,2461036.500000,377645.477333,0.001883245520,28.024575151,169.529352377,235.005746625,245.747259564,131.373777696164
Saturn,Dione,604,2461043.500000,377643.709775,0.002456090862,28.024562111,169.529749092,266.584881136,54.916726939,131.374700038135
Saturn,Dione,604,2461050.500000,377651.666031,0.002297565111,28.024538711,169.530243462,235.201543628,287.044841712,131.370548413869
Saturn,Dione,604,2461057.500000,377650.891461,0.002025220171,28.024555324,169.530685931,270.628905249,92.361119349,131.370952579869
Saturn,Dione,604,2461064.500000,377646.885921,0.002680199438,28.024539204,169.531213212,241.620178508,322.113523869,131.373042679228
Saturn,Dione,604,2461071.500000,377642.171980,0.001699162863,28.024534936,169.531675476,265.173915413,139.306100909,131.375502494411
Saturn,Dione,604,2461078.500000,377650.396242,0.002811495517,28.024535504,169.532216179,253.038325878,352.186398721,131.371210983041
Saturn,Dione,604,2461085.500000,377655.853232,0.001495544820,28.024525700,169.532655898,249.928644451,196.038410990,131.368363593662
Saturn,Dione,604,2461092.500000,377650.974629,0.002801978551,28.024495262,169.533088136,261.781966646,24.930802581,131.370909183219
Saturn,Dione,604,2461099.500000,377645.559201,0.001853188816,28.024521960,169.533576739,241.483915227,245.974296038,131.373734976294
Saturn,Dione,604,2461106.500000,377647.548461,0.002433118367,28.024511169,169.534026941,271.878112944,56.325474272,131.372696960226
Saturn,Dione,604,2461113.500000,377651.061358,0.002281155717,28.024541975,169.534449037,238.860832451,290.086751938,131.370863928337
Saturn,Dione,604,2461120.500000,377650.042669,0.002107213952,28.024541253,169.534938128,274.798576354,94.892459433,131.371395476462
Saturn,Dione,604,2461127.500000,377649.057417,0.002634411811,28.024580132,169.535385753,247.575445918,322.859118878,131.371909580775
Saturn,Dione,604,2461134.500000,377643.235089,0.001659599020,28.024584720,169.535924366,269.813980339,141.368834441,131.374947739462
Saturn,Dione,604,2461141.500000,377658.061818,0.002834062258,28.024612645,169.536427025,256.613388816,355.315165907,131.367211210228
Saturn,Dione,604,2461148.500000,377652.356589,0.001591007695,28.024623882,169.536919219,256.923100443,195.745707991,131.370188086585
Saturn,Dione,604,2461155.500000,377644.697593,0.002733862051,28.024664529,169.537464492,267.278795229,26.134246574,131.374184576376
Saturn,Dione,604,2461162.500000,377646.100995,0.001830987363,28.024657604,169.537968297,246.310918592,247.848522385,131.373452261696
Saturn,Dione,604,2461169.500000,377653.370641,0.002442618439,28.024690685,169.538451800,275.639385827,59.265038341,131.369658965864
Saturn,Dione,604,2461176.500000,377655.156222,0.002287414098,28.024679452,169.538954746,245.361645377,290.284322680,131.368727279071
Saturn,Dione,604,2461183.500000,377646.999302,0.002086278543,28.024664766,169.539424132,279.647768277,96.745540073,131.372983515985
Saturn,Dione,604,2461190.500000,377648.264107,0.002558652625,28.024697033,169.539864613,253.107910582,324.030378799,131.372323532169
Saturn,Dione,604,2461197.500000,377651.902608,0.001671153843,28.024737540,169.540409020,272.290783966,145.593436449,131.370424969775
Saturn,Dione,604,2461204.500000,377657.908538,0.002825026255,28.024771936,169.540844810,262.485645684,356.139631350,131.367291187486
Saturn,Dione,604,2461211.500000,377646.823994,0.001629125304,28.024834531,169.541388509,262.608968225,196.759035830,131.373074992903
Saturn,Dione,604,2461218.500000,377647.961390,0.002638977276,28.024866614,169.541875632,272.697007886,27.416665273,131.372481491462
Saturn,Dione,604,2461225.500000,377650.783534,0.001902887010,28.024933614,169.542385795,250.458930202,250.399384976,131.371008895244
Saturn,Dione,604,2461232.500000,377656.015814,0.002463483822,28.024933685,169.542856147,281.293390510,60.311819579,131.368278762203
Saturn,Dione,604,2461239.500000,377652.506797,0.002260202698,28.024961187,169.543410566,252.830189059,289.516478843,131.370109709505
Saturn,Dione,604,2461246.500000,377644.050622,0.001999608261,28.025020194,169.543920049,282.489013640,100.603830200,131.374522177559
Saturn,Dione,604,2461253.500000,377647.520730,0.002624351933,28.025067422,169.544508601,259.474470260,324.363166807,131.372711430701
Saturn,Dione,604,2461260.500000,377657.279551,0.001684502174,28.025111410,169.545002368,277.404886734,147.175963257,131.367619375351
Saturn,Dione,604,2461267.500000,377657.023407,0.002772728491,28.025167674,169.545573186,269.316618188,356.004160960,131.367753024343
Saturn,Dione,604,2461274.500000,377642.450938,0.001641176237,28.025197197,169.546043012,264.198098015,201.870155114,131.375356927388
Saturn,Dione,604,2461281.500000,377651.382733,0.002665418468,28.025207208,169.546566966,278.815677210,27.999679823,131.370696236811
Saturn,Dione,604,2461288.500000,377652.840664,0.001963937356,28.025276089,169.547040375,256.318791584,251.239012619,131.369935501328
Saturn,Dione,604,2461295.500000,377651.323360,0.002391755887,28.025309264,169.547545303,287.474762181,60.826198840,131.370727217241
Saturn,Dione,604,2461302.500000,377647.411321,0.002296486718,28.025396777,169.548019992,257.652206489,291.392467377,131.372768520959
Saturn,Dione,604,2461309.500000,377646.644784,0.001952141739,28.025469151,169.548598990,286.976976101,102.814444840,131.373168506461
Saturn,Dione,604,2461316.500000,377655.882842,0.002721306101,28.025561882,169.549078466,265.926599106,324.607292606,131.368348144195
Saturn,Dione,604,2461323.500000,377654.937491,0.001598488257,28.025604492,169.549628656,282.971782935,148.306417980,131.368841408720
Saturn,Dione,604,2461330.500000,377649.994281,0.002760989099,28.025708105,169.550224429,274.520631003,357.500254678,131.371420725476
Saturn,Dione,604,2461337.500000,377645.247478,0.001671860984,28.025765964,169.550753510,266.753691210,206.013244106,131.373897638195
Saturn,Dione,604,2461344.500000,377650.520892,0.002723002572,28.025853795,169.551301120,286.224198846,27.286962625,131.371145941012
Saturn,Dione,604,2461351.500000,377652.031150,0.001919791332,28.025894209,169.551838499,260.420090823,253.833626440,131.370357897882
Saturn,Dione,604,2461358.500000,377650.798378,0.002369220544,28.025982813,169.552360659,292.722464801,62.274865041,131.371001150112
Saturn,Dione,604,2461365.500000,377645.645145,0.002375216028,28.026046356,169.552919170,262.658087982,293.083116597,131.373690130023
Saturn,Dione,604,2461372.500000,377650.885718,0.001935497190,28.026108748,169.553480335,295.740642519,100.749633721,131.370955576146
Saturn,Dione,604,2461379.500000,377658.929061,0.002707861625,28.026205775,169.553940719,270.734418118,326.496977752,131.366758709815
Saturn,Dione,604,2461386.500000,377647.340660,0.001578117259,28.026318600,169.554497817,287.272751548,150.700328457,131.372805392274
Saturn,Dione,604,2461393.500000,377643.864684,0.002827316457,28.026409218,169.554980597,280.295229330,358.422752233,131.374619203555
Saturn,Dione,604,2461400.500000,377647.567711,0.001615438279,28.026531234,169.555518211,272.952776336,206.509851874,131.372686915710
Saturn,Dione,604,2461407.500000,377654.966866,0.002743310539,28.026614447,169.556022773,291.881170036,28.324764254,131.368826081381
Saturn,Dione,604,2461414.500000,377647.856619,0.001901412954,28.026718085,169.556597902,264.084415799,256.865780307,131.372536161872
Saturn,Dione,604,2461421.500000,377647.428855,0.002439736573,28.026827646,169.557136199,297.766708495,63.929507029,131.372759371520
Saturn,Dione,604,2461428.500000,377645.110195,0.002368758483,28.026942800,169.557726923,269.093007596,293.346406462,131.373969274217
Saturn,Dione,604,2461435.500000,377651.627744,0.001919372961,28.027070604,169.558235903,302.344366265,100.839730385,131.370568391606
Saturn,Dione,604,2461442.500000,377654.478170,0.002700762120,28.027197656,169.558826111,274.495463163,329.429438353,131.369081074043
Saturn,Dione,604,2461449.500000,377644.740800,0.001638685710,28.027307455,169.559339911,293.209005793,151.459503988,131.374162030290
Saturn,Dione,604,2461456.500000,377647.442953,0.002846394910,28.027437335,169.559902088,286.600667976,358.812363069,131.372752015085
Saturn,Dione,604,2461463.500000,377649.054262,0.001535549625,28.027514622,169.560439456,278.459034254,207.700866911,131.371911227109
Saturn,Rhea,605,2460735.500000,527214.924990,0.001163674260,28.203497657,170.095041405,164.707518889,358.365465410,79.644178796306
Saturn,Rhea,605,2460742.500000,527216.304238,0.000791942838,28.204429956,170.093953077,161.001084604,199.907341545,79.643866261295
Saturn,Rhea,605,2460749.500000,527238.669662,0.001317060398,28.205422050,170.092882814,179.456865526,19.286150177,79.638798584981
Saturn,Rhea,605,2460756.500000,527249.104676,0.000752011499,28.206436990,170.091574434,140.055110371,256.516268445,79.636434348033
Saturn,Rhea,605,2460763.500000,527237.697225,0.001242571908,28.207346836,170.090215270,180.987145343,53.414614076,79.639018913797
Saturn,Rhea,605,2460770.500000,527217.296669,0.000887121943,28.208176648,170.088993963,155.746401534,276.489518915,79.643641379708
Saturn,Rhea,605,2460777.500000,527217.705705,0.000947268649,28.209048075,170.087842885,180.630489407,89.441682479,79.643548693794
Saturn,Rhea,605,2460784.500000,527265.572863,0.001293213248,28.209990855,170.086492847,153.242573392,314.661604158,79.632703427082
Saturn,Rhea,605,2460791.500000,527259.585135,0.000798236951,28.210977384,170.084874721,190.826998498,114.897146756,79.634059932596
Saturn,Rhea,605,2460798.500000,527213.429545,0.001136802095,28.211893639,170.083548089,162.259240602,341.296781773,79.644517663422
Saturn,Rhea,605,2460805.500000,527215.203750,0.000790646588,28.212854038,170.082374924,165.531436355,175.860277135,79.644115629582
Saturn,Rhea,605,2460812.500000,527236.712518,0.001349901861,28.213863896,170.081135275,174.504130160,4.722940894,79.639242023608
Saturn,Rhea,605,2460819.500000,527245.306195,0.000633456721,28.214845826,170.079698657,146.456392405,230.600130783,79.637294947635
Saturn,Rhea,605,2460826.500000,527232.568379,0.001295434187,28.215720736,170.078330646,177.197603381,37.688719872,79.640180992707
Saturn,Rhea,605,2460833.500000,527211.402159,0.000845649150,28.216552757,170.077180961,159.013315732,253.707188997,79.644977072202
Saturn,Rhea,605,2460840.500000,527214.244103,0.001006963215,28.217448437,170.076031776,179.466873885,71.089265540,79.644333084545
Saturn,Rhea,605,2460847.500000,527265.487108,0.001207371661,28.218352432,170.074633619,149.196803018,299.192243844,79.632722854425
Saturn,Rhea,605,2460854.500000,527267.405584,0.000914427063,28.219239383,170.072984266,192.950885841,93.258561881,79.632288236271
Saturn,Rhea,605,2460861.500000,527217.406848,0.001126799289,28.220120584,170.071630829,160.399123084,323.641973029,79.643616413585
Saturn,Rhea,605,2460868.500000,527214.046218,0.000786739427,28.221088772,170.070332701,168.983471920,152.893041606,79.644377925385
Saturn,Rhea,605,2460875.500000,527234.795300,0.001371568875,28.222068989,170.068896654,169.754734027,349.956850615,79.639676419998
Saturn,Rhea,605,2460882.500000,527247.556873,0.000539258265,28.222983935,170.067341701,157.532110329,200.009149991,79.636785022811
Saturn,Rhea,605,2460889.500000,527240.432002,0.001368006124,28.223830010,170.065947137,173.367196437,22.003262536,79.638399287600
Saturn,Rhea,605,2460896.500000,527220.117982,0.000800460691,28.224695650,170.064795185,161.202153337,232.002540697,79.643002084863
Saturn,Rhea,605,2460903.500000,527218.706990,0.001075598232,28.225638236,170.063575435,178.825944426,52.214280689,79.643321807315
Saturn,Rhea,605,2460910.500000,527263.475144,0.001093678319,28.226522847,170.062137676,145.633340623,283.240278747,79.633178655912
Saturn,Rhea,605,2460917.500000,527269.624431,0.001063166615,28.227337875,170.060545640,192.629023246,74.064608864,79.631785575899
Saturn,Rhea,605,2460924.500000,527218.388072,0.001087522040,28.228196769,170.059178177,157.415602004,307.108780052,79.643394072428
Saturn,Rhea,605,2460931.500000,527216.211421,0.000805668089,28.229150387,170.057746750,174.611713672,127.748161606,79.643887293362
Saturn,Rhea,605,2460938.500000,527238.925496,0.001367423136,28.230067771,170.056172058,164.260943100,335.934193871,79.638740619976
Saturn,Rhea,605,2460945.500000,527251.261308,0.000517570691,28.230904544,170.054583813,175.497790125,162.527792240,79.635945739622
Saturn,Rhea,605,2460952.500000,527241.629162,0.001410171060,28.231727087,170.053186753,168.042034606,7.812424484,79.638128046047
Saturn,Rhea,605,2460959.500000,527217.683003,0.000768192601,28.232617192,170.051961776,166.229614063,207.458768782,79.643553837842
Saturn,Rhea,605,2460966.500000,527213.662220,0.001137185472,28.233574349,170.050578240,175.969917276,35.553752072,79.644464939257
Saturn,Rhea,605,2460973.500000,527259.219280,0.000947553890,28.234432324,170.049061298,144.227611668,265.129761896,79.634142817344
Saturn,Rhea,605,2460980.500000,527275.696140,0.001221234666,28.235216696,170.047552138,189.495305722,57.682208155,79.630410110586
Saturn,Rhea,605,2460987.500000,527222.820020,0.001020564586,28.236066790,170.046167999,154.819030316,290.188873091,79.642389825303
Saturn,Rhea,605,2460994.500000,527215.274679,0.000866196197,28.236984527,170.044598920,178.656846210,104.187308581,79.644099557276
Saturn,Rhea,605,2461001.500000,527233.369127,0.001313837517,28.237835528,170.042916159,159.578015514,321.101211510,79.639999559830
Saturn,Rhea,605,2461008.500000,527245.468668,0.000624085853,28.238619170,170.041340963,190.293357977,128.216379631,79.637258136620
Saturn,Rhea,605,2461015.500000,527239.671126,0.001403430381,28.239444518,170.039952831,161.929225964,354.408868160,79.638571680618
Saturn,Rhea,605,2461022.500000,527219.704564,0.000765422639,28.240350233,170.038631065,173.034277260,181.137767531,79.643095762808
Saturn,Rhea,605,2461029.500000,527214.682817,0.001175668771,28.241284664,170.037090245,172.697524491,19.310360980,79.644233672382
Saturn,Rhea,605,2461036.500000,527255.331151,0.000809787778,28.242107454,170.035512883,146.712767570,243.129441279,79.635023685702
Saturn,Rhea,605,2461043.500000,527274.327672,0.001339618840,28.242894092,170.034066582,184.207664042,43.454711955,79.630720115487
Saturn,Rhea,605,2461050.500000,527218.852572,0.000927200567,28.243738760,170.032647262,154.500714753,270.990967252,79.643288819228
Saturn,Rhea,605,2461057.500000,527210.362195,0.000948847251,28.244589002,170.030968725,179.699262394,83.629207708,79.645212731373
Saturn,Rhea,605,2461064.500000,527231.427801,0.001233580702,28.245356231,170.029239283,155.727172129,305.435992192,79.640439425401
Saturn,Rhea,605,2461071.500000,527246.939758,0.000788117410,28.246095134,170.027691197,196.008355760,102.985904883,79.636924838842
Saturn,Rhea,605,2461078.500000,527241.053691,0.001355108558,28.246933816,170.026246173,156.182441418,340.640200315,79.638258430814
Saturn,Rhea,605,2461085.500000,527217.523109,0.000816097618,28.247845751,170.024755802,178.553755143,156.103058020,79.643590069251
Saturn,Rhea,605,2461092.500000,527207.885998,0.001176222146,28.248737835,170.023062089,169.521741595,2.971061277,79.645773849984
Saturn,Rhea,605,2461099.500000,527245.570773,0.000719849518,28.249531396,170.021437295,154.609858752,215.717186452,79.637235003204
Saturn,Rhea,605,2461106.500000,527274.408464,0.001419238948,28.250349849,170.020006385,178.251464047,29.895643379,79.630701813343
Saturn,Rhea,605,2461113.500000,527222.546116,0.000834530883,28.251202381,170.018551326,156.548669215,249.427256210,79.642451889382
Saturn,Rhea,605,2461120.500000,527211.765078,0.001018998029,28.251981936,170.016853781,179.475804950,64.337921553,79.644894833798
Saturn,Rhea,605,2461127.500000,527228.195696,0.001145474641,28.252679361,170.015161669,153.670352609,287.977872388,79.641171764906
Saturn,Rhea,605,2461134.500000,527241.402975,0.000950293050,28.253393952,170.013655609,195.275544323,84.203999155,79.638179293347
Saturn,Rhea,605,2461141.500000,527235.520781,0.001256911958,28.254234106,170.012128036,151.242674859,326.064588891,79.639512042711
Saturn,Rhea,605,2461148.500000,527215.513201,0.000891939106,28.255104285,170.010467265,181.742439964,133.398967980,79.644045508467
Saturn,Rhea,605,2461155.500000,527208.055022,0.001164719939,28.255912331,170.008660711,166.846093851,346.131726830,79.645735548097
Saturn,Rhea,605,2461162.500000,527243.664646,0.000692939661,28.256668108,170.006971453,163.719470371,187.093042682,79.637666868347
Saturn,Rhea,605,2461169.500000,527275.422332,0.001455597386,28.257525676,170.005439242,172.498362157,16.134540967,79.630472137229
Saturn,Rhea,605,2461176.500000,527220.837100,0.000776726860,28.258396626,170.003876121,161.644694659,224.816613852,79.642839138036
Saturn,Rhea,605,2461183.500000,527206.487089,0.001074718188,28.259127836,170.002193412,178.078975726,46.220203529,79.646090852779
Saturn,Rhea,605,2461190.500000,527222.835084,0.001061048937,28.259791138,170.000576483,153.167349497,268.965887002,79.642386412165
Saturn,Rhea,605,2461197.500000,527241.528316,0.001095794707,28.260509898,169.999105182,192.647960483,67.316722617,79.638150894645
Saturn,Rhea,605,2461204.500000,527238.692279,0.001144289235,28.261344765,169.997481776,147.459962807,310.332665220,79.638793460632
Saturn,Rhea,605,2461211.500000,527218.295998,0.000964451190,28.262155278,169.995699555,183.309595479,112.317382837,79.643414935973
Saturn,Rhea,605,2461218.500000,527205.024087,0.001141340120,28.262878149,169.993876579,165.323583767,328.140349000,79.646422381571
Saturn,Rhea,605,2461225.500000,527235.441790,0.000718360657,28.263589692,169.992179320,171.412553211,159.885779861,79.639529940120
Saturn,Rhea,605,2461232.500000,527271.344821,0.001449782657,28.264441497,169.990502599,166.864207952,2.254495422,79.631395840327
Saturn,Rhea,605,2461239.500000,527223.130780,0.000744818981,28.265294051,169.988785507,168.282654666,198.663970086,79.642319410167
Saturn,Rhea,605,2461246.500000,527209.954469,0.001129154507,28.265991383,169.987119399,176.741531619,28.043390547,79.645305123481
Saturn,Rhea,605,2461253.500000,527224.395525,0.000989173167,28.266657117,169.985562773,152.790378356,249.828836092,79.642032832471
Saturn,Rhea,605,2461260.500000,527240.740853,0.001211462132,28.267395535,169.984061684,189.001815664,51.449097502,79.638329310647
Saturn,Rhea,605,2461267.500000,527235.896182,0.001020490157,28.268205801,169.982304872,145.475621606,292.803393105,79.639426985525
Saturn,Rhea,605,2461274.500000,527215.637946,0.001048849182,28.268946811,169.980430400,183.542288648,92.570234810,79.644017241534
Saturn,Rhea,605,2461281.500000,527203.882125,0.001120468043,28.269607109,169.978642340,163.908701853,310.041187406,79.646681161619
Saturn,Rhea,605,2461288.500000,527235.348605,0.000761419216,28.270301865,169.976959629,177.772740327,134.011401586,79.639551053654
Saturn,Rhea,605,2461295.500000,527274.843117,0.001428505625,28.271130810,169.975144287,161.773779417,347.831637594,79.630603349373
Saturn,Rhea,605,2461302.500000,527227.396761,0.000747478982,28.271946204,169.973291737,175.643714949,171.789211465,79.641352791506
Saturn,Rhea,605,2461309.500000,527208.030257,0.001173468564,28.272622945,169.971653108,175.117503008,10.154021043,79.645741159963
Saturn,Rhea,605,2461316.500000,527219.895001,0.000911066025,28.273310513,169.970127294,153.614005594,229.491270084,79.643052611049
Saturn,Rhea,605,2461323.500000,527238.638903,0.001306878298,28.274058453,169.968548789,184.733996426,36.203046212,79.638805554161
Saturn,Rhea,605,2461330.500000,527239.686031,0.000884902876,28.274814430,169.966690537,144.523743205,274.241669284,79.638568303515
Saturn,Rhea,605,2461337.500000,527222.089897,0.001139280469,28.275476007,169.964791318,183.325724275,73.272819847,79.642555264399
Saturn,Rhea,605,2461344.500000,527207.730127,0.001099869472,28.276088118,169.963055058,162.072074332,292.364515614,79.645809171279
Saturn,Rhea,605,2461351.500000,527231.742161,0.000823882971,28.276776025,169.961347375,181.990657937,110.280169209,79.640368197358
Saturn,Rhea,605,2461358.500000,527271.752276,0.001375912512,28.277554109,169.959387539,156.762034482,333.330529049,79.631303536262
Saturn,Rhea,605,2461365.500000,527227.999493,0.000802920752,28.278309779,169.957406258,182.895069122,145.023860488,79.641216221452
Saturn,Rhea,605,2461372.500000,527210.642641,0.001222659230,28.278990500,169.955759415,172.365566709,353.392153753,79.645149181212
Saturn,Rhea,605,2461379.500000,527224.450070,0.000820713816,28.279729643,169.954195112,155.961937208,207.629664089,79.642020473260
Saturn,Rhea,605,2461386.500000,527242.885915,0.001389218563,28.280486650,169.952513203,180.367727589,21.056318890,79.637843304157
Saturn,Rhea,605,2461393.500000,527241.872186,0.000745755837,28.281182096,169.950607086,146.923060103,252.329671161,79.638072984151
Saturn,Rhea,605,2461400.500000,527222.187115,0.001234394282,28.281780132,169.948746793,181.466289370,55.618882060,79.642533235816
Saturn,Rhea,605,2461407.500000,527206.294544,0.001050525183,28.282372616,169.947087045,160.676659891,274.246163785,79.646134484960
Saturn,Rhea,605,2461414.500000,527230.076359,0.000909074209,28.283058722,169.945358575,184.940408483,87.816832732,79.640745637477
Saturn,Rhea,605,2461421.500000,527276.319362,0.001294287829,28.283759929,169.943323310,151.565998329,319.013667897,79.630268930227
Saturn,Rhea,605,2461428.500000,527235.978582,0.000896003393,28.284427032,169.941274967,188.096453858,120.308983239,79.639408315786
Saturn,Rhea,605,2461435.500000,527214.117290,0.001249520556,28.285099319,169.939559463,168.653828091,337.590634458,79.644361820475
Saturn,Rhea,605,2461442.500000,527222.911457,0.000752467970,28.285866114,169.937837106,161.449398815,182.629367983,79.642369106683
Saturn,Rhea,605,2461449.500000,527240.465604,0.001437544530,28.286611466,169.935989577,175.045295240,6.865649322,79.638391674225
Saturn,Rhea,605,2461456.500000,527242.550686,0.000622966993,28.287254490,169.934056525,155.469173562,224.270592236,79.637919256640
Saturn,Rhea,605,2461463.500000,527228.548868,0.001333550441,28.287828177,169.932266022,177.993107563,39.578435136,79.641091741535
Saturn,Titan,606,2460735.500000,1221954.843533,0.028779397506,27.711021071,169.072566996,177.355983849,284.353526085,22.573731633725
Saturn,Titan,606,2460742.500000,1221946.037834,0.028760340890,27.710987133,169.072675459,177.628365066,82.120302011,22.573975643477
Saturn,Titan,606,2460749.500000,1221930.974450,0.028729144873,27.710942621,169.072779881,177.416732024,240.369675031,22.574393066610
Saturn,Titan,606,2460756.500000,1221920.032998,0.028794135196,27.710899757,169.072907942,177.582571752,38.242779471,22.574696274492
Saturn,Titan,606,2460763.500000,1221919.163201,0.028709049020,27.710868019,169.073042038,177.518484129,196.344304277,22.574720378484
Saturn,Titan,606,2460770.500000,1221952.147804,0.028828579248,27.710846358,169.073167203,177.513649439,354.387524644,22.573806333076
Saturn,Titan,606,2460777.500000,1221960.612136,0.028687151193,27.710826613,169.073300256,177.628009100,152.312584236,22.573571785598
Saturn,Titan,606,2460784.500000,1221970.893249,0.028809107632,27.710808134,169.073409668,177.440221778,310.539038122,22.573286900367
Saturn,Titan,606,2460791.500000,1221965.699742,0.028727614240,27.710769937,169.073503406,177.721663441,108.297044862,22.573430809460
Saturn,Titan,606,2460798.500000,1221962.980656,0.028753172191,27.710730022,169.073583880,177.434100093,266.623033791,22.573506154378
Saturn,Titan,606,2460805.500000,1221947.420742,0.028777477957,27.710687337,169.073699388,177.723873810,64.372924045,22.573937322194
Saturn,Titan,606,2460812.500000,1221917.952627,0.028721639528,27.710652005,169.073806329,177.549541386,222.584642577,22.574753926203
Saturn,Titan,606,2460819.500000,1221922.371688,0.028805031485,27.710605530,169.073948747,177.650823509,20.521728330,22.574631464515
Saturn,Titan,606,2460826.500000,1221931.429386,0.028698291409,27.710567992,169.074097533,177.639777671,178.571126848,22.574380459647
Saturn,Titan,606,2460833.500000,1221949.316036,0.028817737817,27.710536061,169.074215004,177.582170505,336.667144720,22.573884802567
Saturn,Titan,606,2460840.500000,1221951.198417,0.028707667736,27.710502596,169.074321550,177.754603379,134.533639116,22.573832640939
Saturn,Titan,606,2460847.500000,1221975.427720,0.028783516001,27.710470553,169.074406665,177.504725066,292.821847143,22.573161254058
Saturn,Titan,606,2460854.500000,1221974.696156,0.028748124825,27.710436597,169.074512576,177.843562423,90.523112442,22.573181524978
Saturn,Titan,606,2460861.500000,1221951.390633,0.028731715328,27.710386176,169.074607590,177.556866382,248.848144619,22.573827314564
Saturn,Titan,606,2460868.500000,1221940.446921,0.028794535328,27.710326258,169.074726883,177.793646608,46.650305413,22.574130572387
Saturn,Titan,606,2460875.500000,1221927.720160,0.028704575466,27.710269903,169.074844828,177.664190152,204.817566196,22.574483248312
Saturn,Titan,606,2460882.500000,1221928.396542,0.028809758996,27.710224782,169.074979130,177.726623646,2.793880569,22.574464504621
Saturn,Titan,606,2460889.500000,1221922.148543,0.028707388426,27.710194787,169.075097807,177.761830758,160.797011679,22.574637648296
Saturn,Titan,606,2460896.500000,1221947.893574,0.028800120356,27.710165828,169.075210518,177.643886875,318.952554532,22.573924219749
Saturn,Titan,606,2460903.500000,1221963.013530,0.028720998654,27.710119405,169.075324211,177.891110170,116.744741823,22.573505243445
Saturn,Titan,606,2460910.500000,1221971.778330,0.028757037482,27.710064379,169.075398815,177.599563654,275.074889555,22.573262375437
Saturn,Titan,606,2460917.500000,1221963.770850,0.028772574081,27.710005138,169.075500108,177.923112476,72.790951697,22.573484258340
Saturn,Titan,606,2460924.500000,1221952.549950,0.028707322004,27.709943716,169.075603170,177.676638319,231.075518927,22.573795189479
Saturn,Titan,606,2460931.500000,1221951.013824,0.028812830528,27.709895162,169.075720442,177.874099301,28.917429616,22.573837756074
Saturn,Titan,606,2460938.500000,1221922.536464,0.028702328513,27.709845493,169.075861246,177.785389216,187.044483343,22.574626898235
Saturn,Titan,606,2460945.500000,1221919.546698,0.028798365806,27.709796951,169.075990872,177.794167436,345.073523237,22.574709750922
Saturn,Titan,606,2460952.500000,1221930.403245,0.028709846891,27.709745029,169.076088167,177.895919437,143.010202414,22.574408895604
Saturn,Titan,606,2460959.500000,1221954.922202,0.028784226938,27.709694399,169.076171732,177.712650524,301.231560244,22.573729453774
Saturn,Titan,606,2460966.500000,1221954.476443,0.028741720637,27.709639005,169.076268058,177.988054719,98.995595196,22.573741805841
Saturn,Titan,606,2460973.500000,1221964.134933,0.028726857815,27.709584572,169.076344634,177.715430142,257.306077885,22.573474169735
Saturn,Titan,606,2460980.500000,1221975.204203,0.028800334443,27.709518141,169.076466989,178.016429085,55.044879904,22.573167447483
Saturn,Titan,606,2460987.500000,1221953.172368,0.028692095981,27.709449854,169.076596642,177.796357529,213.303904518,22.573777942083
Saturn,Titan,606,2460994.500000,1221938.514586,0.028810330470,27.709384331,169.076708157,177.933055038,11.205972911,22.574184119436
Saturn,Titan,606,2461001.500000,1221923.522166,0.028699864212,27.709327177,169.076826353,177.919600439,169.257448644,22.574599582468
Saturn,Titan,606,2461008.500000,1221932.896605,0.028798064910,27.709278314,169.076922698,177.856599571,327.358559148,22.574339800836
Saturn,Titan,606,2461015.500000,1221929.154751,0.028717727434,27.709231910,169.077020177,178.008762602,125.245443081,22.574443493372
Saturn,Titan,606,2461022.500000,1221943.383459,0.028755092007,27.709166595,169.077091690,177.815121201,283.476296009,22.574049198231
Saturn,Titan,606,2461029.500000,1221962.048032,0.028766790665,27.709088258,169.077188912,178.098109791,81.232555437,22.573531997173
Saturn,Titan,606,2461036.500000,1221970.890338,0.028701812460,27.709010306,169.077284875,177.819920801,239.549498496,22.573286981035
Saturn,Titan,606,2461043.500000,1221966.489843,0.028811070711,27.708940865,169.077398149,178.075736349,37.333429306,22.573408916128
Saturn,Titan,606,2461050.500000,1221944.456947,0.028684891273,27.708881162,169.077510973,177.940158490,195.507407905,22.574019451000
Saturn,Titan,606,2461057.500000,1221948.289035,0.028818082806,27.708818841,169.077634756,177.989414367,353.496858582,22.573913261297
Saturn,Titan,606,2461064.500000,1221929.620466,0.028696900901,27.708760926,169.077745694,178.042172541,151.483021159,22.574430587664
Saturn,Titan,606,2461071.500000,1221922.182802,0.028776990700,27.708693244,169.077801710,177.943179458,309.619488932,22.574636698915
Saturn,Titan,606,2461078.500000,1221929.291900,0.028734305504,27.708617851,169.077886123,178.126079953,107.475245596,22.574439692751
Saturn,Titan,606,2461085.500000,1221954.673032,0.028731689919,27.708537043,169.077966594,177.897571009,265.741463241,22.573736358320
Saturn,Titan,606,2461092.500000,1221962.718496,0.028783733869,27.708468700,169.078066909,178.184172404,63.494582729,22.573513418782
Saturn,Titan,606,2461099.500000,1221956.940354,0.028686874325,27.708384203,169.078181011,177.964693302,221.752432531,22.573673530537
Saturn,Titan,606,2461106.500000,1221968.217320,0.028823762099,27.708305308,169.078300727,178.129857033,19.626566829,22.573361048654
Saturn,Titan,606,2461113.500000,1221952.890704,0.028672517404,27.708237177,169.078396569,178.071375714,177.724244288,22.573785747066
Saturn,Titan,606,2461120.500000,1221941.805364,0.028806518610,27.708170931,169.078477320,178.054406709,335.779827406,22.574092928628
Saturn,Titan,606,2461127.500000,1221923.306510,0.028708355313,27.708103483,169.078558905,178.163736011,133.708973730,22.574605558706
Saturn,Titan,606,2461134.500000,1221932.360331,0.028760111452,27.708031741,169.078622699,178.010339954,291.899628977,22.574354661781
Saturn,Titan,606,2461141.500000,1221940.201689,0.028746333070,27.707945870,169.078714766,178.244529131,89.704887072,22.574137368038
Saturn,Titan,606,2461148.500000,1221944.953458,0.028712279892,27.707843033,169.078793928,178.020437786,247.966730223,22.574005692307
Saturn,Titan,606,2461155.500000,1221957.695655,0.028799860969,27.707752427,169.078891195,178.247695744,45.778562515,22.573652601104
Saturn,Titan,606,2461162.500000,1221963.712206,0.028667324583,27.707673170,169.079010514,178.096269604,203.968773252,22.573485883365
Saturn,Titan,606,2461169.500000,1221968.806168,0.028826552282,27.707608054,169.079103009,178.185574932,1.919087758,22.573344732009
Saturn,Titan,606,2461176.500000,1221941.163206,0.028680390862,27.707540743,169.079201873,178.204122740,159.939561547,22.574110723451
Saturn,Titan,606,2461183.500000,1221942.131758,0.028789486862,27.707460494,169.079269313,178.111206617,318.070270289,22.574083883963
Saturn,Titan,606,2461190.500000,1221938.827517,0.028713054467,27.707371945,169.079324393,178.303095997,115.917458977,22.574175447778
Saturn,Titan,606,2461197.500000,1221932.059188,0.028741999988,27.707272002,169.079364167,178.102503746,274.155827142,22.574363006880
Saturn,Titan,606,2461204.500000,1221932.378111,0.028761234880,27.707176433,169.079448291,178.324464076,71.972889048,22.574354169068
Saturn,Titan,606,2461211.500000,1221948.618513,0.028688897363,27.707084384,169.079550680,178.138350959,230.196639732,22.573904131275
Saturn,Titan,606,2461218.500000,1221966.236748,0.028814858597,27.706997969,169.079669276,178.319801913,28.054804596,22.573415929263
Saturn,Titan,606,2461225.500000,1221951.808112,0.028668510591,27.706917361,169.079781559,178.232597417,186.181119718,22.573815746058
Saturn,Titan,606,2461232.500000,1221957.192390,0.028811073117,27.706830018,169.079840816,178.231788659,344.220492030,22.573666546604
Saturn,Titan,606,2461239.500000,1221951.224227,0.028680931361,27.706747218,169.079908553,178.352085373,142.139343355,22.573831925717
Saturn,Titan,606,2461246.500000,1221949.579993,0.028775000958,27.706659730,169.079940472,178.175797567,300.354022205,22.573877488186
Saturn,Titan,606,2461253.500000,1221933.446744,0.028727450179,27.706573962,169.079996682,178.404481994,98.164380089,22.574324555707
Saturn,Titan,606,2461260.500000,1221932.319096,0.028716570834,27.706456475,169.080062261,178.204615495,256.401468602,22.574355804461
Saturn,Titan,606,2461267.500000,1221947.091439,0.028779171165,27.706349517,169.080162671,178.427512937,54.218059284,22.573946447389
Saturn,Titan,606,2461274.500000,1221945.036529,0.028678798778,27.706248804,169.080253260,178.259809219,212.424245894,22.574003390363
Saturn,Titan,606,2461281.500000,1221950.191863,0.028806886674,27.706157021,169.080337986,178.364656012,10.358184806,22.573860532981
Saturn,Titan,606,2461288.500000,1221950.670962,0.028667004391,27.706080041,169.080419942,178.378338400,168.383263550,22.573847256932
Saturn,Titan,606,2461295.500000,1221966.341637,0.028803477052,27.706000116,169.080474840,178.279938370,326.520542621,22.573413022833
Saturn,Titan,606,2461302.500000,1221948.729373,0.028693025496,27.705908303,169.080524159,178.473846402,124.366131042,22.573901059303
Saturn,Titan,606,2461309.500000,1221943.619531,0.028745572964,27.705788864,169.080535414,178.262118474,282.615457065,22.574042656492
Saturn,Titan,606,2461316.500000,1221947.729126,0.028746113730,27.705678095,169.080601140,178.526495941,80.390285185,22.573928776693
Saturn,Titan,606,2461323.500000,1221941.168043,0.028697569654,27.705560343,169.080677121,178.300756842,238.654262012,22.574110589412
Saturn,Titan,606,2461330.500000,1221937.069302,0.028782394884,27.705462952,169.080757510,178.491705456,36.502599088,22.574224169947
Saturn,Titan,606,2461337.500000,1221934.944649,0.028673936588,27.705362998,169.080866607,178.398664138,194.633660009,22.574283046748
Saturn,Titan,606,2461344.500000,1221955.837428,0.028805851687,27.705272393,169.080940160,178.416318446,352.654654529,22.573704092729
Saturn,Titan,606,2461351.500000,1221949.768643,0.028671239823,27.705185125,169.080966537,178.508443152,150.601904358,22.573872260594
Saturn,Titan,606,2461358.500000,1221954.224669,0.028774510180,27.705078758,169.080976870,178.350053521,308.798523744,22.573748782549
Saturn,Titan,606,2461365.500000,1221953.654251,0.028711207445,27.704972095,169.081027634,178.600892526,106.586834190,22.573764588971
Saturn,Titan,606,2461372.500000,1221958.939523,0.028719951960,27.704856837,169.081060088,178.332898647,264.893049421,22.573618133543
Saturn,Titan,606,2461379.500000,1221951.273198,0.028760274625,27.704738606,169.081124852,178.620343590,62.645339797,22.573830568738
Saturn,Titan,606,2461386.500000,1221930.550668,0.028686088271,27.704610156,169.081210251,178.428890545,220.874761844,22.574404810270
Saturn,Titan,606,2461393.500000,1221938.769575,0.028788595857,27.704502780,169.081274891,178.555684476,18.786797541,22.574177053426
Saturn,Titan,606,2461400.500000,1221937.948072,0.028666695896,27.704412745,169.081346640,178.524336465,176.856876678,22.574199818188
Saturn,Titan,606,2461407.500000,1221943.319203,0.028786003461,27.704318767,169.081371526,178.480554100,334.938981836,22.574050978811
Saturn,Titan,606,2461414.500000,1221940.788187,0.028688054514,27.704222986,169.081411582,178.632664183,132.825616770,22.574121115574
Saturn,Titan,606,2461421.500000,1221965.688322,0.028747719686,27.704100142,169.081421493,178.405199260,291.091146974,22.573431125915
Saturn,Titan,606,2461428.500000,1221967.655609,0.028727171166,27.703976262,169.081444617,178.726356763,88.809958129,22.573376613340
Saturn,Titan,606,2461435.500000,1221952.179109,0.028697214300,27.703839036,169.081467609,178.445993666,247.128716205,22.573805465592
Saturn,Titan,606,2461442.500000,1221950.800734,0.028775223717,27.703721107,169.081532641,178.690106110,44.923772264,22.573843660889
Saturn,Titan,606,2461449.500000,1221939.063288,0.028667180194,27.703617567,169.081615845,178.543499469,203.108855995,22.574168914308
Saturn,Titan,606,2461456.500000,1221933.580270,0.028783630374,27.703514079,169.081674812,178.624160405,1.067235325,22.574320855537
Saturn,Titan,606,2461463.500000,1221920.072918,0.028680197493,27.703411753,169.081721684,178.645036810,159.084664061,22.574695168223
Saturn,Iapetus,608,2460735.500000,3561146.479718,0.028454851368,17.024172545,138.906007805,231.169621291,153.380842317,4.536810454241
Saturn,Iapetus,608,2460742.500000,3560035.273506,0.028877117350,17.017892130,138.894189532,232.381248757,183.860579510,4.538934755665
Saturn,Iapetus,608,2460749.500000,3564735.941754,0.027871718765,17.021614668,138.921320952,230.610379133,217.404691543,4.529959760789
Saturn,Iapetus,608,2460756.500000,3559418.438898,0.029124104748,17.023448478,138.884584774,232.269313461,247.583281130,4.540114678755
Saturn,Iapetus,608,2460763.500000,3560473.030669,0.028571797061,17.015729385,138.912523952,231.816939688,279.717530047,4.538097694081
Saturn,Iapetus,608,2460770.500000,3565240.212821,0.029651574912,17.023700818,138.908118190,230.188297030,313.162036699,4.528998711857
Saturn,Iapetus,608,2460777.500000,3559218.284317,0.028507454068,17.017093964,138.896070487,232.250948013,342.882947910,4.540497657876
Saturn,Iapetus,608,2460784.500000,3561692.846072,0.029129108289,17.017083640,138.905315264,230.999606448,15.817749546,4.535766569087
Saturn,Iapetus,608,2460791.500000,3564444.461959,0.029266025724,17.018938980,138.909214699,233.187503212,45.462689798,4.530515423284
Saturn,Iapetus,608,2460798.500000,3558150.582356,0.028527620352,17.020030987,138.891364977,230.327342058,80.100534949,4.542541526649
Saturn,Iapetus,608,2460805.500000,3562894.251597,0.028752151774,17.012511995,138.911125137,232.853323308,109.273844843,4.533472576383
Saturn,Iapetus,608,2460812.500000,3563784.620563,0.027908807210,17.021727158,138.909479051,232.231825175,141.731039812,4.531773731646
Saturn,Iapetus,608,2460819.500000,3558756.523162,0.029248165849,17.011382844,138.887351037,231.733149190,173.975570239,4.541381404812
Saturn,Iapetus,608,2460826.500000,3563583.499683,0.027939266658,17.015440053,138.917041353,231.771606971,205.634774915,4.532157382195
Saturn,Iapetus,608,2460833.500000,3562546.575845,0.028762233963,17.016836527,138.892472757,230.793046247,238.481440823,4.534136237997
Saturn,Iapetus,608,2460840.500000,3558238.284698,0.028767533751,17.013450521,138.900308035,233.162165248,267.823689066,4.542373582976
Saturn,Iapetus,608,2460847.500000,3564708.413421,0.029200641060,17.012723454,138.907698177,229.926982536,302.809743692,4.530012234567
Saturn,Iapetus,608,2460854.500000,3561647.934793,0.029197832770,17.016590640,138.903509627,232.161585356,332.407899590,4.535852361278
Saturn,Iapetus,608,2460861.500000,3559245.770253,0.028477020197,17.009073373,138.887653418,231.200412827,5.075538859,4.540445062637
Saturn,Iapetus,608,2460868.500000,3564986.288985,0.029718285646,17.012517197,138.919044282,232.720294338,35.304559323,4.529482602021
Saturn,Iapetus,608,2460875.500000,3560441.033727,0.028501845223,17.015467005,138.884680099,231.743366557,68.131168130,4.538158868628
Saturn,Iapetus,608,2460882.500000,3559625.035656,0.029013432471,17.006825621,138.906959269,231.203075118,100.356051698,4.539719429527
Saturn,Iapetus,608,2460889.500000,3564938.858186,0.027969644921,17.013857644,138.906314832,233.339346397,130.018340932,4.529572998115
Saturn,Iapetus,608,2460896.500000,3560050.441545,0.028832597373,17.009560914,138.895377095,231.218933384,163.943583335,4.538905747648
Saturn,Iapetus,608,2460903.500000,3561083.103381,0.028573015215,17.007644430,138.896982357,232.579837125,194.260572585,4.536931566710
Saturn,Iapetus,608,2460910.500000,3564703.961508,0.028137539053,17.009695004,138.909861388,230.303490885,228.351176882,4.530020720782
Saturn,Iapetus,608,2460917.500000,3558295.761818,0.029101132848,17.011415403,138.882750336,233.148770499,257.303951389,4.542263524039
Saturn,Iapetus,608,2460924.500000,3562032.082909,0.028700605652,17.003288423,138.907013672,231.115001106,291.030352701,4.535118626101
Saturn,Iapetus,608,2460931.500000,3564406.146972,0.029736254512,17.013280791,138.903812265,231.169887568,322.812293761,4.530588473505
Saturn,Iapetus,608,2460938.500000,3558762.286624,0.028368429584,17.003489794,138.884055157,232.034755112,353.701911378,4.541370372578
Saturn,Iapetus,608,2460945.500000,3563064.889478,0.029501531353,17.006014977,138.908831715,231.662149375,25.766088751,4.533146913118
Saturn,Iapetus,608,2460952.500000,3563381.397767,0.028953425207,17.007888924,138.892994394,233.156253646,56.127727708,4.532542958664
Saturn,Iapetus,608,2460959.500000,3557934.874876,0.028781874339,17.005974865,138.892080280,230.323943209,90.700595850,4.542954634985
Saturn,Iapetus,608,2460966.500000,3563984.745077,0.028487554953,17.002689637,138.902452461,233.463086371,119.288698144,4.531392035447
Saturn,Iapetus,608,2460973.500000,3562775.524889,0.028108984481,17.008762783,138.902323348,231.742614138,152.845897707,4.533699189912
Saturn,Iapetus,608,2460980.500000,3558925.862682,0.029223814579,16.999393079,138.878303342,232.410947027,183.894519780,4.541057279123
Saturn,Iapetus,608,2460987.500000,3564537.710746,0.027853572609,17.003356657,138.914016248,231.168013647,216.866101229,4.530337646105
Saturn,Iapetus,608,2460994.500000,3560827.612080,0.029066326034,17.006028394,138.876464011,231.822435072,248.077066700,4.537419866396
Saturn,Iapetus,608,2461001.500000,3559199.380457,0.028622840928,16.998881361,138.898642686,232.767888191,278.818304697,4.540533831620
Saturn,Iapetus,608,2461008.500000,3565172.018364,0.029573739350,17.003830267,138.898775399,230.305526028,313.067193187,4.529128658217
Saturn,Iapetus,608,2461015.500000,3560448.615875,0.028883098749,17.001480353,138.890172236,232.516574223,342.666658390,4.538144372292
Saturn,Iapetus,608,2461022.500000,3560117.557682,0.028789146588,16.998156646,138.884894764,231.218753876,15.659539014,4.538777395546
Saturn,Iapetus,608,2461029.500000,3565071.567215,0.029557298632,17.000209259,138.905756305,233.435183160,45.229253526,4.529320081884
Saturn,Iapetus,608,2461036.500000,3559105.834509,0.028511384781,17.003677774,138.876324634,231.123352492,79.365117034,4.540712844840
Saturn,Iapetus,608,2461043.500000,3561127.732520,0.028998762510,16.993277676,138.898564674,232.254816864,109.913755261,4.536846279661
Saturn,Iapetus,608,2461050.500000,3564687.179242,0.027827126546,17.003531493,138.899186094,232.911308040,141.081960123,4.530052711290
Saturn,Iapetus,608,2461057.500000,3558999.214141,0.029207358614,16.994484391,138.876747064,231.675383579,174.096851336,4.540916892132
Saturn,Iapetus,608,2461064.500000,3562502.166479,0.028204718090,16.996512524,138.898457110,232.348467901,205.102164717,4.534221020573
Saturn,Iapetus,608,2461071.500000,3563807.467662,0.028534902331,16.998015270,138.888240610,230.597116049,238.702119098,4.531730152810
Saturn,Iapetus,608,2461078.500000,3558052.176444,0.028919061818,16.997364862,138.880537144,233.535133971,267.516832070,4.542729979212
Saturn,Iapetus,608,2461085.500000,3563331.142031,0.028980104613,16.992222221,138.894450441,230.725742873,302.044699199,4.532638846646
Saturn,Iapetus,608,2461092.500000,3563333.533539,0.029607014861,17.000102648,138.893650540,232.040869554,332.569217835,4.532634283569
Saturn,Iapetus,608,2461099.500000,3558583.244261,0.028347139746,16.990764074,138.869514549,231.785354113,4.559764977,4.541713110623
Saturn,Iapetus,608,2461106.500000,3564374.906760,0.029750326662,16.993610576,138.905108897,232.568977887,35.481165591,4.530648036623
Saturn,Iapetus,608,2461113.500000,3561931.312731,0.028668053636,16.997110467,138.872955485,232.745354259,67.175139735,4.535311081222
Saturn,Iapetus,608,2461120.500000,3558463.281367,0.029041748839,16.990116150,138.887581370,230.850064297,100.771684150,4.541942777868
Saturn,Iapetus,608,2461127.500000,3564672.562510,0.028158715658,16.993539220,138.890852648,233.655105939,129.733514279,4.530080574143
Saturn,Iapetus,608,2461134.500000,3561416.095408,0.028501422885,16.993468708,138.885387536,231.538841572,163.674661498,4.536295277652
Saturn,Iapetus,608,2461141.500000,3559874.892406,0.028927735084,16.988357624,138.872547480,232.829250324,194.078432704,4.539241494344
Saturn,Iapetus,608,2461148.500000,3564825.715627,0.028003576960,16.990615702,138.898689471,230.770685320,227.904667431,4.529788643248
Saturn,Iapetus,608,2461155.500000,3559500.954838,0.029148213461,16.994185425,138.863129277,232.786444769,257.731332013,4.539956807048
Saturn,Iapetus,608,2461162.500000,3560308.871354,0.028595520322,16.984550187,138.887978166,232.271664495,289.926214626,4.538411562747
Saturn,Iapetus,608,2461169.500000,3565272.258793,0.029853512834,16.994030724,138.887659615,231.008442163,323.005462201,4.528937649547
Saturn,Iapetus,608,2461176.500000,3559332.787429,0.028562654888,16.986438587,138.869082831,232.593642984,353.208150015,4.540278559116
Saturn,Iapetus,608,2461183.500000,3561584.567283,0.029225547742,16.986742999,138.882811316,231.611546261,25.871876567,4.535973414259
Saturn,Iapetus,608,2461190.500000,3564420.312822,0.029213532913,16.988480962,138.881585588,233.772295090,55.543860521,4.530561465086
Saturn,Iapetus,608,2461197.500000,3558326.198570,0.028709877194,16.989542439,138.868735159,230.812978677,90.280994295,4.542205244621
Saturn,Iapetus,608,2461204.500000,3562550.359335,0.028767099508,16.982088143,138.882682810,233.136491625,119.660383198,4.534129015002
Saturn,Iapetus,608,2461211.500000,3564037.090051,0.027875549562,16.990976922,138.886165426,232.427921114,152.200806169,4.531292207055
Saturn,Iapetus,608,2461218.500000,3558616.084086,0.029339179810,16.981052496,138.856464580,232.330558153,184.052753201,4.541650242623
Saturn,Iapetus,608,2461225.500000,3563634.589480,0.027985586231,16.984082652,138.891288720,231.921834068,216.151798823,4.532059920111
Saturn,Iapetus,608,2461232.500000,3562605.623329,0.028889539695,16.986931507,138.862006450,231.257162217,248.688785289,4.534023513665
Saturn,Iapetus,608,2461239.500000,3558191.646063,0.028692147121,16.981944183,138.872776115,233.626212428,278.028915981,4.542462891318
Saturn,Iapetus,608,2461246.500000,3564595.837246,0.029394281594,16.982833569,138.877736215,230.649215792,312.759824679,4.530226834834
Saturn,Iapetus,608,2461253.500000,3561845.372947,0.029255795526,16.984826842,138.873813566,232.726978120,342.512465015,4.535475223385
Saturn,Iapetus,608,2461260.500000,3559118.737819,0.028551902653,16.979039960,138.856364138,231.627964346,15.325229893,4.540688151858
Saturn,Iapetus,608,2461267.500000,3564947.771357,0.029692168338,16.980751441,138.887294944,233.464854660,45.229857163,4.529556010698
Saturn,Iapetus,608,2461274.500000,3560590.684670,0.028565387306,16.985486584,138.854473252,232.197757527,78.350306034,4.537872764714
Saturn,Iapetus,608,2461281.500000,3559428.892538,0.029134463549,16.975148539,138.873077866,231.669925122,110.565255341,4.540094678064
Saturn,Iapetus,608,2461288.500000,3564999.386894,0.027887491707,16.983395460,138.876286584,233.532365918,140.496829818,4.529457639873
Saturn,Iapetus,608,2461295.500000,3559999.890052,0.028943674816,16.977819167,138.859011691,231.689165065,174.153736032,4.539002425717
Saturn,Iapetus,608,2461302.500000,3561115.926237,0.028544286267,16.976940918,138.865906283,232.930687614,204.584928382,4.536868841409
Saturn,Iapetus,608,2461309.500000,3564689.705760,0.028303706218,16.978358042,138.872284221,230.621490296,238.710268775,4.530047895193
Saturn,Iapetus,608,2461316.500000,3558409.248949,0.029022063646,16.980553472,138.850894281,233.655768582,267.471808224,4.542046228483
Saturn,Iapetus,608,2461323.500000,3561822.816149,0.028777373697,16.972195175,138.868634355,231.687432748,301.138459001,4.535518307769
Saturn,Iapetus,608,2461330.500000,3564510.048973,0.029836438997,16.981704265,138.870950286,231.955700568,332.699700676,4.530390381577
Saturn,Iapetus,608,2461337.500000,3558799.326735,0.028410554861,16.972846200,138.844677066,232.441945754,3.980420652,4.541299472644
Saturn,Iapetus,608,2461344.500000,3562949.670336,0.029540011759,16.974279279,138.873727144,232.344059363,35.759151325,4.533366805162
Saturn,Iapetus,608,2461351.500000,3563474.096437,0.028889189936,16.977417135,138.853351204,233.735400621,66.230296404,4.532366098405
Saturn,Iapetus,608,2461358.500000,3557920.052468,0.028960688641,16.974086218,138.855767958,230.820505036,100.883168778,4.542983024155
Saturn,Iapetus,608,2461365.500000,3563853.094541,0.028416586693,16.972132495,138.862938629,233.778022098,129.655071616,4.531643125638
Saturn,Iapetus,608,2461372.500000,3562815.613606,0.028153862269,16.976620387,138.863987145,231.973656807,163.297156128,4.533622670513
Saturn,Iapetus,608,2461379.500000,3558995.416571,0.029184854864,16.969143975,138.838251263,232.993423211,193.996783101,4.540924160106
Saturn,Iapetus,608,2461386.500000,3564418.474853,0.027967891512,16.971228229,138.872173115,231.404046651,227.312805473,4.530564969317
Saturn,Iapetus,608,2461393.500000,3561061.106501,0.029077167111,16.975676023,138.836448661,232.293554187,258.288062195,4.536973604106
Saturn,Iapetus,608,2461400.500000,3558998.457065,0.028561339981,16.966945639,138.855718509,233.294313252,288.977901290,4.540918341059
Saturn,Iapetus,608,2461407.500000,3565164.634940,0.029717492195,16.973095755,138.858338470,231.094281854,322.959473848,4.529142727902
Saturn,Iapetus,608,2461414.500000,3560637.130441,0.028907681441,16.969823846,138.845886546,233.070865099,352.801534948,4.537783975417
Saturn,Iapetus,608,2461421.500000,3559961.340266,0.028848933767,16.967408960,138.842677319,231.690471297,25.872347707,4.539076153223
Saturn,Iapetus,608,2461428.500000,3565099.813679,0.029450486890,16.968589078,138.858916816,234.200943992,55.151841615,4.529266252948
Saturn,Iapetus,608,2461435.500000,3559212.016577,0.028624892102,16.972652149,138.835249988,231.583339754,89.588405380,4.540509651543
Saturn,Iapetus,608,2461442.500000,3560968.750303,0.029009222664,16.962051511,138.850463767,232.740456359,120.119771268,4.537150109593
Saturn,Iapetus,608,2461449.500000,3564693.121837,0.027782313272,16.972047860,138.856636810,233.055592439,151.622510765,4.530041383417
Saturn,Iapetus,608,2461456.500000,3559116.346957,0.029213746961,16.963523660,138.827692628,232.279761313,184.186306856,4.540692727219
Saturn,Iapetus,608,2461463.500000,3562319.803655,0.028236709613,16.964824399,138.852470260,232.669702042,215.470888664,4.534569199842
Uranus,Ariel,701,2460735.500000,190945.983946,0.000237709668,97.712602946,167.662183221,243.477736846,125.698218135,142.810816865821
Uranus,Ariel,701,2460742.500000,190942.730094,0.000663765548,97.712670828,167.662276875,240.848895881,48.179922401,142.814467336579
Uranus,Ariel,701,2460749.500000,190943.162772,0.000499431648,97.712706821,167.662334989,211.501739309,357.379347764,142.813981909240
Uranus,Ariel,701,2460756.500000,190946.311969,0.000492961803,97.712750423,167.662399690,225.403986944,263.329561470,142.810448867937
Uranus,Ariel,701,2460763.500000,190964.170330,0.000308812006,97.712793777,167.662441857,228.589919891,179.980065277,142.790416568434
Uranus,Ariel,701,2460770.500000,190945.927366,0.000482576827,97.712851696,167.662484525,231.135070024,97.275331443,142.810880340907
Uranus,Ariel,701,2460777.500000,190943.139771,0.000520086305,97.712923490,167.662548110,247.627862234,0.635041555,142.814007714463
Uranus,Ariel,701,2460784.500000,190942.483589,0.000656797595,97.712981939,167.662618600,216.040418350,312.075845515,142.814743894452
Uranus,Ariel,701,2460791.500000,190945.546784,0.000243261139,97.713042588,167.662682726,221.817259735,226.150241288,142.811307305873
Uranus,Ariel,701,2460798.500000,190945.277121,0.000539889559,97.713099911,167.662746214,235.936675418,131.879231885,142.811609833524
Uranus,Ariel,701,2460805.500000,190947.256291,0.000349435374,97.713156016,167.662814092,231.696567354,55.967622809,142.809389474345
Uranus,Ariel,701,2460812.500000,190944.402257,0.000650316583,97.713208380,167.662873551,238.464739245,329.047329677,142.812591331252
Uranus,Ariel,701,2460819.500000,190942.635380,0.000470450607,97.713253721,167.662938741,201.907488895,285.455842311,142.814573598186
Uranus,Ariel,701,2460826.500000,190939.750134,0.000427142810,97.713314718,167.662977771,247.777560145,159.437851769,142.817810666332
Uranus,Ariel,701,2460833.500000,190943.206358,0.000503887805,97.713373935,167.663033783,226.923102357,100.146144463,142.813933010216
Uranus,Ariel,701,2460840.500000,190956.870152,0.000543217571,97.713439718,167.663085541,239.271677326,7.640372657,142.798604847650
Uranus,Ariel,701,2460847.500000,190950.341053,0.000410824247,97.713501723,167.663148630,226.221591279,300.523981299,142.805928905962
Uranus,Ariel,701,2460854.500000,190940.887738,0.000503905271,97.713558190,167.663211459,225.829941842,220.764384771,142.816534330703
Uranus,Ariel,701,2460861.500000,190943.164307,0.000274880905,97.713624538,167.663266909,244.139615787,122.309499788,142.813980187593
Uranus,Ariel,701,2460868.500000,190944.669430,0.000669867767,97.713681401,167.663332821,242.892982125,43.406089805,142.812291592256
Uranus,Ariel,701,2460875.500000,190947.917317,0.000484103936,97.713729820,167.663390165,209.385418220,356.764914569,142.808647905737
Uranus,Ariel,701,2460882.500000,190948.522269,0.000493137062,97.713779167,167.663445896,237.473019347,248.524744357,142.807969249096
Uranus,Ariel,701,2460889.500000,190949.176940,0.000385750755,97.713836686,167.663488302,211.688727076,194.158959669,142.807234822201
Uranus,Ariel,701,2460896.500000,190946.578475,0.000471684862,97.713890677,167.663527987,265.290614495,60.406458660,142.810149885361
Uranus,Ariel,701,2460903.500000,190944.049606,0.000666355061,97.713988572,167.663579411,228.128564012,17.423239181,142.812986967538
Uranus,Ariel,701,2460910.500000,190943.153603,0.000407956312,97.714046196,167.663639324,232.157700186,293.245781003,142.813992196581
Uranus,Ariel,701,2460917.500000,190951.975794,0.000464902457,97.714112015,167.663701043,224.275263505,220.979517293,142.804095065836
Uranus,Ariel,701,2460924.500000,190956.046014,0.000429866316,97.714153851,167.663762256,244.470187897,120.612663531,142.799529294841
Uranus,Ariel,701,2460931.500000,190942.908746,0.000403895172,97.714201412,167.663807569,233.476222822,51.455262635,142.814266904259
Uranus,Ariel,701,2460938.500000,190940.213678,0.000618634830,97.714267075,167.663847381,240.412586725,324.369496685,142.817290590913
Uranus,Ariel,701,2460945.500000,190942.224281,0.000441282654,97.714334263,167.663910276,207.089087393,277.547284407,142.815034818470
Uranus,Ariel,701,2460952.500000,190944.413406,0.000435336743,97.714390602,167.663949000,257.858976447,146.625673423,142.812578822872
Uranus,Ariel,701,2460959.500000,190945.082456,0.000546566030,97.714451839,167.663990763,227.894558423,96.440029017,142.811828224893
Uranus,Ariel,701,2460966.500000,190946.200059,0.000456654339,97.714526761,167.664032812,251.399504134,352.781798964,142.810574416057
Uranus,Ariel,701,2460973.500000,190943.971981,0.000614866509,97.714597918,167.664073825,222.179847067,301.850926340,142.813074054547
Uranus,Ariel,701,2460980.500000,190942.746257,0.000224219356,97.714680407,167.664148602,232.161721939,211.719325531,142.814449202586
Uranus,Ariel,701,2460987.500000,190941.201706,0.000550566938,97.714735202,167.664198763,248.339939584,115.395205425,142.816182076835
Uranus,Ariel,701,2460994.500000,190947.955684,0.000451793993,97.714792605,167.664248949,237.326431363,46.258952437,142.808604864124
Uranus,Ariel,701,2461001.500000,190961.818330,0.000581959755,97.714836986,167.664291847,225.748195108,337.675155967,142.793054615743
Uranus,Ariel,701,2461008.500000,190946.903225,0.000444642026,97.714896814,167.664319772,235.054641105,248.205592846,142.809785562366
Uranus,Ariel,701,2461015.500000,190942.010541,0.000381909486,97.714968472,167.664354786,223.621231134,179.493628024,142.815274618886
Uranus,Ariel,701,2461022.500000,190944.662181,0.000495497946,97.715040362,167.664407258,268.758458658,54.208592972,142.812299725010
Uranus,Ariel,701,2461029.500000,190945.017302,0.000672844473,97.715115364,167.664444903,230.096504541,12.722424109,142.811901319794
Uranus,Ariel,701,2461036.500000,190947.577761,0.000357287685,97.715184652,167.664495671,233.141010907,289.526115775,142.809028834529
Uranus,Ariel,701,2461043.500000,190946.220873,0.000526477585,97.715260567,167.664550925,230.356903244,212.158418795,142.810551065134
Uranus,Ariel,701,2461050.500000,190947.049242,0.000230683828,97.715324794,167.664596446,246.281665426,116.081650921,142.809621752260
Uranus,Ariel,701,2461057.500000,190942.550890,0.000639716214,97.715376849,167.664650996,252.469563872,29.743831835,142.814668388313
Uranus,Ariel,701,2461064.500000,190942.027557,0.000503533985,97.715448143,167.664678493,219.996097557,342.070238066,142.815255527509
Uranus,Ariel,701,2461071.500000,190942.314503,0.000477980513,97.715509491,167.664718975,242.025399024,239.893495871,142.814933596184
Uranus,Ariel,701,2461078.500000,190959.335457,0.000361223705,97.715573676,167.664755232,234.710537624,167.052476614,142.795839539436
Uranus,Ariel,701,2461085.500000,190948.138143,0.000502800886,97.715643771,167.664789486,240.332455815,81.262829171,142.808400175224
Uranus,Ariel,701,2461092.500000,190941.663853,0.000461045942,97.715712262,167.664831320,252.040684206,349.404271207,142.815663578179
Uranus,Ariel,701,2461099.500000,190939.934397,0.000597300430,97.715784722,167.664869924,228.411153900,292.886976503,142.817603931638
Uranus,Ariel,701,2461106.500000,190944.271499,0.000225991251,97.715870718,167.664918700,240.356986097,200.792388750,142.812738027147
Uranus,Ariel,701,2461113.500000,190944.690361,0.000580136312,97.715925053,167.664969171,250.245577915,110.751993823,142.812268109644
Uranus,Ariel,701,2461120.500000,190946.837676,0.000413799758,97.715984936,167.665016186,231.680150619,49.166221013,142.809859098788
Uranus,Ariel,701,2461127.500000,190946.076471,0.000607029985,97.716042592,167.665043052,245.659001905,315.034381940,142.810713064432
Uranus,Ariel,701,2461134.500000,190945.910049,0.000434331861,97.716098832,167.665069279,209.371958361,271.172074060,142.810899769059
Uranus,Ariel,701,2461141.500000,190944.010127,0.000390947064,97.716200255,167.665097329,267.823323710,132.572341851,142.813031259619
Uranus,Ariel,701,2461148.500000,190945.038005,0.000555778098,97.716266394,167.665134439,242.264939705,77.986014834,142.811878093587
Uranus,Ariel,701,2461155.500000,190954.444642,0.000531915783,97.716336787,167.665170162,249.229802320,350.869533052,142.801325605596
Uranus,Ariel,701,2461162.500000,190959.383521,0.000434063070,97.716400128,167.665216048,228.010286010,291.921588597,142.795785627415
Uranus,Ariel,701,2461169.500000,190944.475332,0.000476774217,97.716460320,167.665249603,234.984824066,204.792115230,142.812509348621
Uranus,Ariel,701,2461176.500000,190942.684311,0.000275330683,97.716522147,167.665277327,249.405174311,110.226221661,142.814518701400
Uranus,Ariel,701,2461183.500000,190943.483867,0.000646981941,97.716606741,167.665326557,255.203544550,24.278821472,142.813621670925
Uranus,Ariel,701,2461190.500000,190944.900605,0.000476574039,97.716658957,167.665351140,220.458474697,338.875088984,142.812032240140
Uranus,Ariel,701,2461197.500000,190945.475700,0.000478793280,97.716723791,167.665378449,252.456683269,226.723289487,142.811387052234
Uranus,Ariel,701,2461204.500000,190944.804450,0.000449551879,97.716802875,167.665394497,227.508104305,171.521780285,142.812140115141
Uranus,Ariel,701,2461211.500000,190944.320769,0.000457925450,97.716878404,167.665413880,270.723671691,48.153176395,142.812682751418
Uranus,Ariel,701,2461218.500000,190940.625085,0.000640328087,97.716969403,167.665455855,235.261559016,3.467689964,142.816829012476
Uranus,Ariel,701,2461225.500000,190941.496624,0.000333651731,97.717039632,167.665492635,238.216493774,280.363869315,142.815851197669
Uranus,Ariel,701,2461232.500000,190945.492008,0.000467379818,97.717109866,167.665528503,244.200868407,194.232589736,142.811368757680
Uranus,Ariel,701,2461239.500000,190962.533196,0.000444509958,97.717166712,167.665566131,260.907761640,97.359595951,142.792252800281
Uranus,Ariel,701,2461246.500000,190945.185666,0.000468068424,97.717225164,167.665585720,239.163097250,38.945153268,142.811712435094
Uranus,Ariel,701,2461253.500000,190942.197422,0.000593874887,97.717293480,167.665605117,245.774663185,312.183524712,142.815064951395
Uranus,Ariel,701,2461260.500000,190942.761556,0.000419642448,97.717366551,167.665634261,215.182831289,262.630919036,142.814432039307
Uranus,Ariel,701,2461267.500000,190946.618189,0.000413478129,97.717445840,167.665644008,277.115329067,120.547426584,142.810105331875
Uranus,Ariel,701,2461274.500000,190946.468277,0.000582284851,97.717525752,167.665676259,242.785307437,74.728170693,142.810273512325
Uranus,Ariel,701,2461281.500000,190947.873134,0.000462518646,97.717612294,167.665707434,256.925746838,340.434106133,142.808697471912
Uranus,Ariel,701,2461288.500000,190945.537626,0.000622023929,97.717684084,167.665739141,232.078053320,285.131692613,142.811317579259
Uranus,Ariel,701,2461295.500000,190945.319850,0.000196873653,97.717750187,167.665776435,234.845102395,202.213370295,142.811561896684
Uranus,Ariel,701,2461302.500000,190941.566375,0.000535236961,97.717826855,167.665791775,260.961154949,95.951094752,142.815772941931
Uranus,Ariel,701,2461309.500000,190945.025910,0.000463049067,97.717893673,167.665823062,244.606243230,32.158169186,142.811891662778
Uranus,Ariel,701,2461316.500000,190958.001694,0.000587024472,97.717952531,167.665846385,241.837339617,314.771875115,142.797335596920
Uranus,Ariel,701,2461323.500000,190950.616161,0.000427561081,97.718014814,167.665859088,246.947702493,229.492365901,142.805620289122
Uranus,Ariel,701,2461330.500000,190941.054892,0.000421379841,97.718089942,167.665877117,234.385100491,161.906781132,142.816346792700
Uranus,Ariel,701,2461337.500000,190941.761102,0.000465478187,97.718160254,167.665895965,274.277712630,41.866175915,142.815554471466
Uranus,Ariel,701,2461344.500000,190942.916138,0.000651561875,97.718265717,167.665915275,240.049315477,355.947448237,142.814258611529
Uranus,Ariel,701,2461351.500000,190945.722331,0.000304370243,97.718330927,167.665954750,244.295204720,271.549271810,142.811110363972
Uranus,Ariel,701,2461358.500000,190944.780568,0.000541164607,97.718398618,167.665986374,247.372607024,188.319979977,142.812166907386
Uranus,Ariel,701,2461365.500000,190945.243779,0.000300172520,97.718457922,167.666004621,248.733964964,106.806175334,142.811647239370
Uranus,Ariel,701,2461372.500000,190942.764626,0.000643274385,97.718516059,167.666016012,259.329998872,16.059178280,142.814428595084
Uranus,Ariel,701,2461379.500000,190941.606260,0.000487670108,97.718602431,167.666020855,223.921206179,331.320360825,142.815728193166
Uranus,Ariel,701,2461386.500000,190942.423454,0.000417847414,97.718677269,167.666042898,257.383097705,217.710873994,142.814811361122
Uranus,Ariel,701,2461393.500000,190953.348112,0.000407365724,97.718746705,167.666054045,250.375901750,144.569184778,142.802555640259
Uranus,Ariel,701,2461400.500000,190957.710316,0.000568617264,97.718818603,167.666070194,256.667586231,58.107481600,142.797662433946
Uranus,Ariel,701,2461407.500000,190945.822950,0.000463653494,97.718892606,167.666088027,254.399438718,340.222840800,142.810997482564
Uranus,Ariel,701,2461414.500000,190944.337134,0.000592309725,97.718960587,167.666101237,235.012979511,279.462108920,142.812664391400
Uranus,Ariel,701,2461421.500000,190946.321740,0.000198700370,97.719050402,167.666135773,244.299198254,190.029967828,142.810437906748
Uranus,Ariel,701,2461428.500000,190947.602703,0.000576027321,97.719104213,167.666149215,265.758616124,88.420272315,142.809000853439
Uranus,Ariel,701,2461435.500000,190947.495597,0.000435401558,97.719170582,167.666160458,241.112229101,32.915832828,142.809121008856
Uranus,Ariel,701,2461442.500000,190946.356706,0.000605098268,97.719241378,167.666157974,257.618099053,296.256883794,142.810398679704
Uranus,Ariel,701,2461449.500000,190944.197589,0.000468570299,97.719317016,167.666160055,223.715141741,250.010690948,142.812820945964
Uranus,Ariel,701,2461456.500000,190942.183348,0.000399316178,97.719401608,167.666166593,277.275014896,116.299953452,142.815080742202
Uranus,Ariel,701,2461463.500000,190940.145593,0.000568893490,97.719483860,167.666186085,248.613446739,64.817017490,142.817366978298
Uranus,Umbriel,702,2460735.500000,265997.374815,0.003463657671,97.708344457,167.722749190,66.919403214,67.636404797,86.858223843117
Uranus,Umbriel,702,2460742.500000,265998.582808,0.003968276447,97.708440214,167.722776378,65.700288987,316.932980355,86.857632163204
Uranus,Umbriel,702,2460749.500000,266005.350005,0.003876646750,97.708516166,167.722808067,65.046340377,205.661093854,86.854317686930
Uranus,Umbriel,702,2460756.500000,266008.701940,0.004352156464,97.708573877,167.722845001,63.837273821,94.953916798,86.852676034841
Uranus,Umbriel,702,2460763.500000,265994.636477,0.004368965074,97.708656201,167.722895889,59.451181864,347.438955059,86.859565117200
Uranus,Umbriel,702,2460770.500000,266010.231068,0.004313726848,97.708717970,167.722937676,53.690187225,241.293995464,86.851927142563
Uranus,Umbriel,702,2460777.500000,266000.911885,0.003997589304,97.708783761,167.722964060,54.291616668,128.775159934,86.856491390685
Uranus,Umbriel,702,2460784.500000,265999.811035,0.004032802122,97.708853614,167.722992101,51.382599077,19.759966337,86.857030579318
Uranus,Umbriel,702,2460791.500000,266008.161284,0.003502674644,97.708911187,167.723026195,50.698142623,268.525762476,86.852940824487
Uranus,Umbriel,702,2460798.500000,265985.368530,0.003539278930,97.708989170,167.723044213,52.961791514,154.355161501,86.864104935254
Uranus,Umbriel,702,2460805.500000,265977.963031,0.003233419462,97.709057847,167.723085090,56.970676812,38.419415768,86.867732735417
Uranus,Umbriel,702,2460812.500000,265986.801269,0.003410104817,97.709131544,167.723131912,62.136141076,281.326427365,86.863403095803
Uranus,Umbriel,702,2460819.500000,265998.459906,0.003408627057,97.709222404,167.723172006,64.704683070,166.834916582,86.857692360870
Uranus,Umbriel,702,2460826.500000,266015.489703,0.003936609014,97.709290136,167.723198429,69.482481712,50.135978443,86.849351802320
Uranus,Umbriel,702,2460833.500000,266007.932776,0.004041965526,97.709341006,167.723227490,63.705637939,303.988481445,86.853052737829
Uranus,Umbriel,702,2460840.500000,265988.203440,0.004278319259,97.709403269,167.723275425,64.352627218,191.428847788,86.862716239166
Uranus,Umbriel,702,2460847.500000,266006.097222,0.004263271268,97.709470755,167.723307140,62.119998606,81.754361151,86.853951723653
Uranus,Umbriel,702,2460854.500000,266030.325222,0.004556222398,97.709549122,167.723324396,57.265477487,334.706403140,86.842087006620
Uranus,Umbriel,702,2460861.500000,265996.283688,0.004131033566,97.709621583,167.723366036,53.920561429,226.138676897,86.858758287270
Uranus,Umbriel,702,2460868.500000,265991.146262,0.004085883182,97.709708417,167.723394906,54.339411708,113.796913724,86.861274720495
Uranus,Umbriel,702,2460875.500000,265983.556034,0.003717807894,97.709789494,167.723420869,50.362320523,5.848078944,86.864992815958
Uranus,Umbriel,702,2460882.500000,265986.167546,0.003567965157,97.709843792,167.723451338,54.758363013,249.534604907,86.863713529211
Uranus,Umbriel,702,2460889.500000,265989.128101,0.003287542832,97.709896956,167.723494134,56.321538539,136.048358958,86.862263296612
Uranus,Umbriel,702,2460896.500000,265990.589579,0.003391599966,97.709970033,167.723551795,64.078374015,16.366902661,86.861547403837
Uranus,Umbriel,702,2460903.500000,265998.046616,0.003514084047,97.710049429,167.723579463,64.115597280,264.400101938,86.857894791237
Uranus,Umbriel,702,2460910.500000,266023.817957,0.003604575465,97.710129829,167.723597572,71.238287560,145.352530322,86.845273420309
Uranus,Umbriel,702,2460917.500000,266014.274352,0.004028917218,97.710192977,167.723632887,67.412860363,37.271826252,86.849946991247
Uranus,Umbriel,702,2460924.500000,265992.305494,0.004238982862,97.710276659,167.723636861,66.561955391,286.225272924,86.860706890451
Uranus,Umbriel,702,2460931.500000,266007.200800,0.004115089975,97.710345942,167.723669280,61.979858394,178.888371275,86.853411230385
Uranus,Umbriel,702,2460938.500000,266006.451934,0.004429687522,97.710406450,167.723717652,61.707668114,67.245422236,86.853777997403
Uranus,Umbriel,702,2460945.500000,265996.913163,0.004294215855,97.710477887,167.723761726,54.782020881,322.255418640,86.858449963812
Uranus,Umbriel,702,2460952.500000,265990.881039,0.004002093078,97.710560854,167.723808779,54.929155555,210.192760228,86.861404635879
Uranus,Umbriel,702,2460959.500000,265976.311472,0.003849743405,97.710628815,167.723827959,51.289813408,101.910486288,86.868541834004
Uranus,Umbriel,702,2460966.500000,265979.044376,0.003471951513,97.710693782,167.723850353,55.761571290,345.516953375,86.867202990988
Uranus,Umbriel,702,2460973.500000,266009.886838,0.003360281598,97.710760762,167.723889230,54.887611562,234.470290582,86.852095728890
Uranus,Umbriel,702,2460980.500000,266004.471583,0.003192236495,97.710828397,167.723896487,62.462678986,114.986458562,86.854747913444
Uranus,Umbriel,702,2460987.500000,266004.768827,0.003527182202,97.710898548,167.723934804,64.420244692,1.101074034,86.854602331138
Uranus,Umbriel,702,2460994.500000,266009.791999,0.003412383826,97.710972718,167.723979350,66.725967260,246.867858489,86.852142175959
Uranus,Umbriel,702,2461001.500000,265993.247906,0.003880513093,97.711065158,167.724006859,67.933455861,133.749653116,86.860245270317
Uranus,Umbriel,702,2461008.500000,266012.978863,0.004200304903,97.711136250,167.724042874,69.410935809,20.368435369,86.850581433846
Uranus,Umbriel,702,2461015.500000,266008.863658,0.004350278584,97.711193078,167.724072705,61.528464963,276.331963869,86.852596832852
Uranus,Umbriel,702,2461022.500000,265990.467073,0.004267018403,97.711262510,167.724112173,62.383813477,163.557858867,86.861607412199
Uranus,Umbriel,702,2461029.500000,265987.736133,0.004369996403,97.711341620,167.724148198,57.099060113,56.922757115,86.862945149580
Uranus,Umbriel,702,2461036.500000,266005.783033,0.004087191965,97.711412772,167.724151825,54.820585233,307.292620673,86.854105602857
Uranus,Umbriel,702,2461043.500000,265979.144155,0.004073113790,97.711481849,167.724181329,53.626675483,196.577427790,86.867154110305
Uranus,Umbriel,702,2461050.500000,265981.270211,0.003561254982,97.711549092,167.724208475,53.758254489,84.522366919,86.866112585326
Uranus,Umbriel,702,2461057.500000,265998.999387,0.003593350099,97.711624762,167.724235889,55.511951754,330.841662624,86.857428122806
Uranus,Umbriel,702,2461064.500000,266010.461766,0.003155873705,97.711688283,167.724276473,58.808427009,215.619904472,86.851814158861
Uranus,Umbriel,702,2461071.500000,266015.554758,0.003432883920,97.711762658,167.724318005,67.664406638,94.841400773,86.849319942977
Uranus,Umbriel,702,2461078.500000,265995.001918,0.003565667105,97.711860650,167.724358307,67.314249833,343.268921023,86.859386117059
Uranus,Umbriel,702,2461085.500000,265998.387820,0.003904318487,97.711935426,167.724377421,68.153801793,230.518844214,86.857727668480
Uranus,Umbriel,702,2461092.500000,266015.961509,0.003924367177,97.712000076,167.724383485,70.650840013,116.101243126,86.849120748179
Uranus,Umbriel,702,2461099.500000,266019.216711,0.004449563328,97.712062936,167.724409323,66.741751114,8.105525822,86.847526630833
Uranus,Umbriel,702,2461106.500000,265983.411377,0.004214553757,97.712117375,167.724441213,63.646575935,259.285433173,86.865063679635
Uranus,Umbriel,702,2461113.500000,265980.595474,0.004397309115,97.712199471,167.724480350,60.563024106,150.451887201,86.866443127452
Uranus,Umbriel,702,2461120.500000,265983.500968,0.004161723457,97.712282031,167.724526213,56.022993956,43.071057704,86.865019791476
Uranus,Umbriel,702,2461127.500000,265987.069153,0.004060389115,97.712361314,167.724552718,55.950804306,291.230368063,86.863271871313
Uranus,Umbriel,702,2461134.500000,265995.030567,0.003625913022,97.712445967,167.724574990,52.572658243,182.689785706,86.859372084236
Uranus,Umbriel,702,2461141.500000,266001.769495,0.003543495342,97.712505843,167.724591306,59.310667744,64.027763902,86.856071343290
Uranus,Umbriel,702,2461148.500000,266005.830521,0.003348063984,97.712567515,167.724621233,57.841260390,313.566694113,86.854082344719
Uranus,Umbriel,702,2461155.500000,266020.383691,0.003218830991,97.712643765,167.724662282,66.226503322,193.263165482,86.846955156410
Uranus,Umbriel,702,2461162.500000,266005.992366,0.003363434793,97.712701246,167.724686189,68.692806353,78.900041163,86.854003078554
Uranus,Umbriel,702,2461169.500000,266004.993127,0.003812885702,97.712794455,167.724716589,70.289883827,325.385986257,86.854492475403
Uranus,Umbriel,702,2461176.500000,266003.459836,0.003769951589,97.712875660,167.724741956,67.906155231,215.844389737,86.855243443387
Uranus,Umbriel,702,2461183.500000,265998.009067,0.004244354896,97.712943532,167.724764915,69.818813473,102.013983329,86.857913183215
Uranus,Umbriel,702,2461190.500000,265986.611768,0.004279934797,97.713018794,167.724797752,63.485307181,356.432865581,86.863495923651
Uranus,Umbriel,702,2461197.500000,265983.410848,0.004369867467,97.713084431,167.724826413,62.220658604,245.787262210,86.865063938646
Uranus,Umbriel,702,2461204.500000,265977.372224,0.004271937340,97.713156959,167.724857308,56.967537957,139.118600611,86.868022170133
Uranus,Umbriel,702,2461211.500000,265985.570786,0.003994875975,97.713237316,167.724889425,57.239866496,26.928880781,86.864005858242
Uranus,Umbriel,702,2461218.500000,266023.011657,0.003902831295,97.713298842,167.724901705,51.962377922,280.292911650,86.845668254972
Uranus,Umbriel,702,2461225.500000,266010.122278,0.003422855985,97.713370476,167.724924390,57.518618511,162.825385705,86.851980422434
Uranus,Umbriel,702,2461232.500000,266002.387564,0.003510808101,97.713432993,167.724954954,58.191264574,50.224417766,86.855768621908
Uranus,Umbriel,702,2461239.500000,265994.796499,0.003329234200,97.713515230,167.724982181,63.215332555,293.286807972,86.859486735117
Uranus,Umbriel,702,2461246.500000,266013.400456,0.003285560772,97.713610503,167.725021843,66.176925924,178.405844427,86.850374965655
Uranus,Umbriel,702,2461253.500000,266011.949234,0.003680384168,97.713686414,167.725042915,73.246185706,59.418348297,86.851085681842
Uranus,Umbriel,702,2461260.500000,265998.303805,0.003997700506,97.713756782,167.725059674,68.448848659,312.291244077,86.857768819285
Uranus,Umbriel,702,2461267.500000,265981.910388,0.004112349956,97.713823171,167.725091496,70.677165979,198.140661788,86.865798975578
Uranus,Umbriel,702,2461274.500000,265983.674001,0.004386409929,97.713885119,167.725114600,65.190951392,91.706700593,86.864935027470
Uranus,Umbriel,702,2461281.500000,266002.323333,0.004354126564,97.713958785,167.725139608,64.676169294,340.321375527,86.855800081477
Uranus,Umbriel,702,2461288.500000,265981.841141,0.004392228270,97.714023613,167.725185604,60.398589624,232.683661305,86.865832898249
Uranus,Umbriel,702,2461295.500000,265989.318202,0.004018679887,97.714114894,167.725206227,58.216616401,122.946450366,86.862170176858
Uranus,Umbriel,702,2461302.500000,266010.169512,0.004126380715,97.714197787,167.725219250,56.472834732,12.766945384,86.851957289819
Uranus,Umbriel,702,2461309.500000,266014.831792,0.003494784720,97.714262667,167.725230513,53.911221762,263.407269287,86.849673997736
Uranus,Umbriel,702,2461316.500000,265997.128659,0.003456608517,97.714333865,167.725252699,59.348912693,146.054412333,86.858344411865
Uranus,Umbriel,702,2461323.500000,266006.692571,0.003348201429,97.714406940,167.725304522,66.054663481,27.437769156,86.853660142055
Uranus,Umbriel,702,2461330.500000,266005.649591,0.003453434606,97.714482317,167.725338959,65.873684425,275.687397695,86.854170958649
Uranus,Umbriel,702,2461337.500000,266013.820444,0.003416605721,97.714567719,167.725360452,72.666966091,156.971156430,86.850169283729
Uranus,Umbriel,702,2461344.500000,266003.712106,0.003896486378,97.714631267,167.725391850,72.363664301,45.367261612,86.855119887062
Uranus,Umbriel,702,2461351.500000,265977.032704,0.003888651188,97.714718651,167.725397679,71.452129833,294.359044533,86.868188500784
Uranus,Umbriel,702,2461358.500000,265976.805568,0.004330649074,97.714783988,167.725410224,68.720134082,185.173016369,86.868299774836
Uranus,Umbriel,702,2461365.500000,265989.493215,0.004241170742,97.714840713,167.725439238,65.572253539,76.404681230,86.862084447632
Uranus,Umbriel,702,2461372.500000,265994.799255,0.004414754939,97.714919479,167.725471779,62.234550953,327.828634871,86.859485385062
Uranus,Umbriel,702,2461379.500000,266002.728669,0.004082655685,97.714997912,167.725501986,56.651403508,221.496839599,86.855601554814
Uranus,Umbriel,702,2461386.500000,266007.542730,0.003969442058,97.715081674,167.725521303,59.809479547,106.418446846,86.853243766377
Uranus,Umbriel,702,2461393.500000,265999.610050,0.003713259099,97.715160267,167.725545760,54.766132981,359.537296291,86.857129021230
Uranus,Umbriel,702,2461400.500000,266017.921810,0.003516774456,97.715225817,167.725575761,57.392111158,245.013749300,86.848160755918
Uranus,Umbriel,702,2461407.500000,266018.065405,0.003137482134,97.715301945,167.725579001,62.939846431,127.556206398,86.848090435587
Uranus,Umbriel,702,2461414.500000,266000.613739,0.003457100128,97.715365951,167.725609510,66.558633159,12.008749926,86.856637420046
Uranus,Umbriel,702,2461421.500000,265993.601122,0.003363688913,97.715437121,167.725643673,68.675076777,257.964823808,86.860072256298
Uranus,Umbriel,702,2461428.500000,265991.143990,0.003752137900,97.715530572,167.725663916,73.503956370,141.214789662,86.861275833219
Uranus,Umbriel,702,2461435.500000,265983.795378,0.003932138375,97.715601470,167.725678929,70.447214373,32.353743454,86.864875568937
Uranus,Umbriel,702,2461442.500000,265980.760621,0.004285676569,97.715668959,167.725698243,70.870228131,280.017762926,86.866362224277
Uranus,Umbriel,702,2461449.500000,265986.579384,0.004283576724,97.715749910,167.725738782,65.423573828,173.541445610,86.863511787128
Uranus,Umbriel,702,2461456.500000,265998.404301,0.004376943847,97.715827250,167.725770838,64.927942722,62.118659722,86.857719596358
Uranus,Umbriel,702,2461463.500000,266029.228877,0.004419094853,97.715899189,167.725778169,58.445546261,316.693966159,86.842623840376
Uranus,Titania,703,2460735.500000,436259.090605,0.001646133464,97.764862154,167.640563035,285.778601550,230.919338354,41.353796351570
Uranus,Titania,703,2460742.500000,436266.470545,0.002302589467,97.764710624,167.640692745,270.565697518,175.533550149,41.352747036712
Uranus,Titania,703,2460749.500000,436267.821278,0.002476265472,97.764701524,167.640694790,269.687844964,105.910861928,41.352554987906
Uranus,Titania,703,2460756.500000,436236.368584,0.002386476424,97.764687897,167.640687571,269.590622750,35.474794218,41.357027354779
Uranus,Titania,703,2460763.500000,436339.911418,0.002410309369,97.764678876,167.640700239,262.299696128,332.250358365,41.342307283309
Uranus,Titania,703,2460770.500000,436231.804259,0.002511382605,97.764629568,167.640874668,247.471549275,276.501348467,41.357676438870
Uranus,Titania,703,2460777.500000,436283.981303,0.002550088542,97.764612758,167.640878740,246.526886782,206.917865990,41.350257451770
Uranus,Titania,703,2460784.500000,436261.417910,0.002401018364,97.764593116,167.640881500,247.535377333,135.395757913,41.353465439488
Uranus,Titania,703,2460791.500000,436284.102053,0.001934443910,97.764550263,167.640937262,230.594714494,81.731115903,41.350240285126
Uranus,Titania,703,2460798.500000,436303.679487,0.002009768425,97.764534634,167.640940866,226.223630690,15.593485097,41.347457169001
Uranus,Titania,703,2460805.500000,436285.527857,0.002000662126,97.764521286,167.640939862,227.054446203,304.225716288,41.350037583191
Uranus,Titania,703,2460812.500000,436354.350263,0.001674428995,97.764509866,167.640960840,227.483184154,233.285992240,41.340255292093
Uranus,Titania,703,2460819.500000,436244.389536,0.001007059426,97.764336754,167.641073543,227.628212031,162.553796839,41.355886751340
Uranus,Titania,703,2460826.500000,436283.751142,0.001020384645,97.764324083,167.641084501,225.740843126,93.913061037,41.350290173319
Uranus,Titania,703,2460833.500000,436261.491821,0.001136663822,97.764308807,167.641087475,230.742481487,18.393124265,41.353454930487
Uranus,Titania,703,2460840.500000,436312.631399,0.001012220391,97.764292728,167.641272627,268.349980753,270.182767005,41.346184674794
Uranus,Titania,703,2460847.500000,436329.282578,0.000841893262,97.764273594,167.641264170,276.888579245,191.141193022,41.343817920411
Uranus,Titania,703,2460854.500000,436320.180959,0.000839178066,97.764251147,167.641267465,281.957435165,115.529551313,41.345111572291
Uranus,Titania,703,2460861.500000,436384.058556,0.001211215482,97.764227716,167.641284262,282.099838617,44.876995509,41.336033801299
Uranus,Titania,703,2460868.500000,436289.377495,0.001888691189,97.764174542,167.641315312,280.965861718,335.422959372,41.349490300802
Uranus,Titania,703,2460875.500000,436308.126313,0.001770593763,97.764157058,167.641323764,283.036985234,262.830182787,41.346825054439
Uranus,Titania,703,2460882.500000,436257.763119,0.001682116454,97.764145630,167.641324934,283.637023213,191.714790239,41.353985104582
Uranus,Titania,703,2460889.500000,436300.760495,0.002218386376,97.764004665,167.641470252,268.998819238,135.759361798,41.347872111321
Uranus,Titania,703,2460896.500000,436308.058490,0.002461399369,97.763992541,167.641463135,269.559873503,64.700859126,41.346834695385
Uranus,Titania,703,2460903.500000,436323.035603,0.002548139747,97.763965997,167.641459994,269.373978554,354.353716487,41.344705822336
Uranus,Titania,703,2460910.500000,436365.326715,0.002427970596,97.763940727,167.641467646,262.018341857,291.207763516,41.338695475758
Uranus,Titania,703,2460917.500000,436302.228388,0.002345676376,97.763927819,167.641646755,244.928642181,237.698364448,41.347663445719
Uranus,Titania,703,2460924.500000,436336.872326,0.002422042875,97.763917782,167.641648455,248.000084830,164.102218541,41.342739208727
Uranus,Titania,703,2460931.500000,436277.734517,0.002496696789,97.763903803,167.641647193,248.763880053,92.816830313,41.351145557456
Uranus,Titania,703,2460938.500000,436311.333892,0.001986507566,97.763845373,167.641684955,231.755122768,39.226279247,41.346369108376
Uranus,Titania,703,2460945.500000,436276.254126,0.001900180941,97.763825349,167.641693278,224.816914934,335.658380130,41.351356029370
Uranus,Titania,703,2460952.500000,436280.490811,0.001924156293,97.763809158,167.641692912,225.175266475,264.759722573,41.350753691127
Uranus,Titania,703,2460959.500000,436315.802883,0.001689633195,97.763791474,167.641699288,227.078853953,192.351607175,41.345733871061
Uranus,Titania,703,2460966.500000,436277.883333,0.000887401814,97.763637473,167.641864986,231.909561497,116.920710766,41.351124399849
Uranus,Titania,703,2460973.500000,436311.656818,0.000920753866,97.763631757,167.641867435,227.213990336,51.092151461,41.346323206059
Uranus,Titania,703,2460980.500000,436273.001599,0.000975399628,97.763618776,167.641867583,225.423711050,342.353046014,41.351818457634
Uranus,Titania,703,2460987.500000,436325.505945,0.000883085928,97.763624873,167.642023918,276.923277467,220.258649349,41.344354701230
Uranus,Titania,703,2460994.500000,436261.161348,0.001044668810,97.763585340,167.642024112,289.836021003,136.843763534,41.353501919010
Uranus,Titania,703,2461001.500000,436248.679231,0.000983744672,97.763568358,167.642035642,284.913241356,71.230652771,41.355276765495
Uranus,Titania,703,2461008.500000,436252.141287,0.001098431396,97.763556678,167.642041130,282.109058515,3.533714523,41.354784479071
Uranus,Titania,703,2461015.500000,436224.867911,0.001934292310,97.763482977,167.642088487,283.016029197,292.030107113,41.358662876355
Uranus,Titania,703,2461022.500000,436284.495773,0.001953363263,97.763472875,167.642089087,283.112387473,221.417900535,41.350184311065
Uranus,Titania,703,2461029.500000,436260.802725,0.001834625593,97.763452173,167.642087755,281.922387142,152.084866776,41.353552910279
Uranus,Titania,703,2461036.500000,436339.318810,0.002296540869,97.763330343,167.642255015,267.567673781,95.849352607,41.342391506142
Uranus,Titania,703,2461043.500000,436282.920008,0.002521979843,97.763303608,167.642245236,263.341402545,29.567737003,41.350408333873
Uranus,Titania,703,2461050.500000,436279.605689,0.002464276098,97.763279148,167.642251510,264.523283852,317.852625821,41.350879529543
Uranus,Titania,703,2461057.500000,436258.517521,0.002346210023,97.763266443,167.642259233,263.236691404,248.641496891,41.353877837173
Uranus,Titania,703,2461064.500000,436224.909629,0.002345258031,97.763266127,167.642417358,243.584652775,197.696218404,41.358656943427
Uranus,Titania,703,2461071.500000,436272.168518,0.002388522440,97.763257875,167.642415249,243.409408480,127.357365885,41.351936902328
Uranus,Titania,703,2461078.500000,436258.185626,0.002375292089,97.763235868,167.642410349,246.615542859,53.625973538,41.353925028755
Uranus,Titania,703,2461085.500000,436388.476196,0.001992443756,97.763149160,167.642451110,234.296038237,355.361495139,41.335406124591
Uranus,Titania,703,2461092.500000,436311.371102,0.001802746747,97.763138014,167.642470258,224.365599508,294.776984613,41.346363819164
Uranus,Titania,703,2461099.500000,436324.687803,0.001750263813,97.763123989,167.642470328,224.471182435,224.126477786,41.344470986885
Uranus,Titania,703,2461106.500000,436315.239518,0.001650874129,97.763106425,167.642471629,230.801993873,147.287368981,41.345813948669
Uranus,Titania,703,2461113.500000,436281.979089,0.000944098794,97.762973506,167.642654189,240.805026770,66.677919920,41.350542103170
Uranus,Titania,703,2461120.500000,436306.225837,0.000906680050,97.762965243,167.642651474,231.890915560,5.075397226,41.347095204488
Uranus,Titania,703,2461127.500000,436267.845695,0.000933843680,97.762949704,167.642650123,228.784769632,297.650225220,41.352551516310
Uranus,Titania,703,2461134.500000,436399.485192,0.000801894960,97.762973821,167.642756882,271.121774776,184.735034254,41.333841989619
Uranus,Titania,703,2461141.500000,436302.958150,0.001065745087,97.762927783,167.642806759,294.371739601,90.967650892,41.347559708330
Uranus,Titania,703,2461148.500000,436336.043166,0.001140106203,97.762916864,167.642812891,294.972295256,19.833463786,41.342857052788
Uranus,Titania,703,2461155.500000,436314.627891,0.001213780646,97.762902351,167.642808557,284.091797325,320.209798027,41.345900886694
Uranus,Titania,703,2461162.500000,436302.357550,0.001894210549,97.762812959,167.642863079,279.601748799,254.095295608,41.347645084940
Uranus,Titania,703,2461169.500000,436334.114130,0.001917479501,97.762801456,167.642863081,285.477823594,177.709956299,41.343131218718
Uranus,Titania,703,2461176.500000,436285.451443,0.001982365586,97.762781980,167.642864432,286.158748068,106.501464677,41.350048446637
Uranus,Titania,703,2461183.500000,436412.119582,0.002387413120,97.762723340,167.643023077,271.808120384,50.289190424,41.332047043775
Uranus,Titania,703,2461190.500000,436269.694363,0.002559408899,97.762647591,167.643036563,261.593154787,349.977195349,41.352288673042
Uranus,Titania,703,2461197.500000,436297.025668,0.002543167958,97.762631487,167.643045102,261.861157516,279.175457150,41.348403036903
Uranus,Titania,703,2461204.500000,436284.890671,0.002370011119,97.762616642,167.643047050,260.669271476,209.862816894,41.350128169679
Uranus,Titania,703,2461211.500000,436290.773738,0.002227223026,97.762619366,167.643193329,241.628597119,158.301066993,41.349291807446
Uranus,Titania,703,2461218.500000,436317.681532,0.002384045979,97.762612366,167.643191254,241.305575874,88.110185861,41.345466838326
Uranus,Titania,703,2461225.500000,436292.028970,0.002419149144,97.762591342,167.643190086,241.049781035,17.829564137,41.349113361799
Uranus,Titania,703,2461232.500000,436435.614619,0.001981116790,97.762505501,167.643242129,229.423828396,318.901466091,41.328709489947
Uranus,Titania,703,2461239.500000,436255.923595,0.001523048548,97.762486204,167.643247025,223.839796131,253.944039830,41.354246665645
Uranus,Titania,703,2461246.500000,436262.439756,0.001634883895,97.762468096,167.643246903,224.559532587,182.690269755,41.353320147853
Uranus,Titania,703,2461253.500000,436229.144638,0.001599483238,97.762452138,167.643249091,226.892319597,109.849019012,41.358054666350
Uranus,Titania,703,2461260.500000,436241.357510,0.000818456140,97.762332513,167.643448681,246.183741850,19.952089808,41.356317908467
Uranus,Titania,703,2461267.500000,436291.279978,0.000785160788,97.762328944,167.643450830,243.033044504,312.594279664,41.349219839481
Uranus,Titania,703,2461274.500000,436275.936096,0.000840493580,97.762314031,167.643443614,237.898014258,247.193851430,41.351401244916
Uranus,Titania,703,2461281.500000,436425.732722,0.000851773569,97.762313799,167.643470865,273.278006469,141.265263802,41.330113193910
Uranus,Titania,703,2461288.500000,436268.085761,0.001306391640,97.762299061,167.643585683,288.748357856,55.239620559,41.352517383583
Uranus,Titania,703,2461295.500000,436279.049520,0.001193369802,97.762289199,167.643587002,289.163901200,344.293271464,41.350958600827
Uranus,Titania,703,2461302.500000,436225.834605,0.001190502246,97.762273397,167.643586831,287.447864174,275.501924986,41.358525397710
Uranus,Titania,703,2461309.500000,436223.090200,0.002024959020,97.762173454,167.643646800,279.675547459,212.675989200,41.358915695868
Uranus,Titania,703,2461316.500000,436259.186177,0.002072685371,97.762162976,167.643650034,280.921297005,140.929342952,41.353782762472
Uranus,Titania,703,2461323.500000,436259.874120,0.001994373169,97.762151794,167.643649935,283.546399970,67.774984363,41.353684945544
Uranus,Titania,703,2461330.500000,436419.303726,0.002301151775,97.762148267,167.643714365,274.900793206,5.897411875,41.331026462761
Uranus,Titania,703,2461337.500000,436282.098313,0.002531884670,97.762016859,167.643836824,260.498418327,309.737241742,41.350525153151
Uranus,Titania,703,2461344.500000,436316.310155,0.002487340046,97.762008819,167.643847553,260.927124525,238.774482994,41.345661766680
Uranus,Titania,703,2461351.500000,436279.786090,0.002390143797,97.761996587,167.643848515,262.344985091,166.845680395,41.350853881828
Uranus,Titania,703,2461358.500000,436281.523815,0.002225129087,97.762009150,167.643976273,242.914814432,115.673854095,41.350606829125
Uranus,Titania,703,2461365.500000,436290.907491,0.002344784415,97.761998989,167.643968215,239.727814723,48.354801092,41.349272792818
Uranus,Titania,703,2461372.500000,436273.365823,0.002377174514,97.761977726,167.643970090,240.090319671,337.454507832,41.351766673521
Uranus,Titania,703,2461379.500000,436402.316179,0.002069110685,97.761942025,167.644017164,232.356203620,274.666725921,41.333439784925
Uranus,Titania,703,2461386.500000,436295.948539,0.001424555664,97.761850571,167.644041318,219.952669145,216.490305362,41.348556158642
Uranus,Titania,703,2461393.500000,436344.506555,0.001394220622,97.761837954,167.644047825,222.653806074,143.257449050,41.341654222373
Uranus,Titania,703,2461400.500000,436302.889001,0.001504270317,97.761826762,167.644047586,228.125488174,67.266605828,41.347569537988
Uranus,Titania,703,2461407.500000,436326.991917,0.000862745011,97.761730353,167.644253531,244.184431751,340.597847627,41.344143495450
Uranus,Titania,703,2461414.500000,436330.778126,0.000605357615,97.761723027,167.644247367,242.484349034,271.794196375,41.343605358213
Uranus,Titania,703,2461421.500000,436298.612931,0.000601664305,97.761702858,167.644239572,249.335694914,194.406473911,41.348177397594
Uranus,Titania,703,2461428.500000,436372.938680,0.000837124181,97.761674563,167.644251353,274.850660140,98.378626846,41.337613829944
Uranus,Titania,703,2461435.500000,436264.579292,0.001440210511,97.761691514,167.644371913,291.360347104,11.286268174,41.353015939821
Uranus,Titania,703,2461442.500000,436311.756827,0.001394955167,97.761687946,167.644376303,290.237411725,301.882941710,41.346308990335
Uranus,Titania,703,2461449.500000,436288.550879,0.001295457158,97.761676387,167.644371262,285.074638056,236.530610254,41.349607815362
Uranus,Titania,703,2461456.500000,436322.198675,0.001976856266,97.761559385,167.644435026,277.701430149,173.305209504,41.344824779925
Uranus,Titania,703,2461463.500000,436319.210486,0.002215592654,97.761546598,167.644440655,280.561843166,99.940047780,41.345249513852
Uranus,Oberon,704,2460735.500000,583576.652067,0.002589022059,97.905354557,167.711499402,181.422919286,35.262599826,26.729136884836
Uranus,Oberon,704,2460742.500000,583623.596451,0.002081315686,97.905464614,167.711387705,159.530677257,244.382917538,26.725911969872
Uranus,Oberon,704,2460749.500000,583510.935090,0.002085619875,97.905448827,167.711377635,164.807277698,66.254531563,26.733652500787
Uranus,Oberon,704,2460756.500000,583512.614867,0.002015487509,97.905446469,167.711379871,158.959371534,259.271376087,26.733537062324
Uranus,Oberon,704,2460763.500000,583430.123241,0.001822769753,97.905425865,167.711358988,155.145871718,90.239713876,26.739207075205
Uranus,Oberon,704,2460770.500000,583514.169992,0.001241693569,97.905428618,167.711199346,147.955100336,284.636995996,26.733430190934
Uranus,Oberon,704,2460777.500000,583471.921652,0.001162577663,97.905422066,167.711182129,153.544541024,106.210719188,26.736333835830
Uranus,Oberon,704,2460784.500000,583629.690820,0.001146367402,97.905402313,167.711178450,141.100742225,305.811842239,26.725493355602
Uranus,Oberon,704,2460791.500000,583584.922874,0.000600684014,97.905417809,167.711132027,209.052425006,65.095147725,26.728568662245
Uranus,Oberon,704,2460798.500000,583439.167492,0.000679592356,97.905412857,167.711120800,204.041392397,257.251321630,26.738585326166
Uranus,Oberon,704,2460805.500000,583490.660785,0.000736863380,97.905400907,167.711110169,212.267215125,76.196352893,26.735045867364
Uranus,Oberon,704,2460812.500000,583488.358428,0.000846110988,97.905388176,167.711075657,215.754841603,259.866452659,26.735204106231
Uranus,Oberon,704,2460819.500000,583526.355304,0.001531682516,97.905489792,167.710982397,225.306157595,77.534205950,26.732592816251
Uranus,Oberon,704,2460826.500000,583457.370102,0.001574034019,97.905495120,167.710962401,220.253195982,269.749988671,26.737334056733
Uranus,Oberon,704,2460833.500000,583639.699300,0.001696083927,97.905463221,167.710965487,228.561037724,88.604355151,26.724805909880
Uranus,Oberon,704,2460840.500000,583575.187052,0.002387585797,97.905464911,167.710792359,204.786269232,299.615683540,26.729237536639
Uranus,Oberon,704,2460847.500000,583391.920362,0.002357427703,97.905461299,167.710787889,201.926664809,129.616260851,26.741833606483
Uranus,Oberon,704,2460854.500000,583477.575376,0.002328670304,97.905455196,167.710771002,200.921674371,317.785722410,26.735945236054
Uranus,Oberon,704,2460861.500000,583589.824167,0.002291835491,97.905434436,167.710759220,201.692117561,144.168671698,26.728231942197
Uranus,Oberon,704,2460868.500000,583584.262487,0.002623791946,97.905440628,167.710727541,183.050352035,350.035197946,26.728614031583
Uranus,Oberon,704,2460875.500000,583417.903823,0.002496926358,97.905453828,167.710719815,180.562978204,179.679151579,26.740047140107
Uranus,Oberon,704,2460882.500000,583589.209929,0.002597583207,97.905421928,167.710707227,178.264649958,9.129690271,26.728274140084
Uranus,Oberon,704,2460889.500000,583586.614384,0.002010204634,97.905535805,167.710577378,159.305517585,215.318317372,26.728452454298
Uranus,Oberon,704,2460896.500000,583434.291497,0.001954011563,97.905520973,167.710571434,160.293101923,41.473062896,26.738920524575
Uranus,Oberon,704,2460903.500000,583472.629559,0.001894389779,97.905518276,167.710560319,159.829502557,229.098693504,26.736285178441
Uranus,Oberon,704,2460910.500000,583618.177143,0.001966940767,97.905485612,167.710543349,160.707197232,55.368586233,26.726284224286
Uranus,Oberon,704,2460917.500000,583612.592958,0.001146786566,97.905480358,167.710398662,140.895750496,262.412085246,26.726667813163
Uranus,Oberon,704,2460924.500000,583383.313738,0.001008024783,97.905481470,167.710394861,148.038510121,82.427441883,26.742425390003
Uranus,Oberon,704,2460931.500000,583517.618086,0.000912486778,97.905460212,167.710375879,150.994432820,266.623342537,26.733193233494
Uranus,Oberon,704,2460938.500000,583581.824193,0.000773291676,97.905487601,167.710329822,210.664280691,34.182581047,26.728781546074
Uranus,Oberon,704,2460945.500000,583508.897917,0.000693536332,97.905481375,167.710326009,205.255229675,226.744511332,26.733792501549
Uranus,Oberon,704,2460952.500000,583468.815820,0.000816534112,97.905476408,167.710317935,215.855178045,43.316991067,26.736547314206
Uranus,Oberon,704,2460959.500000,583566.097342,0.000794237013,97.905453830,167.710294572,215.804885961,230.514488595,26.729862046811
Uranus,Oberon,704,2460966.500000,583582.071527,0.001713181897,97.905560114,167.710166209,226.199297690,47.353491537,26.728764553790
Uranus,Oberon,704,2460973.500000,583402.382707,0.001754805949,97.905558536,167.710149869,221.094510481,239.619573094,26.741114254714
Uranus,Oberon,704,2460980.500000,583520.987082,0.001851146964,97.905541264,167.710141881,220.322469062,67.549525191,26.732961715099
Uranus,Oberon,704,2460987.500000,583567.454900,0.002305382890,97.905519322,167.709984886,201.870671464,273.226571016,26.729768773976
Uranus,Oberon,704,2460994.500000,583542.947824,0.002331857857,97.905510177,167.709994068,204.645544548,97.604206857,26.731452648430
Uranus,Oberon,704,2461001.500000,583486.775263,0.002433174456,97.905510457,167.709975868,199.042199606,290.380865577,26.735312916600
Uranus,Oberon,704,2461008.500000,583531.969527,0.002446344871,97.905495491,167.709960489,198.867634081,117.698180751,26.732207021451
Uranus,Oberon,704,2461015.500000,583549.539441,0.002541862248,97.905533239,167.709918016,179.487488312,324.302009640,26.730999722811
Uranus,Oberon,704,2461022.500000,583456.509296,0.002424362099,97.905528077,167.709912231,179.032070410,151.911411435,26.737393227433
Uranus,Oberon,704,2461029.500000,583593.512434,0.002563683539,97.905502028,167.709907241,174.943205726,343.161286442,26.727978561994
Uranus,Oberon,704,2461036.500000,583538.329176,0.001970210633,97.905608087,167.709758109,160.888168228,184.436146975,26.731770014233
Uranus,Oberon,704,2461043.500000,583500.468507,0.001962408726,97.905590565,167.709759121,159.774478204,12.697302547,26.734371809345
Uranus,Oberon,704,2461050.500000,583472.125808,0.001825313115,97.905599579,167.709745966,157.557705900,202.081886451,26.736319803321
Uranus,Oberon,704,2461057.500000,583563.935456,0.001859101603,97.905571860,167.709735313,156.411310014,30.372486011,26.730010583182
Uranus,Oberon,704,2461064.500000,583549.609119,0.000975129154,97.905559276,167.709592147,148.447221302,225.563714054,26.730994935138
Uranus,Oberon,704,2461071.500000,583459.224280,0.000988918876,97.905542485,167.709582465,155.180978924,45.982468720,26.737206603773
Uranus,Oberon,704,2461078.500000,583615.265250,0.000747714395,97.905525754,167.709572400,145.608583736,242.722664610,26.726484246890
Uranus,Oberon,704,2461085.500000,583503.542760,0.000755547129,97.905590357,167.709548973,210.421732797,5.132196351,26.734160530118
Uranus,Oberon,704,2461092.500000,583429.479898,0.000886478891,97.905575066,167.709530993,215.787373224,186.920238226,26.739251302896
Uranus,Oberon,704,2461099.500000,583430.784659,0.000890812467,97.905566820,167.709513038,216.636484395,13.237580365,26.739161605114
Uranus,Oberon,704,2461106.500000,583625.357446,0.000783334409,97.905539649,167.709495446,222.666176540,194.358465009,26.725791008290
Uranus,Oberon,704,2461113.500000,583602.475114,0.001891618748,97.905645441,167.709349715,223.569452408,20.693884326,26.727362851619
Uranus,Oberon,704,2461120.500000,583422.449620,0.001848386088,97.905638757,167.709333637,218.754969240,212.662531698,26.739734618915
Uranus,Oberon,704,2461127.500000,583561.946162,0.002014905219,97.905625431,167.709325045,219.248696475,39.333173510,26.730147262471
Uranus,Oberon,704,2461134.500000,583485.020719,0.002308801150,97.905587099,167.709226228,203.527166486,242.270779191,26.735433506606
Uranus,Oberon,704,2461141.500000,583453.523210,0.002383031807,97.905590480,167.709193488,199.171747961,73.785979545,26.737598488636
Uranus,Oberon,704,2461148.500000,583424.116845,0.002405000421,97.905589421,167.709160995,198.805611459,261.313994349,26.739619999571
Uranus,Oberon,704,2461155.500000,583657.422296,0.002559883422,97.905567380,167.709159659,201.010557002,86.255464199,26.723588654627
Uranus,Oberon,704,2461162.500000,583656.449417,0.002625812361,97.905620329,167.709123789,174.297813394,300.206520820,26.723655471784
Uranus,Oberon,704,2461169.500000,583408.901790,0.002415068796,97.905622347,167.709115165,174.727705699,126.925941104,26.740666043217
Uranus,Oberon,704,2461176.500000,583489.159491,0.002367723741,97.905615273,167.709094001,173.771019272,315.038962303,26.735149049763
Uranus,Oberon,704,2461183.500000,583467.231781,0.002048641037,97.905663683,167.708953404,164.031463319,151.976580104,26.736656193750
Uranus,Oberon,704,2461190.500000,583539.619636,0.001932681744,97.905674093,167.708943730,157.494143724,345.684448609,26.731681340919
Uranus,Oberon,704,2461197.500000,583445.960440,0.001768874350,97.905687839,167.708923600,156.812238148,173.531384011,26.738118359291
Uranus,Oberon,704,2461204.500000,583616.772451,0.001852855938,97.905658502,167.708920653,153.449120187,4.039701737,26.726380714519
Uranus,Oberon,704,2461211.500000,583627.364389,0.000737424106,97.905638796,167.708789945,149.165086181,195.558850604,26.725653153872
Uranus,Oberon,704,2461218.500000,583414.762677,0.000809351163,97.905634707,167.708787264,160.979895839,10.896863506,26.740263095858
Uranus,Oberon,704,2461225.500000,583468.957225,0.000790877202,97.905636657,167.708771640,164.568286609,194.470474542,26.736537594725
Uranus,Oberon,704,2461232.500000,583435.794016,0.000688248449,97.905692412,167.708732797,196.587719184,349.640595486,26.738817233731
Uranus,Oberon,704,2461239.500000,583577.423283,0.000792724453,97.905665279,167.708716106,225.652610232,147.762284405,26.729083899755
Uranus,Oberon,704,2461246.500000,583465.925578,0.001064141656,97.905673005,167.708710911,222.621605957,337.967774219,26.736745976732
Uranus,Oberon,704,2461253.500000,583556.198814,0.001022743024,97.905654592,167.708702006,227.194328720,160.544009892,26.730542154584
Uranus,Oberon,704,2461260.500000,583564.435534,0.001968193289,97.905743679,167.708528821,219.383803905,355.587850522,26.729976224251
Uranus,Oberon,704,2461267.500000,583445.491325,0.001920186775,97.905731052,167.708517388,216.861293265,185.261204465,26.738150607165
Uranus,Oberon,704,2461274.500000,583530.066336,0.002088667354,97.905728451,167.708511684,215.633010430,13.658773288,26.732337802773
Uranus,Oberon,704,2461281.500000,583437.840249,0.002245615950,97.905708683,167.708483196,207.646241378,208.827232171,26.738676566292
Uranus,Oberon,704,2461288.500000,583554.506410,0.002530712178,97.905685574,167.708385304,199.513698393,44.150558306,26.730658439143
Uranus,Oberon,704,2461295.500000,583459.880526,0.002468861217,97.905680453,167.708369108,194.916118813,235.915044810,26.737161494841
Uranus,Oberon,704,2461302.500000,583565.429143,0.002573450269,97.905665231,167.708367164,195.317936074,62.662591810,26.729907956477
Uranus,Oberon,704,2461309.500000,583556.445263,0.002460163354,97.905734731,167.708305950,174.413390679,270.793620048,26.730525221232
Uranus,Oberon,704,2461316.500000,583470.211140,0.002399147615,97.905732521,167.708300565,175.044594731,97.304627955,26.736451406980
Uranus,Oberon,704,2461323.500000,583581.488526,0.002381148220,97.905723686,167.708293226,168.697980363,290.820472705,26.728804607077
Uranus,Oberon,704,2461330.500000,583474.355190,0.002117406287,97.905714543,167.708234560,166.619223614,120.070915344,26.736166569269
Uranus,Oberon,704,2461337.500000,583493.137037,0.001772985324,97.905785756,167.708125146,156.689822723,317.196388882,26.734875678667
Uranus,Oberon,704,2461344.500000,583416.017814,0.001712697933,97.905792862,167.708095508,155.376544412,145.668919488,26.740176804053
Uranus,Oberon,704,2461351.500000,583614.089398,0.001727484902,97.905764695,167.708100691,150.120827599,338.076209486,26.726565018839
Uranus,Oberon,704,2461358.500000,583601.747652,0.000674225208,97.905740934,167.707982293,161.470350141,153.960853813,26.727412825271
Uranus,Oberon,704,2461365.500000,583445.734952,0.000772571436,97.905735473,167.707986468,165.397928875,337.179511995,26.738133859821
Uranus,Oberon,704,2461372.500000,583539.613171,0.000629473311,97.905736507,167.707968692,175.157122642,154.589920250,26.731681785142
Uranus,Oberon,704,2461379.500000,583489.570689,0.000729735628,97.905748752,167.707936587,188.564697129,328.349566065,26.735120788493
Uranus,Oberon,704,2461386.500000,583482.061286,0.001015577066,97.905803068,167.707907354,222.397679593,121.729580085,26.735636910900
Uranus,Oberon,704,2461393.500000,583383.941176,0.001063257693,97.905808596,167.707894083,225.952334602,305.334978638,26.742382247205
Uranus,Oberon,704,2461400.500000,583633.471088,0.001140816812,97.905771675,167.707886304,235.427899802,123.014157837,26.725233699454
Uranus,Oberon,704,2461407.500000,583652.477605,0.002192395840,97.905844076,167.707705667,215.380970759,330.304405502,26.723928257866
Uranus,Oberon,704,2461414.500000,583435.957651,0.002029038934,97.905844361,167.707707088,213.717906865,159.116468180,26.738805984679
Uranus,Oberon,704,2461421.500000,583453.647815,0.002068062445,97.905852086,167.707696667,213.048702378,346.950538680,26.737589923347
Uranus,Oberon,704,2461428.500000,583504.727881,0.002161092358,97.905835545,167.707682135,210.450772593,176.704375392,26.734079082956
Uranus,Oberon,704,2461435.500000,583561.662514,0.002599313014,97.905802856,167.707583075,196.629555484,17.744571107,26.730166751277
Uranus,Oberon,704,2461442.500000,583420.059600,0.002530707951,97.905798413,167.707570401,193.816612813,207.716826560,26.739898930817
Uranus,Oberon,704,2461449.500000,583607.632660,0.002691346682,97.905780993,167.707558642,192.584608483,36.100607373,26.727008553711
Uranus,Oberon,704,2461456.500000,583645.950170,0.002349275198,97.905860033,167.707496201,169.077739581,246.840138191,26.724376575508
Uranus,Oberon,704,2461463.500000,583452.964101,0.002290201911,97.905864321,167.707504788,172.443756865,70.619842074,26.737636921665
Uranus,Miranda,705,2460735.500000,129873.801138,0.001362577362,100.343755684,164.033300841,27.728225146,308.777477671,254.590149282784
Uranus,Miranda,705,2460742.500000,129873.045158,0.001438516842,100.318883455,164.014491613,31.340040853,287.996172831,254.592372207534
Uranus,Miranda,705,2460749.500000,129871.141226,0.001378172703,100.294452954,163.996616495,21.133013461,281.050318651,254.597970778363
Uranus,Miranda,705,2460756.500000,129873.591458,0.001221207902,100.269878080,163.979177992,31.627497750,253.403681705,254.590765836659
Uranus,Miranda,705,2460763.500000,129873.020444,0.001347367697,100.245141186,163.962169163,25.707158931,242.167481040,254.592444879017
Uranus,Miranda,705,2460770.500000,129870.400115,0.001083685963,100.220392348,163.945479559,30.919560226,219.805325671,254.600150092054
Uranus,Miranda,705,2460777.500000,129877.195072,0.001237516866,100.195270181,163.928917771,35.848865517,197.722266233,254.580169973243
Uranus,Miranda,705,2460784.500000,129871.235687,0.001182866624,100.170427636,163.912233448,30.886793391,185.519038253,254.597693006869
Uranus,Miranda,705,2460791.500000,129871.275439,0.001095608057,100.145463626,163.895949188,46.514961464,152.741176435,254.597576113141
Uranus,Miranda,705,2460798.500000,129873.678882,0.001304715277,100.120326936,163.879604590,39.688093841,142.414167367,254.590508770375
Uranus,Miranda,705,2460805.500000,129872.143697,0.001111742692,100.095072022,163.862953367,45.783050601,119.162299303,254.595022957509
Uranus,Miranda,705,2460812.500000,129871.059798,0.001409020906,100.069775201,163.846443524,48.242839657,99.553373576,254.598210223913
Uranus,Miranda,705,2460819.500000,129879.576155,0.001356255058,100.044326993,163.830042563,43.994255860,86.641366450,254.573169175615
Uranus,Miranda,705,2460826.500000,129872.174016,0.001333248447,100.018465808,163.814337446,51.395747798,62.085285165,254.594933801137
Uranus,Miranda,705,2460833.500000,129872.232936,0.001594604344,99.992492123,163.799026606,44.155150773,52.176011534,254.594760546577
Uranus,Miranda,705,2460840.500000,129873.642034,0.001385191444,99.966427047,163.783970770,44.269142943,34.908564477,254.590617120743
Uranus,Miranda,705,2460847.500000,129870.772891,0.001634122456,99.940371876,163.769078766,45.439823050,16.586095892,254.599053900509
Uranus,Miranda,705,2460854.500000,129873.063142,0.001506017897,99.914300046,163.754347199,37.111877090,7.763840604,254.592319327182
Uranus,Miranda,705,2460861.500000,129874.913656,0.001452712586,99.887903142,163.739755771,41.769099201,345.941057772,254.586878033801
Uranus,Miranda,705,2460868.500000,129870.844493,0.001659444169,99.861830126,163.724894418,37.277895042,333.282288119,254.598843347390
Uranus,Miranda,705,2460875.500000,129872.884585,0.001367337837,99.835924179,163.710198861,33.724947418,319.685987818,254.592844371672
Uranus,Miranda,705,2460882.500000,129873.242975,0.001520653443,99.809920924,163.695543465,38.547376587,297.708907925,254.591790532520
Uranus,Miranda,705,2460889.500000,129870.472050,0.001377593109,99.783717480,163.681340942,29.362837056,289.745219370,254.599938558621
Uranus,Miranda,705,2460896.500000,129875.146253,0.001286214297,99.757193121,163.667497862,38.319635970,263.640734190,254.586194113665
Uranus,Miranda,705,2460903.500000,129872.193812,0.001389875477,99.729419351,163.653709205,36.660311913,248.135157106,254.594875592790
Uranus,Miranda,705,2460910.500000,129870.859910,0.001111429668,99.702309050,163.640293903,33.888700137,233.757869661,254.598798011943
Uranus,Miranda,705,2460917.500000,129873.345055,0.001242448171,99.675284414,163.627111969,44.721136079,205.775069623,254.591490371746
Uranus,Miranda,705,2460924.500000,129872.354984,0.001137286482,99.648357451,163.614216150,36.635989081,196.706541170,254.594401662712
Uranus,Miranda,705,2460931.500000,129870.799163,0.001116970848,99.621589492,163.601456385,52.096487244,164.099234804,254.598976646780
Uranus,Miranda,705,2460938.500000,129878.591623,0.001251804004,99.594448533,163.588888239,47.597301340,151.444038132,254.576063834263
Uranus,Miranda,705,2460945.500000,129870.921522,0.001104353627,99.567417124,163.575823501,48.241473252,133.642673564,254.598616838428
Uranus,Miranda,705,2460952.500000,129871.428401,0.001355687562,99.540615808,163.563445257,58.596228042,106.141541374,254.597126316595
Uranus,Miranda,705,2460959.500000,129874.211438,0.001313420164,99.513453713,163.551319429,49.247616878,98.339427899,254.588942829631
Uranus,Miranda,705,2460966.500000,129871.490542,0.001336019442,99.485821468,163.539328998,60.214573678,70.221402034,254.596943586984
Uranus,Miranda,705,2460973.500000,129871.816971,0.001540242020,99.457947723,163.527488862,51.796667031,61.492613150,254.595983706658
Uranus,Miranda,705,2460980.500000,129877.379440,0.001417555383,99.429426665,163.515332433,51.056106221,45.071275011,254.579627888338
Uranus,Miranda,705,2460987.500000,129871.405523,0.001565388901,99.401554869,163.503865098,56.230038230,22.747078354,254.597193592398
Uranus,Miranda,705,2460994.500000,129872.717082,0.001570622364,99.373796885,163.492877947,45.406927392,16.423344675,254.593336911604
Uranus,Miranda,705,2461001.500000,129873.225199,0.001470132154,99.346085683,163.482201991,51.768880109,352.910434555,254.591842803603
Uranus,Miranda,705,2461008.500000,129870.160249,0.001644612459,99.318477674,163.471620144,44.860563574,342.671859582,254.600855448562
Uranus,Miranda,705,2461015.500000,129873.330033,0.001402325952,99.290684320,163.461215332,43.745648734,326.640401459,254.591534542588
Uranus,Miranda,705,2461022.500000,129873.347239,0.001476259116,99.262737458,163.450557300,47.618863698,305.604911880,254.591483950598
Uranus,Miranda,705,2461029.500000,129870.884737,0.001479873852,99.234610228,163.440298241,37.873937953,298.203924865,254.598725007242
Uranus,Miranda,705,2461036.500000,129873.343469,0.001257053935,99.206249914,163.430054295,45.877521077,273.053236376,254.591495035894
Uranus,Miranda,705,2461043.500000,129872.879390,0.001424384569,99.177595464,163.419713885,42.002668842,259.774323514,254.592859646334
Uranus,Miranda,705,2461050.500000,129870.586535,0.001124339833,99.149058789,163.409662777,41.955378184,242.675521963,254.599601901209
Uranus,Miranda,705,2461057.500000,129877.021742,0.001244250166,99.120558127,163.399930819,49.311667619,218.172270554,254.580679605665
Uranus,Miranda,705,2461064.500000,129871.738349,0.001236058561,99.091737679,163.390958981,43.935757548,206.388739894,254.596214898004
Uranus,Miranda,705,2461071.500000,129871.151918,0.001051255408,99.063221072,163.382211292,56.441109041,176.738753511,254.597939337496
Uranus,Miranda,705,2461078.500000,129873.211219,0.001289443717,99.034747956,163.373646669,54.720035599,161.312061299,254.591883912375
Uranus,Miranda,705,2461085.500000,129871.723943,0.001071845607,99.006343451,163.365156227,56.918801411,141.963879071,254.596257258612
Uranus,Miranda,705,2461092.500000,129871.652900,0.001331807408,98.977880775,163.356684057,64.499278177,117.238409387,254.596466165041
Uranus,Miranda,705,2461099.500000,129878.860984,0.001305195535,98.949021760,163.348404405,58.747278144,105.832980001,254.575271868918
Uranus,Miranda,705,2461106.500000,129870.753083,0.001240104166,98.919865616,163.339741605,66.161330831,81.267547599,254.599112148491
Uranus,Miranda,705,2461113.500000,129871.937101,0.001548078295,98.891113803,163.331310800,61.983187136,68.300624900,254.595630458733
Uranus,Miranda,705,2461120.500000,129874.263213,0.001354009836,98.862262153,163.323213936,59.545859958,53.587821420,254.588790590741
Uranus,Miranda,705,2461127.500000,129870.866555,0.001584507285,98.833399193,163.315661525,64.206827676,31.781001613,254.598778472306
Uranus,Miranda,705,2461134.500000,129872.487036,0.001530046866,98.804402746,163.308627316,54.470450845,24.374025117,254.594013362412
Uranus,Miranda,705,2461141.500000,129874.989695,0.001447943453,98.774373650,163.301922147,58.348225413,3.335882701,254.586654450848
Uranus,Miranda,705,2461148.500000,129870.434980,0.001662917365,98.745220953,163.295235525,56.209388891,348.327660025,254.600047568349
Uranus,Miranda,705,2461155.500000,129872.745552,0.001437660852,98.716205266,163.288768649,50.167111811,337.224488415,254.593253194869
Uranus,Miranda,705,2461162.500000,129872.848644,0.001535112380,98.687313248,163.282364102,56.187796133,314.053235657,254.592950053826
Uranus,Miranda,705,2461169.500000,129870.309658,0.001465818176,98.658420470,163.275928154,46.107901632,306.987645927,254.600416093895
Uranus,Miranda,705,2461176.500000,129874.404390,0.001314767218,98.629348093,163.269684278,53.605792552,282.344298857,254.588375472421
Uranus,Miranda,705,2461183.500000,129872.356907,0.001436667971,98.599679520,163.263004320,52.197231906,266.592765368,254.594396006797
Uranus,Miranda,705,2461190.500000,129871.008308,0.001196802162,98.570523974,163.257174015,45.809487656,255.837889500,254.598361634477
Uranus,Miranda,705,2461197.500000,129873.722028,0.001248863773,98.541111965,163.251808519,58.415584413,226.086554593,254.590381901311
Uranus,Miranda,705,2461204.500000,129872.011434,0.001229661723,98.511335904,163.246780209,49.269464853,218.082314989,254.595411880173
Uranus,Miranda,705,2461211.500000,129870.825068,0.001071013340,98.481473250,163.241991521,63.735389835,186.472156910,254.598900469261
Uranus,Miranda,705,2461218.500000,129878.896399,0.001232307180,98.451367661,163.237184458,61.919549204,171.137167534,254.575167744382
Uranus,Miranda,705,2461225.500000,129871.569120,0.001099836633,98.421749682,163.232448598,59.772045467,156.129245683,254.596712526129
Uranus,Miranda,705,2461232.500000,129871.727633,0.001239019816,98.392411869,163.228096121,73.449143787,125.308417008,254.596246407635
Uranus,Miranda,705,2461239.500000,129873.280612,0.001295358164,98.363199946,163.223864461,64.010707918,117.599197307,254.591679863986
Uranus,Miranda,705,2461246.500000,129870.996890,0.001236608515,98.333894680,163.219644647,74.634726098,89.829262607,254.598395211773
Uranus,Miranda,705,2461253.500000,129871.938954,0.001495743745,98.304510744,163.215621223,68.916145007,78.404802223,254.595625008782
Uranus,Miranda,705,2461260.500000,129877.394381,0.001384297773,98.274740116,163.211659098,67.527963739,62.634956021,254.579583958815
Uranus,Miranda,705,2461267.500000,129870.615517,0.001495802390,98.244656074,163.208241685,73.832625826,39.183909618,254.599516676321
Uranus,Miranda,705,2461274.500000,129872.623084,0.001579611796,98.214538757,163.204929932,63.354964067,32.516998352,254.593613311642
Uranus,Miranda,705,2461281.500000,129873.899990,0.001437654489,98.184201822,163.201745861,68.615519348,10.105008238,254.589858616914
Uranus,Miranda,705,2461288.500000,129870.780111,0.001675211388,98.154278888,163.198797333,63.785790026,357.789802958,254.599032671480
Uranus,Miranda,705,2461295.500000,129873.100007,0.001436387992,98.124608669,163.196107999,60.266213951,344.166553228,254.592210928042
Uranus,Miranda,705,2461302.500000,129873.285916,0.001485427622,98.094667119,163.194133751,64.712308578,322.561427288,254.591664267029
Uranus,Miranda,705,2461309.500000,129870.249998,0.001553231261,98.065181583,163.191946485,55.837088737,314.292258852,254.600591531323
Uranus,Miranda,705,2461316.500000,129872.873114,0.001299530667,98.035705829,163.189946684,59.856019542,293.129252225,254.592878102173
Uranus,Miranda,705,2461323.500000,129872.531493,0.001488718072,98.006179514,163.187973899,58.810882502,277.025521745,254.593882636408
Uranus,Miranda,705,2461330.500000,129871.177540,0.001206035764,97.976468081,163.186116393,54.709886859,263.981632189,254.597863992192
Uranus,Miranda,705,2461337.500000,129876.742119,0.001278343602,97.946437154,163.184509694,63.757729182,237.786543506,254.581501771601
Uranus,Miranda,705,2461344.500000,129871.547393,0.001293650193,97.915544592,163.183028137,58.268631536,226.116665359,254.596776412969
Uranus,Miranda,705,2461351.500000,129871.434578,0.001028702566,97.885491994,163.181672092,66.422206165,200.820441922,254.597108154746
Uranus,Miranda,705,2461358.500000,129874.077950,0.001271135111,97.855585814,163.180743113,69.388972258,180.706700929,254.589335338140
Uranus,Miranda,705,2461365.500000,129871.226861,0.001061729412,97.825891807,163.180300804,66.218413304,166.729862762,254.597718959962
Uranus,Miranda,705,2461372.500000,129870.961575,0.001251516672,97.796285001,163.180296893,79.480695017,136.325403296,254.598499056936
Uranus,Miranda,705,2461379.500000,129878.852478,0.001280672652,97.766062588,163.180715133,73.328365611,125.323295449,254.575296878053
Uranus,Miranda,705,2461386.500000,129871.009143,0.001170706051,97.736168829,163.180617033,79.411404233,102.089435748,254.598359179785
Uranus,Miranda,705,2461393.500000,129872.038734,0.001469312202,97.706535438,163.180814607,80.093793886,84.263187378,254.595331603835
Uranus,Miranda,705,2461400.500000,129873.569299,0.001319539677,97.676856880,163.181008289,75.088235703,72.119177660,254.590830992603
Uranus,Miranda,705,2461407.500000,129870.648939,0.001501336515,97.646987521,163.181299143,82.108645487,47.952696871,254.599418395296
Uranus,Miranda,705,2461414.500000,129872.077874,0.001515811900,97.617037074,163.181779972,71.701927820,41.215111441,254.595216509851
Uranus,Miranda,705,2461421.500000,129875.547134,0.001434781250,97.586420793,163.182249424,75.205485805,20.552420122,254.585015386908
Uranus,Miranda,705,2461428.500000,129870.538957,0.001652738657,97.556584137,163.183542558,74.957721033,3.656149272,254.599741811028
Uranus,Miranda,705,2461435.500000,129873.011305,0.001483376572,97.526774175,163.185322044,66.875444214,354.595174918,254.592471752736
Uranus,Miranda,705,2461442.500000,129873.006479,0.001532372303,97.496756996,163.187521230,74.187383462,330.132820313,254.592485943052
Uranus,Miranda,705,2461449.500000,129870.949265,0.001562668973,97.466894742,163.189746269,63.326332735,323.848421751,254.598535256203
Uranus,Miranda,705,2461456.500000,129874.475148,0.001353081609,97.436950522,163.191932056,68.975483565,301.054585606,254.588167415921
Uranus,Miranda,705,2461463.500000,129872.525229,0.001478558349,97.407098557,163.193978615,69.497833067,283.371638295,254.593901056206
Neptune,Triton,801,2460735.500000,354767.371539,0.000132224102,129.171930764,222.441637591,98.884740686,285.865467452,61.254596384656
Neptune,Triton,801,2460742.500000,354765.324502,0.000144303937,129.171841686,222.446911142,106.769307620,346.785702180,61.255126554637
Neptune,Triton,801,2460749.500000,354766.898116,0.000141048959,129.170819590,222.452194337,115.543624492,46.816233174,61.254718997560
Neptune,Triton,801,2460756.500000,354766.778271,0.000114941365,129.170486711,222.456666902,117.528981917,113.635643854,61.254750036698
Neptune,Triton,801,2460763.500000,354765.129458,0.000109143214,129.170064842,222.462325331,107.703599139,192.265871212,61.255177070150
Neptune,Triton,801,2460770.500000,354767.831019,0.000125533670,129.169094188,222.467034019,97.779714486,270.994633908,61.254477383174
Neptune,Triton,801,2460777.500000,354765.352848,0.000142482024,129.169019752,222.471960712,105.008833504,332.570197355,61.255119212935
Neptune,Triton,801,2460784.500000,354766.236205,0.000143201802,129.168175133,222.477505365,113.512279770,32.871769942,61.254890428118
Neptune,Triton,801,2460791.500000,354767.471849,0.000121305260,129.167572765,222.481926845,119.359141792,95.829514152,61.254570405055
Neptune,Triton,801,2460798.500000,354764.708720,0.000110212575,129.167379452,222.487378593,109.608186545,174.385420417,61.255286039785
Neptune,Triton,801,2460805.500000,354767.899202,0.000117516514,129.166345642,222.492434440,98.112558980,254.685844217,61.254459724467
Neptune,Triton,801,2460812.500000,354765.749223,0.000140596528,129.166134926,222.497041824,103.358825517,318.244286378,61.255016553904
Neptune,Triton,801,2460819.500000,354765.857595,0.000144932611,129.165553363,222.502708717,111.478060246,18.930072968,61.254988485919
Neptune,Triton,801,2460826.500000,354767.659315,0.000128866028,129.164690353,222.507265680,119.411886754,79.800815755,61.254521852949
Neptune,Triton,801,2460833.500000,354764.831433,0.000110611348,129.164618908,222.512397406,111.463485639,156.554226678,61.255254257569
Neptune,Triton,801,2460840.500000,354767.361766,0.000111115844,129.163661811,222.517796846,100.460645391,236.361813659,61.254598915708
Neptune,Triton,801,2460847.500000,354766.358790,0.000137915189,129.163217001,222.522221374,101.579846705,304.047384640,61.254858679506
Neptune,Triton,801,2460854.500000,354765.562369,0.000145410226,129.162907038,222.527823944,109.502207554,4.929985303,61.255064947953
Neptune,Triton,801,2460861.500000,354767.498474,0.000135291668,129.161879182,222.532667113,118.247834676,64.989007109,61.254563509532
Neptune,Triton,801,2460868.500000,354765.713904,0.000110678240,129.161787838,222.537460094,114.181485408,137.860301950,61.255025701337
Neptune,Triton,801,2460875.500000,354766.364963,0.000108340342,129.161027063,222.543093999,104.064576257,216.781957525,61.254857080583
Neptune,Triton,801,2460882.500000,354767.253648,0.000134003190,129.160327855,222.547524614,99.547071064,290.104318709,61.254626917382
Neptune,Triton,801,2460889.500000,354765.321456,0.000144559070,129.160209477,222.552900352,107.474394494,350.981801511,61.255127343532
Neptune,Triton,801,2460896.500000,354767.017610,0.000139848922,129.159169122,222.558076894,116.398935246,50.862096881,61.254688049453
Neptune,Triton,801,2460903.500000,354766.519602,0.000113627725,129.158918718,222.562604569,117.041225273,119.024600857,61.254817030162
Neptune,Triton,801,2460910.500000,354765.392928,0.000108704085,129.158423499,222.568287247,107.203905053,197.666748178,61.255108832389
Neptune,Triton,801,2460917.500000,354767.790348,0.000127622726,129.157510327,222.572908478,98.163017362,275.512501713,61.254487916567
Neptune,Triton,801,2460924.500000,354765.316932,0.000143031115,129.157455268,222.577945856,105.755129619,336.725103194,61.255128515221
Neptune,Triton,801,2460931.500000,354766.548927,0.000142963403,129.156555108,222.583419796,114.466022238,36.819193159,61.254809435150
Neptune,Triton,801,2460938.500000,354767.293574,0.000119499231,129.156048655,222.587841743,119.260622242,100.829208730,61.254616576866
Neptune,Triton,801,2460945.500000,354764.736122,0.000110093403,129.155800859,222.593371451,109.325681733,179.569107638,61.255278942768
Neptune,Triton,801,2460952.500000,354768.034677,0.000119526781,129.154783315,222.598315522,97.956623616,259.742948724,61.254424637644
Neptune,Triton,801,2460959.500000,354765.473741,0.000140864657,129.154634726,222.603011511,104.194080940,322.310208505,61.255087902422
Neptune,Triton,801,2460966.500000,354766.021682,0.000144740076,129.153976866,222.608660273,112.354519242,22.954800942,61.254945988423
Neptune,Triton,801,2460973.500000,354767.559402,0.000126676292,129.153194653,222.613156645,119.703205920,84.410684066,61.254547729667
Neptune,Triton,801,2460980.500000,354764.786636,0.000110403708,129.153111252,222.618397482,111.164524422,161.754372226,61.255265859681
Neptune,Triton,801,2460987.500000,354767.538780,0.000112596789,129.152122040,222.623698301,99.947358474,241.776275817,61.254553070526
Neptune,Triton,801,2460994.500000,354766.194658,0.000138958162,129.151768483,222.628161538,102.375298082,308.153114377,61.254901188524
Neptune,Triton,801,2461001.500000,354765.726239,0.000145671777,129.151386446,222.633807293,110.267989308,9.065377047,61.255022506561
Neptune,Triton,801,2461008.500000,354767.479082,0.000133511439,129.150401970,222.638547864,118.814016996,69.323977886,61.254568531858
Neptune,Triton,801,2461015.500000,354765.452061,0.000110417309,129.150346017,222.643444213,113.609257198,143.333718143,61.255093517245
Neptune,Triton,801,2461022.500000,354766.598099,0.000108796971,129.149518502,222.649026873,103.426149625,222.321544991,61.254796699826
Neptune,Triton,801,2461029.500000,354766.963873,0.000135439091,129.148909515,222.653431016,100.441080058,294.111479350,61.254701966873
Neptune,Triton,801,2461036.500000,354765.318233,0.000144733326,129.148753869,222.658896891,108.259382853,355.098007080,61.255128178321
Neptune,Triton,801,2461043.500000,354767.183495,0.000138537614,129.147711376,222.663967456,117.293950731,54.868252179,61.254645086644
Neptune,Triton,801,2461050.500000,354766.266804,0.000112642676,129.147533604,222.668567683,116.535088849,124.431916477,61.254882503160
Neptune,Triton,801,2461057.500000,354765.591923,0.000108646427,129.146962192,222.674254918,106.644560483,203.127272819,61.255057293722
Neptune,Triton,801,2461064.500000,354767.750839,0.000129693739,129.146118320,222.678801715,98.617158944,279.959524402,61.254498149184
Neptune,Triton,801,2461071.500000,354765.213777,0.000143240790,129.146066965,222.683951503,106.483384094,340.898026645,61.255155231839
Neptune,Triton,801,2461078.500000,354766.668926,0.000142077160,129.145118152,222.689341552,115.330635558,40.855745088,61.254778356224
Neptune,Triton,801,2461085.500000,354767.043106,0.000117670750,129.144706370,222.693777312,118.965219117,106.025800561,61.254681446267
Neptune,Triton,801,2461092.500000,354764.768844,0.000110048298,129.144397774,222.699373792,109.028284923,184.767675992,61.255270467911
Neptune,Triton,801,2461099.500000,354768.007646,0.000121883044,129.143407534,222.704209505,98.102852489,264.497900941,61.254431638468
Neptune,Triton,801,2461106.500000,354765.278682,0.000141301305,129.143311457,222.708999799,105.039522019,326.365960227,61.255138421765
Neptune,Triton,801,2461113.500000,354766.298702,0.000144684416,129.142583891,222.714614543,113.314650356,26.895845756,61.254874241773
Neptune,Triton,801,2461120.500000,354767.399212,0.000124558277,129.141886883,222.719068792,119.825012868,89.190050299,61.254589217570
Neptune,Triton,801,2461127.500000,354764.788089,0.000110132129,129.141778703,222.724408822,110.809870917,167.010211841,61.255265483342
Neptune,Triton,801,2461134.500000,354767.740476,0.000114189331,129.140772019,222.729607399,99.476624413,247.148167313,61.254500833138
Neptune,Triton,801,2461141.500000,354765.920524,0.000139609478,129.140501274,222.734124948,103.263398946,312.166179604,61.254972187792
Neptune,Triton,801,2461148.500000,354765.816950,0.000145590756,129.140045393,222.739794293,111.128129780,13.106419958,61.254999012846
Neptune,Triton,801,2461155.500000,354767.485500,0.000131489669,129.139118490,222.744446097,119.394473196,73.644691502,61.254566869727
Neptune,Triton,801,2461162.500000,354765.217426,0.000110265827,129.139081077,222.749448339,113.068499203,148.775657696,61.255154286777
Neptune,Triton,801,2461169.500000,354766.831263,0.000109662102,129.138198810,222.754961750,102.687312515,227.961559465,61.254736312103
Neptune,Triton,801,2461176.500000,354766.811096,0.000136999824,129.137681244,222.759363373,101.235856597,298.217881757,61.254741535154
Neptune,Triton,801,2461183.500000,354765.472398,0.000145252722,129.137473757,222.764906660,109.010335509,359.248227812,61.255088250205
Neptune,Triton,801,2461190.500000,354767.289508,0.000136966710,129.136443301,222.769869288,118.110045470,58.953319941,61.254617630088
Neptune,Triton,801,2461197.500000,354766.121861,0.000111592853,129.136328366,222.774555193,116.101525061,129.766661157,61.254920042648
Neptune,Triton,801,2461204.500000,354765.834350,0.000108578289,129.135680125,222.780228439,106.071565722,208.601422321,61.254994506409
Neptune,Triton,801,2461211.500000,354767.593693,0.000131634921,129.134914157,222.784713010,99.272137042,284.205702449,61.254538848687
Neptune,Triton,801,2461218.500000,354765.161639,0.000143562778,129.134853446,222.789968264,107.253375137,345.029220108,61.255168735316
Neptune,Triton,801,2461225.500000,354766.900791,0.000141276197,129.133872495,222.795266133,116.289344783,44.798190363,61.254718304752
Neptune,Triton,801,2461232.500000,354766.790094,0.000116034137,129.133548353,222.799736157,118.586621641,111.305579035,61.254746974463
Neptune,Triton,801,2461239.500000,354764.964625,0.000109655696,129.133173236,222.805377665,108.586628601,190.110507419,61.255219761378
Neptune,Triton,801,2461246.500000,354768.125695,0.000124182691,129.132228536,222.810117543,98.150427791,269.351490417,61.254401064833
Neptune,Triton,801,2461253.500000,354765.166593,0.000141697187,129.132166848,222.815015916,105.745809971,330.560834971,61.255167452449
Neptune,Triton,801,2461260.500000,354766.563457,0.000144434756,129.131374043,222.820573412,114.299370701,30.812289409,61.254805671975
Neptune,Triton,801,2461267.500000,354767.296426,0.000122611801,129.130770401,222.825005762,119.948614618,93.967603627,61.254615838304
Neptune,Triton,801,2461274.500000,354764.766227,0.000110044432,129.130620243,222.830437844,110.525864666,172.195377258,61.255271145571
Neptune,Triton,801,2461281.500000,354767.824457,0.000116135507,129.129609475,222.835525815,99.224878941,252.301067878,61.254479082580
Neptune,Triton,801,2461288.500000,354765.714549,0.000140312397,129.129415103,222.840112907,104.105092101,316.225655741,61.255025534322
Neptune,Triton,801,2461295.500000,354766.009355,0.000145711391,129.128882184,222.845788564,111.978124661,17.157581251,61.254949180975
Neptune,Triton,801,2461302.500000,354767.440873,0.000129407875,129.128025056,222.850361410,119.841168413,78.099155355,61.254578427562
Neptune,Triton,801,2461309.500000,354765.148324,0.000109878467,129.127992468,222.855473232,112.674308754,154.071018770,61.255172183886
Neptune,Triton,801,2461316.500000,354767.158238,0.000110418570,129.127065200,222.860902291,101.952472155,233.597538189,61.254651627912
Neptune,Triton,801,2461323.500000,354766.562092,0.000138037265,129.126639730,222.865319993,102.098227670,302.256652494,61.254806025481
Neptune,Triton,801,2461330.500000,354765.639615,0.000145725158,129.126369951,222.870925731,109.786761711,3.372962071,61.255044941759
Neptune,Triton,801,2461337.500000,354767.367631,0.000135454028,129.125366128,222.875782146,118.816982813,63.147508888,61.254597396670
Neptune,Triton,801,2461344.500000,354765.851546,0.000111071818,129.125302250,222.880564865,115.559302438,135.210040836,61.254990052573
Neptune,Triton,801,2461351.500000,354766.009224,0.000108919445,129.124580469,222.886205493,105.475637345,214.098506439,61.254949214914
Neptune,Triton,801,2461358.500000,354767.473817,0.000133478882,129.123901840,222.890645057,99.931660722,288.447328839,61.254569895567
Neptune,Triton,801,2461365.500000,354765.115586,0.000143755440,129.123815552,222.896003160,107.966667067,349.217090597,61.255180663016
Neptune,Triton,801,2461372.500000,354767.102746,0.000140192978,129.122815632,222.901197566,117.231282677,48.757405211,61.254665999811
Neptune,Triton,801,2461379.500000,354766.616277,0.000114609782,129.122575598,222.905722291,118.267937767,116.525427886,61.254791991829
Neptune,Triton,801,2461386.500000,354765.173327,0.000109317453,129.122123959,222.911394149,108.226617892,195.371659503,61.255165708158
Neptune,Triton,801,2461393.500000,354768.044916,0.000126379072,129.121234453,222.916039503,98.554548978,273.848515630,61.254421985886
Neptune,Triton,801,2461400.500000,354765.051787,0.000141987325,129.121198065,222.921051333,106.446564628,334.761238221,61.255197186661
Neptune,Triton,801,2461407.500000,354766.731329,0.000143855295,129.120344683,222.926539998,115.189962866,34.822840988,61.254762194260
Neptune,Triton,801,2461414.500000,354767.018713,0.000120772584,129.119836554,222.930961699,119.757426283,99.059948465,61.254687763929
Neptune,Triton,801,2461421.500000,354764.770886,0.000109966095,129.119638201,222.936472922,110.142788404,177.479626296,61.255269939067
Neptune,Triton,801,2461428.500000,354767.945744,0.000118122974,129.118638652,222.941453393,99.029089741,257.398002761,61.254447670432
Neptune,Triton,801,2461435.500000,354765.442758,0.000140683496,129.118508585,222.946122513,104.986661711,320.245249006,61.255095926668
Neptune,Triton,801,2461442.500000,354766.257426,0.000145780827,129.117901582,222.951785878,112.917351831,21.119516471,61.254884932053
Neptune,Triton,801,2461449.500000,354767.401574,0.000127407553,129.117123261,222.956296796,120.213057803,82.628412788,61.254588605906
Neptune,Triton,801,2461456.500000,354765.003394,0.000109871272,129.117079755,222.961517698,112.284211691,159.362271149,61.255209720298
Neptune,Triton,801,2461463.500000,354767.327732,0.000111812233,129.116117578,222.966850390,101.394569610,239.056593519,61.254607730186
Neptune,Nereid,802,2460735.500000,5522190.724735,0.745441025666,5.057773986,319.876363128,296.314544578,44.018386561,0.997336485381
Neptune,Nereid,802,2460742.500000,5522120.862273,0.745855440920,5.042366257,319.278776117,296.874891069,50.972534403,0.997355411968
Neptune,Nereid,802,2460749.500000,5513587.442656,0.745937174407,5.035376449,318.714003112,297.355525027,58.094503771,0.999671729036
Neptune,Nereid,802,2460756.500000,5508703.397507,0.745516097140,5.040588700,319.001855612,297.048899651,65.227385126,1.001001494921
Neptune,Nereid,802,2460763.500000,5512704.130450,0.745052102108,5.045564670,319.867925503,296.246275849,72.186604567,0.999912007924
Neptune,Nereid,802,2460770.500000,5518748.580663,0.745164378164,5.044173692,320.193572467,295.976222310,79.013011120,0.998269716275
Neptune,Nereid,802,2460777.500000,5518598.487650,0.745787072180,5.044143463,319.479263923,296.666716891,85.930791091,0.998310442466
Neptune,Nereid,802,2460784.500000,5513369.709608,0.746142455756,5.051219265,318.592415915,297.485916071,93.052300075,0.999730947916
Neptune,Nereid,802,2460791.500000,5510567.519150,0.745724960415,5.052050639,318.702646578,297.350062759,100.223172785,1.000493607831
Neptune,Nereid,802,2460798.500000,5513329.765109,0.745032036670,5.039030912,319.721161255,296.373399881,107.217874388,0.999741812628
Neptune,Nereid,802,2460805.500000,5516991.669914,0.744992232470,5.027951342,320.352712930,295.792832964,114.036360397,0.998746609442
Neptune,Nereid,802,2460812.500000,5516365.695342,0.745723228141,5.037181694,319.750052624,296.392660739,120.911236421,0.998916614773
Neptune,Nereid,802,2460819.500000,5512813.470417,0.746296995144,5.061782535,318.664372337,297.429333037,128.006790166,0.999882260009
Neptune,Nereid,802,2460826.500000,5511570.287151,0.745943247995,5.068183509,318.491722546,297.566495433,135.202459153,1.000220577472
Neptune,Nereid,802,2460833.500000,5514058.544981,0.745098694308,5.041579531,319.463227549,296.610630312,142.245278683,0.999543618966
Neptune,Nereid,802,2460840.500000,5516241.295288,0.744884411003,5.014505019,320.344562860,295.773292488,149.077457133,0.998950405712
Neptune,Nereid,802,2460847.500000,5514799.372282,0.745626733394,5.023807930,319.994532597,296.143687333,155.914667102,0.999342216082
Neptune,Nereid,802,2460854.500000,5511950.599869,0.746375287997,5.063987165,318.870260487,297.242573774,162.968220760,1.000117059660
Neptune,Nereid,802,2460861.500000,5512007.813857,0.746146548390,5.083997169,318.416761973,297.653392854,170.170739592,1.000101488055
Neptune,Nereid,802,2460868.500000,5514927.316895,0.745234978427,5.052382699,319.186026989,296.870324902,177.262340721,0.999307439637
Neptune,Nereid,802,2460875.500000,5516295.187407,0.744841645087,5.007696367,320.189519313,295.897667289,184.125458822,0.998935766696
Neptune,Nereid,802,2460882.500000,5513810.682759,0.745500888903,5.007793846,320.145016643,295.983886902,190.938149049,0.999611018420
Neptune,Nereid,802,2460889.500000,5510914.536086,0.746359067787,5.057274145,319.141017337,296.991322752,197.943244731,1.000399109152
Neptune,Nereid,802,2460896.500000,5512008.824896,0.746301446768,5.095000451,318.487420352,297.601351199,205.133414804,1.000101212890
Neptune,Nereid,802,2460903.500000,5515908.494500,0.745419002440,5.068355276,318.970014029,297.075052235,212.263523812,0.999040814163
Neptune,Nereid,802,2460910.500000,5517074.344442,0.744871475123,5.009469543,319.938930382,296.116074038,219.169095120,0.998724159882
Neptune,Nereid,802,2460917.500000,5513420.898674,0.745369379883,4.993644516,320.158384926,295.953837295,225.976648738,0.999717025025
Neptune,Nereid,802,2460924.500000,5509816.732081,0.746250096142,5.043639437,319.395509302,296.752595508,232.936318169,1.000698110981
Neptune,Nereid,802,2460931.500000,5511650.488066,0.746374386588,5.097932677,318.682104156,297.430191144,240.096379282,1.000198745995
Neptune,Nereid,802,2460938.500000,5516990.830658,0.745619598880,5.084628301,318.879051425,297.162272918,247.247152660,0.998746837339
Neptune,Nereid,802,2460945.500000,5518557.077111,0.744987233634,5.019563328,319.663019140,296.360225282,254.198389060,0.998321679276
Neptune,Nereid,802,2460952.500000,5513676.936023,0.745273140980,4.986020672,320.021189798,296.066354407,261.021355544,0.999647390389
Neptune,Nereid,802,2460959.500000,5508738.149720,0.746061652874,5.027204257,319.556930752,296.599632248,267.947740191,1.000992022617
Neptune,Nereid,802,2460966.500000,5511016.994657,0.746330365655,5.091006384,318.955564273,297.181298103,275.065639933,1.000371210766
Neptune,Nereid,802,2460973.500000,5518297.879001,0.745802880857,5.094925845,318.953007831,297.091062377,282.214523519,0.998392017848
Neptune,Nereid,802,2460980.500000,5520857.090368,0.745213787476,5.035167270,319.441369811,296.553237406,289.204472494,0.997697886476
Neptune,Nereid,802,2460987.500000,5514543.199797,0.745276797250,4.989591372,319.751208954,296.306836108,296.059957554,0.999411852027
Neptune,Nereid,802,2460994.500000,5507599.935780,0.745818592292,5.014639422,319.558408965,296.597171229,302.974710304,1.001302339801
Neptune,Nereid,802,2461001.500000,5510390.366055,0.746141012727,5.074577405,319.236704686,296.917726571,310.049869101,1.000541855401
Neptune,Nereid,802,2461008.500000,5520581.847544,0.745967156639,5.091606653,319.198226819,296.849920772,317.170536882,0.997772501602
Neptune,Nereid,802,2461015.500000,5524460.047447,0.745623858589,5.049859371,319.355540882,296.620674712,324.175880188,0.996722023729
Neptune,Nereid,802,2461022.500000,5515454.530978,0.745454141278,5.009444704,319.408299292,296.628835116,331.075278861,0.999164159597
Neptune,Nereid,802,2461029.500000,5506279.846971,0.745532460526,5.018595953,319.357242162,296.783938566,338.018498617,1.001662443338
Neptune,Nereid,802,2461036.500000,5514226.107707,0.745925084816,5.050967498,319.423220922,296.710540330,345.068608525,0.999498059088
Neptune,Nereid,802,2461043.500000,5531289.617745,0.746473866425,5.055807051,319.540069811,296.507215145,352.107507138,0.994876591127
Neptune,Nereid,802,2461050.500000,5518170.561441,0.745885264737,5.044383955,319.443090923,296.597926424,359.067817583,0.998426571031
Neptune,Nereid,802,2461057.500000,5503606.176063,0.745228181702,5.056506604,319.371096166,296.696578374,6.079693891,1.002392448597
Neptune,Nereid,802,2461064.500000,5523642.309325,0.745955092689,5.062965471,319.477466614,296.678288703,13.018124199,0.996943368916
Neptune,Nereid,802,2461071.500000,5531220.583991,0.746305008275,5.042065835,319.345417282,296.823534781,19.949576162,0.994895216387
Neptune,Nereid,802,2461078.500000,5518544.925834,0.746073099116,5.023249951,319.029122742,297.046551961,27.009430113,0.998324976582
Neptune,Nereid,802,2461085.500000,5506598.160370,0.745638572010,5.031164554,319.101652209,296.917387082,34.124661902,1.001575591721
Neptune,Nereid,802,2461092.500000,5509248.296653,0.745350879709,5.051579420,319.653746417,296.421672819,41.121909309,1.000852990621
Neptune,Nereid,802,2461099.500000,5519380.084156,0.745465589234,5.057426810,319.972215032,296.184361343,47.983531434,0.998098394650
Neptune,Nereid,802,2461106.500000,5522517.006784,0.745910096930,5.046062944,319.507605060,296.641502710,54.887494434,0.997248099545
Neptune,Nereid,802,2461113.500000,5515920.686966,0.746192850077,5.037567976,318.761067293,297.307704408,61.968680526,0.999037501725
Neptune,Nereid,802,2461120.500000,5509545.340270,0.745912752211,5.039935867,318.743965366,297.280682187,69.127205898,1.000772051188
Neptune,Nereid,802,2461127.500000,5511180.322737,0.745346363705,5.043161377,319.578383503,296.489746073,76.150176762,1.000326740937
Neptune,Nereid,802,2461134.500000,5517156.840334,0.745221458613,5.041401906,320.217952310,295.916537596,82.995265960,0.998701759667
Neptune,Nereid,802,2461141.500000,5518931.575992,0.745774916478,5.041150747,319.780851260,296.355754844,89.857979695,0.998220066127
Neptune,Nereid,802,2461148.500000,5514789.308416,0.746335663768,5.049917384,318.766993387,297.309527581,96.920004623,0.999344951613
Neptune,Nereid,802,2461155.500000,5510992.062816,0.746149164286,5.055459729,318.485904841,297.546324990,104.105723757,1.000377999323
Neptune,Nereid,802,2461162.500000,5512353.240549,0.745411893337,5.043387513,319.340798173,296.712880905,111.173326055,1.000007483828
Neptune,Nereid,802,2461169.500000,5516139.796048,0.745091042561,5.026664785,320.259982440,295.847553550,118.028447532,0.998977977486
Neptune,Nereid,802,2461176.500000,5516748.191297,0.745663380468,5.029003258,320.043558629,296.082489796,124.854021445,0.998812728862
Neptune,Nereid,802,2461183.500000,5513657.845037,0.746421003787,5.054373099,318.943743502,297.146193142,131.877290426,0.999652582297
Neptune,Nereid,802,2461190.500000,5511577.861456,0.746368067517,5.071864242,318.369908024,297.674510496,139.071539813,1.000218515638
Neptune,Nereid,802,2461197.500000,5513312.540661,0.745552470614,5.052485026,319.056333295,296.983928051,146.186249799,0.999746497656
Neptune,Nereid,802,2461204.500000,5515944.005045,0.745041927755,5.017981067,320.135658692,295.942541853,153.071078100,0.999031166741
Neptune,Nereid,802,2461211.500000,5515391.772287,0.745541706923,5.013280540,320.221933283,295.890791262,159.873462585,0.999181213620
Neptune,Nereid,802,2461218.500000,5512459.388228,0.746429107703,5.049829949,319.205888925,296.898693104,166.849625447,0.999978599816
Neptune,Nereid,802,2461225.500000,5511576.118584,0.746548710121,5.084413034,318.404703526,297.657984984,174.031382240,1.000218990072
Neptune,Nereid,802,2461232.500000,5514166.774721,0.745742436932,5.067665563,318.817333426,297.215271282,181.184479668,0.999514191180
Neptune,Nereid,802,2461239.500000,5516413.276287,0.745067128744,5.017681649,319.899956996,296.148285112,188.112659708,0.998903690807
Neptune,Nereid,802,2461246.500000,5514752.827126,0.745421892192,4.998369001,320.268541124,295.825176633,194.910882901,0.999354867956
Neptune,Nereid,802,2461253.500000,5511297.568013,0.746357955754,5.037804358,319.469984012,296.646675714,201.841093148,1.000294820243
Neptune,Nereid,802,2461260.500000,5511127.156103,0.746658144516,5.089637707,318.571164704,297.515110731,208.991863948,1.000341216415
Neptune,Nereid,802,2461267.500000,5514917.300969,0.745945662897,5.084417724,318.691102516,297.341657716,216.167485467,0.999310161979
Neptune,Nereid,802,2461274.500000,5517477.932576,0.745165171223,5.025890817,319.622987877,296.396348983,223.144704444,0.998614581053
Neptune,Nereid,802,2461281.500000,5514836.627421,0.745335103774,4.988749146,320.166664039,295.901176425,229.958369098,0.999332089607
Neptune,Nereid,802,2461288.500000,5510273.994699,0.746220123987,5.021777136,319.659828738,296.463049810,236.851533201,1.000573551200
Neptune,Nereid,802,2461295.500000,5510331.823277,0.746661636205,5.085642896,318.826302684,297.286030940,243.959087299,1.000557800354
Neptune,Nereid,802,2461302.500000,5515595.771435,0.746120650392,5.097368686,318.716229308,297.324207282,251.137666591,0.999125780742
Neptune,Nereid,802,2461309.500000,5519139.100980,0.745340226107,5.040421002,319.382086000,296.611433233,258.159021363,0.998163765591
Neptune,Nereid,802,2461316.500000,5515671.137491,0.745322856560,4.987988556,319.937597404,296.098803261,265.003666549,0.999105302750
Neptune,Nereid,802,2461323.500000,5509440.898485,0.746038915348,5.006790580,319.714048064,296.406725193,271.877649305,1.000800508590
Neptune,Nereid,802,2461330.500000,5509270.218103,0.746536386452,5.072981769,319.100820833,297.035069367,278.939868440,1.000847017019
Neptune,Nereid,802,2461337.500000,5516364.015600,0.746234769227,5.101230751,318.897014339,297.155678012,286.100084737,0.998917071031
Neptune,Nereid,802,2461344.500000,5521569.512579,0.745607055361,5.056462710,319.253654821,296.719435883,293.148766506,0.997504800288
Neptune,Nereid,802,2461351.500000,5517250.600724,0.745443351986,4.998321442,319.634396617,296.369679515,300.032914400,0.998676301806
Neptune,Nereid,802,2461358.500000,5508673.675154,0.745850401314,5.000077453,319.589310680,296.520649956,306.913662374,1.001009596370
Neptune,Nereid,802,2461365.500000,5508185.488894,0.746265560309,5.055136758,319.308921824,296.839523342,313.941962436,1.001142677389
Neptune,Nereid,802,2461372.500000,5518159.170528,0.746281848223,5.089882089,319.209147503,296.851892925,321.062141505,0.998429662550
Neptune,Nereid,802,2461379.500000,5525660.816041,0.746031317357,5.064485750,319.307623215,296.654890045,328.105178724,0.996397148338
Neptune,Nereid,802,2461386.500000,5519053.172541,0.745778574435,5.020976217,319.341528861,296.646480597,335.026920611,0.998187076923
Neptune,Nereid,802,2461393.500000,5507260.484955,0.745675301890,5.016158675,319.280234884,296.813672465,341.955725498,1.001394917084
Neptune,Nereid,802,2461400.500000,5512934.550716,0.746041341511,5.040977355,319.351834980,296.762639960,348.986031613,0.999849319646
Neptune,Nereid,802,2461407.500000,5533870.550081,0.746857006800,5.045391517,319.505379094,296.545898860,356.013065111,0.994180674120
Neptune,Nereid,802,2461414.500000,5516900.122221,0.746103640411,5.035785905,319.429053718,296.599943823,2.987460784,0.998771469416
Neptune,Nereid,802,2461421.500000,5501733.265934,0.745413172038,5.051770219,319.392301020,296.633299351,10.022836709,1.002904346570
Neptune,Nereid,802,2461428.500000,5517792.433845,0.745903352575,5.065312436,319.544257948,296.572298916,16.963293493,0.998529204225
Neptune,Nereid,802,2461435.500000,5529221.375961,0.746356336217,5.049905337,319.434771382,296.722179854,23.869351377,0.995434853566
Neptune,Nereid,802,2461442.500000,5521725.422109,0.746373261016,5.027367495,319.019702396,297.060745879,30.896570263,0.997462552785
Neptune,Nereid,802,2461449.500000,5509146.784038,0.746040987077,5.027121580,318.915052740,297.087971116,38.023485507,1.000880653618
Neptune,Nereid,802,2461456.500000,5507727.990724,0.745641321943,5.044578180,319.440726827,296.589740969,45.071505693,1.001267419512
Neptune,Nereid,802,2461463.500000,5516365.978405,0.745566700564,5.054787136,319.975676063,296.139561257,51.956519339,0.998916537887
Neptune,Proteus,808,2460735.500000,117673.684047,0.000350890548,29.070929695,48.708643917,316.419491112,250.194221425,320.619451629245
Neptune,Proteus,808,2460742.500000,117674.757654,0.000660205281,29.070132480,48.708893533,326.182360478,325.791393480,320.615063877915
Neptune,Proteus,808,2460749.500000,117676.058934,0.000712953595,29.070642848,48.709244215,354.034262872,23.298999923,320.609745776502
Neptune,Proteus,808,2460756.500000,117674.842768,0.000414671755,29.069972293,48.708103909,11.176700896,91.517214235,320.614716026865
Neptune,Proteus,808,2460763.500000,117674.100393,0.000303696310,29.069501871,48.709083655,321.250959716,226.802670478,320.617750041382
Neptune,Proteus,808,2460770.500000,117673.572713,0.000598522094,29.069924971,48.708540965,323.858560834,309.553952252,320.619906650147
Neptune,Proteus,808,2460777.500000,117673.581069,0.000706848811,29.069019012,48.708290870,349.438922918,9.332530104,320.619872497268
Neptune,Proteus,808,2460784.500000,117673.597666,0.000518317032,29.069334173,48.709698205,11.235126415,72.894363405,320.619804666216
Neptune,Proteus,808,2460791.500000,117674.756821,0.000253407618,29.069118575,48.708079142,341.947637830,187.542549772,320.615067283506
Neptune,Proteus,808,2460798.500000,117675.615857,0.000544361974,29.068393162,48.709100957,317.789070889,297.060309567,320.611556537166
Neptune,Proteus,808,2460805.500000,117674.918682,0.000721965345,29.068848721,48.708940681,344.683838471,355.525836669,320.614405778132
Neptune,Proteus,808,2460812.500000,117673.844412,0.000569915112,29.067991824,48.707824381,11.410242408,54.160017385,320.618796224606
Neptune,Proteus,808,2460819.500000,117673.680235,0.000281077338,29.067862467,48.709642759,1.966749292,148.961313703,320.619467210927
Neptune,Proteus,808,2460826.500000,117673.390401,0.000454352517,29.067971299,48.708465717,321.685789394,274.601738815,320.620651756274
Neptune,Proteus,808,2460833.500000,117673.829208,0.000696764372,29.067021017,48.709239677,338.765191217,342.880374624,320.618858360604
Neptune,Proteus,808,2460840.500000,117674.747042,0.000645812070,29.067370609,48.709568480,6.458567821,40.546956489,320.615107246531
Neptune,Proteus,808,2460847.500000,117675.975654,0.000326503090,29.066997053,48.708327588,19.089227509,113.276670833,320.610086123937
Neptune,Proteus,808,2460854.500000,117674.890270,0.000369224828,29.066390127,48.709604239,323.090279458,254.634760186,320.614521893611
Neptune,Proteus,808,2460861.500000,117673.979952,0.000671924576,29.066705702,48.708913243,337.524352979,325.561615378,320.618242280059
Neptune,Proteus,808,2460868.500000,117673.651280,0.000676716667,29.065757949,48.708929971,2.608617707,25.835315477,320.619585550310
Neptune,Proteus,808,2460875.500000,117673.476440,0.000414270832,29.065761717,48.709750438,18.179380433,95.623385472,320.620300118370
Neptune,Proteus,808,2460882.500000,117673.793954,0.000290559415,29.065726764,48.708842904,335.746407713,223.414864306,320.619002444032
Neptune,Proteus,808,2460889.500000,117674.806763,0.000609377831,29.064954787,48.709375085,332.446689529,312.074570534,320.614863175370
Neptune,Proteus,808,2460896.500000,117676.153050,0.000736943298,29.065448957,48.709598263,359.263925731,10.616998773,320.609361146704
Neptune,Proteus,808,2460903.500000,117674.816459,0.000490752182,29.064660208,48.708745636,21.614805783,73.626421009,320.614823547807
Neptune,Proteus,808,2460910.500000,117674.002339,0.000261327914,29.064273110,48.709852295,345.717607944,194.883202177,320.618150783608
Neptune,Proteus,808,2460917.500000,117673.481167,0.000536951082,29.064581612,48.709257570,331.537871615,294.421658286,320.620280796287
Neptune,Proteus,808,2460924.500000,117673.636836,0.000712326888,29.063658053,48.709326599,354.879969586,356.438348558,320.619644578710
Neptune,Proteus,808,2460931.500000,117673.659232,0.000585475283,29.064042364,48.710657916,18.967912063,57.708451031,320.619553047158
Neptune,Proteus,808,2460938.500000,117674.826481,0.000266443988,29.063664680,48.709185307,10.025451699,152.011653060,320.614782588462
Neptune,Proteus,808,2460945.500000,117675.650536,0.000465804645,29.063007976,48.710439474,326.221360956,281.174848873,320.611414811870
Neptune,Proteus,808,2460952.500000,117674.879666,0.000708028097,29.063421444,48.710188650,350.175965399,342.580431291,320.614565231448
Neptune,Proteus,808,2460959.500000,117673.789208,0.000629915308,29.062457025,48.709407976,18.126513611,39.990113885,320.619021840671
Neptune,Proteus,808,2460966.500000,117673.602120,0.000335373884,29.062439177,48.711286926,22.866219250,120.608188970,320.619786463814
Neptune,Proteus,808,2460973.500000,117673.448527,0.000382202215,29.062431544,48.710117763,333.803982226,255.029795230,320.620414198593
Neptune,Proteus,808,2460980.500000,117673.881656,0.000662489651,29.061496837,48.711243268,344.442798872,329.748932259,320.618644008701
Neptune,Proteus,808,2460987.500000,117674.798536,0.000686849451,29.061878918,48.711495994,12.453561295,27.098197007,320.614896796750
Neptune,Proteus,808,2460994.500000,117675.906229,0.000407942224,29.061360953,48.710424596,33.249100300,91.662993231,320.610369846037
Neptune,Proteus,808,2461001.500000,117674.843746,0.000301946325,29.060841507,48.711931568,340.813536877,229.457430189,320.614712031094
Neptune,Proteus,808,2461008.500000,117673.849941,0.000626067760,29.061088542,48.711170832,343.711908458,311.919839302,320.618773629137
Neptune,Proteus,808,2461015.500000,117673.613118,0.000700972611,29.060080516,48.711551613,8.257800085,12.731711115,320.619741515958
Neptune,Proteus,808,2461022.500000,117673.535096,0.000486561505,29.060154213,48.712389089,29.094314485,77.254023097,320.620060390189
Neptune,Proteus,808,2461029.500000,117673.938192,0.000260194120,29.059973834,48.711580271,1.521079881,190.185706814,320.618412949562
Neptune,Proteus,808,2461036.500000,117674.821188,0.000546092300,29.059252358,48.712386771,339.649482235,297.417184514,320.614804221246
Neptune,Proteus,808,2461043.500000,117676.206912,0.000743945696,29.059723079,48.712498029,4.361516143,358.064936980,320.609141027222
Neptune,Proteus,808,2461050.500000,117674.758288,0.000561480235,29.058840726,48.711960756,29.786087075,58.000267005,320.615061285262
Neptune,Proteus,808,2461057.500000,117673.913998,0.000262200099,29.058547865,48.713169358,13.830816879,159.315028236,320.618511831198
Neptune,Proteus,808,2461064.500000,117673.412610,0.000468187891,29.058737625,48.712566065,340.826702761,277.677734642,320.620560988067
Neptune,Proteus,808,2461071.500000,117673.699058,0.000701145356,29.057826208,48.712951588,0.352086069,343.511024116,320.619390281352
Neptune,Proteus,808,2461078.500000,117673.782873,0.000642179506,29.058272193,48.714187836,25.589027587,43.632089318,320.619047731129
Neptune,Proteus,808,2461085.500000,117674.863609,0.000318908490,29.057749767,48.712919523,32.503650147,122.078174967,320.614630852915
Neptune,Proteus,808,2461092.500000,117675.690477,0.000383437908,29.057184240,48.714377945,337.342621673,262.598208150,320.611251580200
Neptune,Proteus,808,2461099.500000,117674.804575,0.000678173799,29.057544533,48.714056012,355.895776751,329.405094003,320.614872116268
Neptune,Proteus,808,2461106.500000,117673.712084,0.000676265532,29.056509052,48.713641033,24.075534586,26.585271358,320.619337045170
Neptune,Proteus,808,2461113.500000,117673.540316,0.000406071295,29.056607674,48.715546276,37.758880271,98.259736260,320.620039055894
Neptune,Proteus,808,2461120.500000,117673.506740,0.000317117092,29.056483319,48.714426174,350.437575593,230.940307506,320.620176279726
Neptune,Proteus,808,2461127.500000,117673.962507,0.000613522487,29.055599494,48.715892200,350.591733409,316.143970713,320.618313575218
Neptune,Proteus,808,2461134.500000,117674.865415,0.000713036816,29.056007280,48.716057752,18.071609990,14.024152374,320.614623473308
Neptune,Proteus,808,2461141.500000,117675.849920,0.000491023757,29.055361849,48.715200231,43.321911194,74.134085998,320.610599967718
Neptune,Proteus,808,2461148.500000,117674.798694,0.000260854290,29.054951342,48.716909035,5.385306049,197.429342776,320.614896152308
Neptune,Proteus,808,2461155.500000,117673.679750,0.000567643209,29.055124493,48.716101448,350.719741794,297.455571828,320.619469192926
Neptune,Proteus,808,2461162.500000,117673.586041,0.000709003094,29.054090321,48.716862527,13.712838292,359.820070711,320.619852178286
Neptune,Proteus,808,2461169.500000,117673.552018,0.000554504385,29.054237594,48.717700265,37.671594218,61.220110588,320.619991228617
Neptune,Proteus,808,2461176.500000,117674.084090,0.000274327028,29.053923322,48.717031478,28.904679432,155.345390074,320.617816671836
Neptune,Proteus,808,2461183.500000,117674.868481,0.000474269937,29.053276928,48.718095833,348.357780101,281.252008267,320.614610942624
Neptune,Proteus,808,2461190.500000,117676.228285,0.000733788809,29.053719547,48.718109643,9.454914741,345.514777321,320.609053681164
Neptune,Proteus,808,2461197.500000,117674.738055,0.000622442061,29.052768834,48.717907407,36.636296515,43.692930077,320.615143976769
Neptune,Proteus,808,2461204.500000,117673.818435,0.000305048966,29.052579117,48.719189954,37.840809055,127.847855427,320.618902392579
Neptune,Proteus,808,2461211.500000,117673.355249,0.000397379743,29.052650692,48.718619412,352.723406158,258.323712996,320.620795425563
Neptune,Proteus,808,2461218.500000,117673.738967,0.000673546761,29.051779924,48.719310011,6.044556470,330.361100415,320.619227174784
Neptune,Proteus,808,2461225.500000,117673.902984,0.000685423255,29.052277889,48.720435210,31.505402960,30.258189272,320.618556843103
Neptune,Proteus,808,2461232.500000,117674.899777,0.000391394180,29.051634158,48.719419067,48.271155704,98.853059026,320.614483039841
Neptune,Proteus,808,2461239.500000,117675.689978,0.000306199799,29.051179056,48.721046853,353.292506229,239.190674484,320.611253619583
Neptune,Proteus,808,2461246.500000,117674.761286,0.000634055800,29.051476978,48.720677322,2.041727158,315.801363119,320.615049034063
Neptune,Proteus,808,2461253.500000,117673.661358,0.000707302159,29.050409292,48.720641549,29.590712768,13.612024835,320.619544360336
Neptune,Proteus,808,2461260.500000,117673.484925,0.000480151470,29.050626311,48.722537661,48.677732097,79.882834611,320.620265438782
Neptune,Proteus,808,2461267.500000,117673.602768,0.000273579055,29.050389150,48.721507793,13.172631234,200.747049721,320.619783817155
Neptune,Proteus,808,2461274.500000,117674.020468,0.000551665066,29.049590403,48.723290998,357.568735279,301.708592855,320.618076692650
Neptune,Proteus,808,2461281.500000,117674.912624,0.000723187991,29.050015330,48.723359484,23.481039239,1.156397467,320.614430535504
Neptune,Proteus,808,2461288.500000,117675.746278,0.000568010888,29.049264178,48.722754919,51.084984759,58.912617718,320.611023533319
Neptune,Proteus,808,2461295.500000,117674.756578,0.000263119707,29.048981480,48.724628790,33.458645228,161.897455246,320.615068276276
Neptune,Proteus,808,2461302.500000,117673.544415,0.000499920049,29.049076678,48.723798175,359.009699163,281.706914632,320.620022302112
Neptune,Proteus,808,2461309.500000,117673.554642,0.000700326208,29.048053004,48.724942605,19.166468872,346.907567913,320.619980505987
Neptune,Proteus,808,2461316.500000,117673.629241,0.000613715904,29.048276242,48.725760799,44.888765886,46.543980503,320.619675620529
Neptune,Proteus,808,2461323.500000,117674.209855,0.000326811244,29.047843213,48.725267346,50.943332301,125.847664591,320.617302679999
Neptune,Proteus,808,2461330.500000,117674.915120,0.000398964360,29.047295395,48.726564240,359.606983250,262.543627686,320.614420332427
Neptune,Proteus,808,2461337.500000,117676.197328,0.000706623411,29.047707443,48.726492099,14.699759880,332.810902284,320.609180194204
Neptune,Proteus,808,2461344.500000,117674.676367,0.000670202110,29.046714545,48.726637497,42.644369006,30.225482572,320.615396087176
Neptune,Proteus,808,2461351.500000,117673.730593,0.000371575215,29.046634788,48.727962829,55.073821786,103.155416946,320.619261397360
Neptune,Proteus,808,2461358.500000,117673.300125,0.000333206019,29.046592957,48.727461490,8.737838069,234.849665793,320.621020717528
Neptune,Proteus,808,2461365.500000,117673.799781,0.000631083831,29.045789556,48.728437361,12.167087621,316.778800659,320.618978629896
Neptune,Proteus,808,2461372.500000,117674.063025,0.000713714911,29.046328334,48.729438048,37.006558813,17.297213198,320.617902764450
Neptune,Proteus,808,2461379.500000,117674.955918,0.000469151591,29.045591120,48.728708585,59.571087925,80.093245469,320.614253599779
Neptune,Proteus,808,2461386.500000,117675.702699,0.000249822352,29.045261784,48.730464245,16.914056033,208.109260734,320.611201629931
Neptune,Proteus,808,2461393.500000,117674.658546,0.000577042755,29.045491003,48.730072317,8.942907736,301.440179137,320.615468918824
Neptune,Proteus,808,2461400.500000,117673.625412,0.000721755203,29.044429939,48.730412595,34.892001767,0.850415679,320.619691269529
Neptune,Proteus,808,2461407.500000,117673.396954,0.000549720763,29.044763553,48.732262291,57.195897755,63.904322295,320.620624973393
Neptune,Proteus,808,2461414.500000,117673.689206,0.000268514932,29.044421956,48.731361664,39.984517321,166.474687297,320.619430546197
Neptune,Proteus,808,2461421.500000,117674.112743,0.000480366783,29.043739360,48.733426126,5.908102505,285.908608566,320.617699569111
Neptune,Proteus,808,2461428.500000,117674.955042,0.000716955589,29.044170536,48.733389149,28.840860217,348.336043996,320.614257177217
Neptune,Proteus,808,2461435.500000,117675.672796,0.000634592891,29.043339598,48.733068767,57.555724919,44.981279845,320.611323838526
Neptune,Proteus,808,2461442.500000,117674.708853,0.000307118358,29.043199516,48.735063133,57.299696304,130.595663251,320.615263320594
Neptune,Proteus,808,2461449.500000,117673.438045,0.000427082534,29.043213939,48.734234175,9.399071868,263.856565773,320.620457034695
Neptune,Proteus,808,2461456.500000,117673.510426,0.000675176857,29.042237566,48.735750780,24.794968204,333.817913354,320.620161217895
Neptune,Proteus,808,2461463.500000,117673.675387,0.000660694568,29.042537103,48.736526809,51.228849706,32.742698969,320.619487022741
