Satellite,Code,jd_tdb,x_km,y_km,z_km
Phobos,401,2460739.000000,4757.543271,7702.997700,-2076.536342
Phobos,401,2460746.000000,6686.830703,5707.346882,-3141.820166
Phobos,401,2460753.000000,7942.247496,3143.494385,-3895.056739
Phobos,401,2460760.000000,8413.476519,274.659327,-4267.449444
Phobos,401,2460767.000000,8070.148704,-2616.141461,-4229.210358
Phobos,401,2460774.000000,6958.098302,-5254.379205,-3789.015855
Phobos,401,2460781.000000,5189.902107,-7395.462360,-2991.093699
Phobos,401,2460788.000000,2933.950994,-8840.836085,-1910.220754
Phobos,401,2460795.000000,401.220013,-9452.440615,-646.071602
Phobos,401,2460802.000000,-2170.431984,-9164.468616,684.439169
Phobos,401,2460809.000000,-4534.032724,-7991.066015,1955.016596
Phobos,401,2460816.000000,-6453.605341,-6030.805966,3040.032962
Phobos,401,2460823.000000,-7727.831238,-3464.958374,3827.220052
Phobos,401,2460830.000000,-8215.491776,-543.988053,4230.830532
Phobos,401,2460837.000000,-7855.575892,2435.693525,4203.278064
Phobos,401,2460844.000000,-6679.264435,5163.752409,3742.913001
Phobos,401,2460851.000000,-4809.481278,7355.139371,2896.639012
Phobos,401,2460858.000000,-2445.179580,8786.915565,1753.640868
Phobos,401,2460865.000000,165.172671,9322.781032,433.035770
Phobos,401,2460872.000000,2754.263455,8924.433594,-930.559562
Phobos,401,2460879.000000,5066.679578,7649.451702,-2203.034842
Phobos,401,2460886.000000,6884.203234,5637.169519,-3264.185221
Phobos,401,2460893.000000,8041.696855,3089.682678,-4017.451082
Phobos,401,2460900.000000,8436.640833,252.149346,-4395.468611
Phobos,401,2460907.000000,8035.060090,-2608.519954,-4364.285498
Phobos,401,2460914.000000,6872.527723,-5224.143120,-3925.456501
Phobos,401,2460921.000000,5052.132977,-7344.869252,-3115.996365
Phobos,401,2460928.000000,2739.701008,-8759.046263,-2007.668951
Phobos,401,2460935.000000,153.972127,-9314.941223,-702.701721
Phobos,401,2460942.000000,-2451.516735,-8940.366879,673.691042
Phobos,401,2460949.000000,-4811.388815,-7656.527439,1983.922974
Phobos,401,2460956.000000,-6677.151309,-5583.272773,3092.598342
Phobos,401,2460963.000000,-7849.606373,-2930.802352,3883.509236
Phobos,401,2460970.000000,-8205.688993,24.852048,4275.236981
Phobos,401,2460977.000000,-7713.460050,2975.691777,4230.291448
Phobos,401,2460984.000000,-6434.098136,5619.572966,3759.249416
Phobos,401,2460991.000000,-4510.003491,7695.919029,2917.205753
Phobos,401,2460998.000000,-2142.808434,9011.642925,1793.886130
Phobos,401,2461005.000000,430.591451,9453.816960,502.335324
Phobos,401,2461012.000000,2961.555749,8993.740673,-832.810670
Phobos,401,2461019.000000,5212.065646,7684.256838,-2086.259262
Phobos,401,2461026.000000,6972.357379,5651.451765,-3142.348968
Phobos,401,2461033.000000,8075.328331,3083.996622,-3902.782974
Phobos,401,2461040.000000,8409.681240,220.594643,-4293.867218
Phobos,401,2461047.000000,7931.520901,-2667.327317,-4273.639327
Phobos,401,2461054.000000,6672.340716,-5297.787150,-3837.386510
Phobos,401,2461061.000000,4741.997981,-7402.819453,-3021.294679
Phobos,401,2461068.000000,2324.918963,-8757.773297,-1901.906128
Phobos,401,2461075.000000,-335.801457,-9211.930917,-590.744216
Phobos,401,2461082.000000,-2965.071751,-8710.777375,777.581246
Phobos,401,2461089.000000,-5288.409549,-7305.456958,2061.052246
Phobos,401,2461096.000000,-7066.150596,-5147.829952,3127.640942
Phobos,401,2461103.000000,-8122.814122,-2468.586924,3872.281855
Phobos,401,2461110.000000,-8364.225610,454.471245,4227.009718
Phobos,401,2461117.000000,-7781.463309,3328.595797,4165.508957
Phobos,401,2461124.000000,-6445.613943,5876.179944,3702.587357
Phobos,401,2461131.000000,-4495.029706,7859.997182,2889.787394
Phobos,401,2461138.000000,-2118.964229,9099.685529,1808.211014
Phobos,401,2461145.000000,458.602661,9482.422500,560.613830
Phobos,401,2461152.000000,2996.160813,8970.281008,-735.768047
Phobos,401,2461159.000000,5253.138747,7603.880058,-1958.530046
Phobos,401,2461166.000000,7009.064693,5501.850392,-2989.751452
Phobos,401,2461173.000000,8082.352580,2856.481473,-3725.669699
Phobos,401,2461180.000000,8351.578168,-78.229361,-4087.673186
Phobos,401,2461187.000000,7774.310701,-3008.671780,-4033.011688
Phobos,401,2461194.000000,6397.179654,-5632.535557,-3562.675582
Phobos,401,2461201.000000,4356.065870,-7673.636320,-2723.328243
Phobos,401,2461208.000000,1862.886072,-8917.938635,-1603.509351
Phobos,401,2461215.000000,-821.646175,-9241.391852,-322.050344
Phobos,401,2461222.000000,-3421.468185,-8622.314723,987.240018
Phobos,401,2461229.000000,-5676.637220,-7138.673020,2191.241922
Phobos,401,2461236.000000,-7370.913755,-4953.534925,3172.662812
Phobos,401,2461243.000000,-8351.016485,-2291.418961,3840.644304
Phobos,401,2461250.000000,-8534.794096,587.028961,4136.882427
Phobos,401,2461257.000000,-7913.349266,3408.484395,4037.931974
Phobos,401,2461264.000000,-6548.560046,5908.547883,3555.797042
Phobos,401,2461271.000000,-4566.285002,7852.264053,2736.124455
Phobos,401,2461278.000000,-2147.820543,9051.209045,1654.451288
Phobos,401,2461285.000000,481.362650,9379.240740,412.156976
Phobos,401,2461292.000000,3067.934162,8788.243054,-870.752742
Phobos,401,2461299.000000,5353.593454,7319.333871,-2065.768170
Phobos,401,2461306.000000,7101.065917,5105.460164,-3049.013477
Phobos,401,2461313.000000,8122.126661,2364.264565,-3715.321347
Phobos,401,2461320.000000,8304.338779,-622.806950,-3991.993240
Phobos,401,2461327.000000,7627.591794,-3544.955351,-3849.609924
Phobos,401,2461334.000000,6166.670430,-6100.155393,-3305.586728
Phobos,401,2461341.000000,4080.349085,-8030.667011,-2421.246290
Phobos,401,2461348.000000,1589.131711,-9152.308592,-1292.226884
Phobos,401,2461355.000000,-1053.934090,-9369.892645,-35.533641
Phobos,401,2461362.000000,-3590.976637,-8679.019560,1223.541598
Phobos,401,2461369.000000,-5782.356233,-7159.915179,2363.699006
Phobos,401,2461376.000000,-7426.052295,-4965.089361,3277.630748
Phobos,401,2461383.000000,-8371.674727,-2303.052967,3880.139476
Phobos,401,2461390.000000,-8529.895652,578.027394,4113.249614
Phobos,401,2461397.000000,-7879.134501,3407.156730,3950.993222
Phobos,401,2461404.000000,-6470.581650,5911.735075,3403.179551
Phobos,401,2461411.000000,-4428.389993,7841.248914,2516.445541
Phobos,401,2461418.000000,-1943.361727,8992.113187,1372.873757
Phobos,401,2461425.000000,740.031607,9232.695918,84.569636
Phobos,401,2461432.000000,3347.923734,8524.869052,-1216.425426
Phobos,401,2461439.000000,5609.268015,6933.749499,-2393.868485
Phobos,401,2461446.000000,7288.372430,4623.288399,-3323.707062
Phobos,401,2461453.000000,8214.434436,1837.222096,-3909.341062
Phobos,401,2461460.000000,8302.162554,-1132.906212,-4093.651815
Deimos,402,2460739.000000,-20385.395200,-7914.109150,8490.183954
Deimos,402,2460746.000000,17746.331603,13695.240193,-6903.048823
Deimos,402,2460753.000000,-13685.343146,-18453.421230,4758.657215
Deimos,402,2460760.000000,8571.147900,21712.182386,-2254.730256
Deimos,402,2460767.000000,-2759.798131,-23297.562062,-438.292404
Deimos,402,2460774.000000,-3255.621218,23016.930339,3088.044029
Deimos,402,2460781.000000,9018.943971,-20952.985038,-5498.224982
Deimos,402,2460788.000000,-14076.497153,17202.773766,7474.721471
Deimos,402,2460795.000000,18015.391425,-12141.233520,-8861.393579
Deimos,402,2460802.000000,-20543.077028,6071.681452,9550.325481
Deimos,402,2460809.000000,21449.359162,418.474267,-9490.290342
Deimos,402,2460816.000000,-20661.267844,-6936.162708,8677.094212
Deimos,402,2460823.000000,18256.397065,12851.093383,-7189.967476
Deimos,402,2460830.000000,-14397.013877,-17801.651105,5126.643158
Deimos,402,2460837.000000,9418.840445,21310.762180,-2669.730164
Deimos,402,2460844.000000,-3687.311888,-23172.217695,-4.187181
Deimos,402,2460851.000000,-2329.608973,23181.381976,2673.307289
Deimos,402,2460858.000000,8161.210483,-21391.766334,-5132.913771
Deimos,402,2460865.000000,-13358.340631,17884.769280,7189.806615
Deimos,402,2460872.000000,17492.100530,-13006.827050,-8678.535149
Deimos,402,2460879.000000,-20255.675522,7061.169621,9484.657940
Deimos,402,2460886.000000,21419.927898,-605.950189,-9546.022962
Deimos,402,2460893.000000,-20894.549276,-5943.673181,8851.993025
Deimos,402,2460900.000000,18730.472544,11982.125933,-7467.689251
Deimos,402,2460907.000000,-15080.005879,-17113.913956,5488.441279
Deimos,402,2460914.000000,10251.436871,20867.324144,-3083.903584
Deimos,402,2460921.000000,-4608.089043,-23001.626888,431.852558
Deimos,402,2460928.000000,-1393.487887,23302.061614,2250.451669
Deimos,402,2460935.000000,7285.864430,-21789.770007,-4757.520389
Deimos,402,2460942.000000,-12607.344189,18536.747594,6889.928636
Deimos,402,2460949.000000,16931.858215,-13851.401217,-8480.551147
Deimos,402,2460956.000000,-19924.404629,8044.511951,9402.776646
Deimos,402,2460963.000000,21348.081849,-1636.386529,-9587.901419
Deimos,402,2460970.000000,-21086.024353,-4932.618932,9014.935231
Deimos,402,2460977.000000,19171.191818,11081.494123,-7738.818906
Deimos,402,2460984.000000,-15735.696370,-16387.435194,5847.451896
Deimos,402,2460991.000000,11072.368253,20377.492996,-3503.341668
Deimos,402,2460998.000000,-5524.497258,-22785.108682,876.904872
Deimos,402,2461005.000000,-445.426079,23378.314227,1810.968996
Deimos,402,2461012.000000,6392.148941,-22149.345526,-4362.638487
Deimos,402,2461019.000000,-11825.311360,19159.033016,6565.231994
Deimos,402,2461026.000000,16336.028993,-14678.467411,-8256.414522
Deimos,402,2461033.000000,-19552.610293,9021.915898,9293.382595
Deimos,402,2461040.000000,21237.021415,-2676.652150,-9604.268508
Deimos,402,2461047.000000,-21239.651352,-3903.761418,9154.145504
Deimos,402,2461054.000000,19581.529076,10148.388933,-7991.548050
Deimos,402,2461061.000000,-16365.666763,-15624.212207,6191.825534
Deimos,402,2461068.000000,11880.460172,19841.342992,-3916.277789
Deimos,402,2461075.000000,-6435.344632,-22522.707078,1320.793465
Deimos,402,2461082.000000,509.569369,23407.611924,1364.649126
Deimos,402,2461089.000000,5483.670042,-22467.546719,-3955.254837
Deimos,402,2461096.000000,-11020.080366,19743.669214,6221.914018
Deimos,402,2461103.000000,15709.439745,-15479.314558,-8008.537475
Deimos,402,2461110.000000,-19145.849906,9979.532281,9156.446368
Deimos,402,2461117.000000,21088.004060,-3713.807883,-9590.858871
Deimos,402,2461124.000000,-21355.573653,-2871.576970,9262.452220
Deimos,402,2461131.000000,19957.183855,9196.156717,-8214.549705
Deimos,402,2461138.000000,-16964.801003,-14835.415587,6507.839550
Deimos,402,2461145.000000,12665.389221,19267.250251,-4304.726324
Deimos,402,2461152.000000,-7333.020680,-22217.471799,1745.007705
Deimos,402,2461159.000000,1461.129920,23388.463192,932.936392
Deimos,402,2461166.000000,4564.478839,-22739.444758,-3555.709784
Deimos,402,2461173.000000,-10196.343851,20282.132859,5882.111129
Deimos,402,2461180.000000,15050.787793,-16244.276956,-7757.839304
Deimos,402,2461187.000000,-18701.416252,10906.626924,9013.378366
Deimos,402,2461194.000000,20893.385014,-4737.893366,-9567.691992
Deimos,402,2461201.000000,-21425.741948,-1842.121550,9360.224331
Deimos,402,2461208.000000,20288.133177,8229.937985,-8427.096926
Deimos,402,2461215.000000,-17526.590510,-14021.764070,6815.776692
Deimos,402,2461222.000000,13419.537640,18657.233227,-4687.051754
Deimos,402,2461229.000000,-8214.988087,-21869.234749,2168.462261
Deimos,402,2461236.000000,2406.334747,23322.500079,499.398647
Deimos,402,2461243.000000,3632.780493,-22967.300649,-3148.043486
Deimos,402,2461250.000000,-9352.386575,20780.177991,5532.844262
Deimos,402,2461257.000000,14357.669223,-16980.084854,-7493.942017
Deimos,402,2461264.000000,-18218.181953,11813.355331,8857.536171
Deimos,402,2461271.000000,20653.078087,-5756.334231,-9531.339265
Deimos,402,2461278.000000,-21451.444987,-804.820293,9447.842301
Deimos,402,2461285.000000,20575.834068,7243.703634,-8632.255350
Deimos,402,2461292.000000,-18054.309461,-13175.546021,7122.532094
Deimos,402,2461299.000000,14144.544834,18009.186825,-5071.825692
Deimos,402,2461306.000000,-9082.035400,-21476.137217,2602.000944
Deimos,402,2461313.000000,3343.088315,23211.197418,52.282780
Deimos,402,2461320.000000,2693.529350,-23150.940923,-2719.483175
Deimos,402,2461327.000000,-8493.621669,21239.445571,5159.897723
Deimos,402,2461334.000000,13638.459241,-17684.695204,-7202.284482
Deimos,402,2461341.000000,-17703.614767,12699.695719,8673.170916
Deimos,402,2461348.000000,20375.847537,-6762.818368,-9465.713443
Deimos,402,2461355.000000,-21438.951135,235.988867,9508.219720
Deimos,402,2461362.000000,20824.426318,6246.170886,-8812.095327
Deimos,402,2461369.000000,-18549.075457,-12301.986170,7409.839620
Deimos,402,2461376.000000,14839.757990,17328.946024,-5441.060763
Deimos,402,2461383.000000,-9930.216219,-21040.788445,3027.760640
Deimos,402,2461390.000000,4267.488816,23055.908492,-392.252278
Deimos,402,2461397.000000,1754.375495,-23287.198975,-2285.769215
Deimos,402,2461404.000000,-7624.396324,21655.533606,4775.533358
Deimos,402,2461411.000000,12899.063840,-18349.239121,-6893.480986
Deimos,402,2461418.000000,-17159.349532,13558.410080,8466.954144
Deimos,402,2461425.000000,20064.018615,-7747.173183,-9375.423244
Deimos,402,2461432.000000,-21387.614670,1271.839871,9542.495259
Deimos,402,2461439.000000,21033.172516,5246.358321,-8965.500431
Deimos,402,2461446.000000,-19007.334873,-11408.224526,7673.266234
Deimos,402,2461453.000000,15503.559953,16620.895374,-5789.364935
Deimos,402,2461460.000000,-10755.863881,-20566.128685,3437.660405
Io,501,2460739.000000,383534.604649,-177011.128212,-825.953417
Io,501,2460746.000000,322332.073544,-273395.318752,-5115.481386
Io,501,2460753.000000,237534.116431,-349825.808897,-9033.264172
Io,501,2460760.000000,135352.831346,-400736.946473,-12292.965322
Io,501,2460767.000000,23269.367456,-422431.820544,-14656.482241
Io,501,2460774.000000,-90536.803425,-413342.803967,-15951.383818
Io,501,2460781.000000,-197765.019816,-374150.389585,-16083.396066
Io,501,2460788.000000,-290598.680371,-307715.564340,-15042.673402
Io,501,2460795.000000,-362276.456043,-218883.467920,-12904.987749
Io,501,2460802.000000,-407563.575532,-114128.537806,-9825.863752
Io,501,2460809.000000,-423153.100783,-1079.923108,-6029.435068
Io,501,2460816.000000,-407887.595374,112007.716424,-1792.782323
Io,501,2460823.000000,-362859.941367,216883.344164,2574.993453
Io,501,2460830.000000,-291340.811814,305860.860744,6753.823495
Io,501,2460837.000000,-198533.586461,372417.062330,10437.426578
Io,501,2460844.000000,-91228.153830,411644.027216,13354.401014
Io,501,2460851.000000,22721.623033,420630.860163,15289.272840
Io,501,2460858.000000,134938.891778,398684.756215,16098.108230
Io,501,2460865.000000,237162.057800,347382.308377,15719.465414
Io,501,2460872.000000,321843.778669,270478.872193,14179.717656
Io,501,2460879.000000,382712.876711,173623.787650,11590.939227
Io,501,2460886.000000,415255.605622,63957.881111,8143.424958
Io,501,2460893.000000,417041.024732,-50413.422530,4091.559022
Io,501,2460900.000000,387925.282079,-161033.648439,-265.151452
Io,501,2460907.000000,330054.709714,-259703.491334,-4603.732006
Io,501,2460914.000000,247709.592245,-339124.597330,-8602.927626
Io,501,2460921.000000,146996.854455,-393412.793281,-11965.928080
Io,501,2460928.000000,35367.259212,-418564.476872,-14443.880554
Io,501,2460935.000000,-78908.038462,-412735.806868,-15853.348204
Io,501,2460942.000000,-187392.673600,-376378.159870,-16090.490459
Io,501,2460949.000000,-282079.740327,-312207.642578,-15138.457045
Io,501,2460956.000000,-356006.902764,-224976.563515,-13068.019164
Io,501,2460963.000000,-403756.195219,-121136.075649,-10032.639446
Io,501,2460970.000000,-421844.630527,-8335.101196,-6256.153084
Io,501,2460977.000000,-408982.396708,105137.779749,-2016.505614
Io,501,2460984.000000,-366143.012061,210960.473701,2374.911425
Io,501,2460991.000000,-296493.992699,301401.304388,6596.548918
Io,501,2460998.000000,-205154.826353,369854.069271,10339.306171
Io,501,2461005.000000,-98808.085711,411343.397331,13330.129991
Io,501,2461012.000000,14766.853396,422853.619938,15350.470984
Io,501,2461019.000000,127292.935835,403560.125858,16253.089964
Io,501,2461026.000000,230557.010656,354880.325237,15971.915793
Io,501,2461033.000000,317038.769543,280359.627524,14526.944553
Io,501,2461040.000000,380427.424634,185434.762418,12023.135039
Io,501,2461047.000000,416092.628175,77016.231251,8642.193409
Io,501,2461054.000000,421420.457249,-36986.124484,4630.367793
Io,501,2461061.000000,395997.890465,-148251.645535,280.009919
Io,501,2461068.000000,341662.677699,-248644.836058,-4091.073566
Io,501,2461075.000000,262362.600681,-330804.103859,-8162.725574
Io,501,2461082.000000,163883.536880,-388695.597837,-11636.177216
Io,501,2461089.000000,53435.343977,-418039.396137,-14255.251006
Io,501,2461096.000000,-60886.128444,-416652.460842,-15826.334958
Io,501,2461103.000000,-170663.380409,-384602.354942,-16231.982884
Io,501,2461110.000000,-267813.143149,-324216.398113,-15440.602823
Io,501,2461117.000000,-345148.045203,-239928.341138,-13508.990716
Io,501,2461124.000000,-396945.574051,-137934.571638,-10578.140298
Io,501,2461131.000000,-419357.102616,-25770.579506,-6863.864545
Io,501,2461138.000000,-410707.129640,88279.673832,-2639.899391
Io,501,2461145.000000,-371628.203335,195771.705472,1781.298207
Io,501,2461152.000000,-305003.144796,288748.091648,6072.621369
Io,501,2461159.000000,-215767.527722,360328.407359,9916.332498
Io,501,2461166.000000,-110529.637184,405214.847175,13027.667977
Io,501,2461173.000000,2921.831119,420102.465463,15176.618852
Io,501,2461180.000000,116189.773956,403903.652219,16204.203540
Io,501,2461187.000000,220916.666308,357839.104552,16035.000702
Io,501,2461194.000000,309374.382068,285335.027805,14681.922245
Io,501,2461201.000000,375068.760051,191754.591587,12245.213463
Io,501,2461208.000000,413183.767762,84014.731598,8905.036430
Io,501,2461215.000000,420950.789637,-29960.640220,4907.110663
Io,501,2461222.000000,397835.120675,-141791.991292,545.535399
Io,501,2461229.000000,345559.893741,-243292.366035,-3860.172257
Io,501,2461236.000000,267986.372856,-327040.316304,-7987.422308
Io,501,2461243.000000,170803.720817,-386929.914824,-11534.793727
Io,501,2461250.000000,61128.311531,-418608.928649,-14243.558347
Io,501,2461257.000000,-53029.526068,-419779.983512,-15916.183215
Io,501,2461264.000000,-163345.126764,-390375.905955,-16430.966760
Io,501,2461271.000000,-261772.078626,-332546.678170,-15750.093102
Io,501,2461278.000000,-341144.347149,-250508.931097,-13922.858009
Io,501,2461285.000000,-395665.710410,-150245.025581,-11081.878444
Io,501,2461292.000000,-421357.753671,-39053.374825,-7433.336787
Io,501,2461299.000000,-416328.235797,74947.308678,-3242.962986
Io,501,2461306.000000,-380922.181661,183442.862211,1184.278882
Io,501,2461313.000000,-317707.204152,278487.703176,5524.768227
Io,501,2461320.000000,-231277.165744,353116.671831,9461.083770
Io,501,2461327.000000,-127949.195744,401836.159751,12704.092476
Io,501,2461334.000000,-15283.415429,421039.137130,15014.831808
Io,501,2461341.000000,98446.818403,409283.401088,16222.181792
Io,501,2461348.000000,204869.937479,367394.969835,16235.468705
Io,501,2461355.000000,296136.872340,298431.314481,15052.090314
Io,501,2461362.000000,365490.631778,207454.897843,12757.577983
Io,501,2461369.000000,407793.917288,101165.733789,9519.949240
Io,501,2461376.000000,419893.488860,-12580.329771,5577.596541
Io,501,2461383.000000,400880.729501,-125377.940854,1221.171887
Io,501,2461390.000000,352154.289175,-228865.752981,-3226.942344
Io,501,2461397.000000,277314.846253,-315388.439407,-7438.034636
Io,501,2461404.000000,181914.094190,-378535.715224,-11100.180277
Io,501,2461411.000000,73011.311172,-413644.764868,-13942.779759
Io,501,2461418.000000,-41323.665450,-418134.834869,-15755.843384
Io,501,2461425.000000,-152643.629712,-391693.166188,-16405.875162
Io,501,2461432.000000,-252731.411062,-336303.262974,-15845.687429
Io,501,2461439.000000,-334218.408787,-256073.690625,-14117.189036
Io,501,2461446.000000,-391128.644364,-156940.393369,-11348.520093
Io,501,2461453.000000,-419300.568998,-46214.586465,-7743.844533
Io,501,2461460.000000,-416703.123565,67965.839415,-3568.120981
Europa,502,2460739.000000,-572382.803037,-343007.261978,-23519.562256
Europa,502,2460746.000000,-625572.489728,-233934.278171,-21141.874496
Europa,502,2460753.000000,-658163.164652,-117069.734875,-18069.925322
Europa,502,2460760.000000,-669124.487836,3752.097531,-14406.248610
Europa,502,2460767.000000,-658086.577660,124521.322892,-10273.071039
Europa,502,2460774.000000,-625438.589598,241331.282515,-5805.212317
Europa,502,2460781.000000,-572274.682232,350290.240488,-1151.928632
Europa,502,2460788.000000,-500321.766093,447902.178930,3536.844445
Europa,502,2460795.000000,-411993.581578,530938.470823,8105.641863
Europa,502,2460802.000000,-310134.603538,596727.051256,12407.683483
Europa,502,2460809.000000,-198113.009330,643139.088485,16302.879954
Europa,502,2460816.000000,-79561.481628,668661.315337,19665.547599
Europa,502,2460823.000000,41669.551775,672502.071165,22388.678700
Europa,502,2460830.000000,161620.252109,654524.760052,24384.151690
Europa,502,2460837.000000,276443.743511,615336.802863,25590.154994
Europa,502,2460844.000000,382363.462289,556220.464670,25968.279812
Europa,502,2460851.000000,476016.477788,479073.304229,25508.335208
Europa,502,2460858.000000,554326.412623,386446.318838,24227.381355
Europa,502,2460865.000000,614797.175229,281286.214658,22167.357451
Europa,502,2460872.000000,655480.445483,167041.061594,19397.672021
Europa,502,2460879.000000,675057.458163,47370.337169,16007.812290
Europa,502,2460886.000000,672924.800392,-73856.305644,12108.886906
Europa,502,2460893.000000,649131.603758,-192724.675821,7827.049693
Europa,502,2460900.000000,604462.490155,-305432.765480,3300.163675
Europa,502,2460907.000000,540354.879242,-408298.518506,-1324.079262
Europa,502,2460914.000000,458853.214412,-498064.086207,-5898.923699
Europa,502,2460921.000000,362628.969211,-571781.161339,-10274.546431
Europa,502,2460928.000000,254726.713905,-627104.232478,-14312.344328
Europa,502,2460935.000000,138682.384956,-662237.778413,-17881.347652
Europa,502,2460942.000000,18193.357458,-676038.394880,-20867.887407
Europa,502,2460949.000000,-102828.303181,-668076.081975,-23176.611699
Europa,502,2460956.000000,-220482.731331,-638577.865147,-24733.365241
Europa,502,2460963.000000,-330987.585767,-588505.372935,-25489.828460
Europa,502,2460970.000000,-430724.992558,-519460.440377,-25421.417293
Europa,502,2460977.000000,-516512.940739,-433649.234402,-24531.639908
Europa,502,2460984.000000,-585508.654336,-333884.331528,-22850.474413
Europa,502,2460991.000000,-635500.908333,-223335.544851,-20432.090117
Europa,502,2460998.000000,-664836.293226,-105653.180110,-17357.454333
Europa,502,2461005.000000,-672544.955760,15395.842291,-13725.448492
Europa,502,2461012.000000,-658381.029418,135835.930167,-9656.328997
Europa,502,2461019.000000,-622766.179451,251756.375842,-5282.090960
Europa,502,2461026.000000,-566865.062349,359383.789893,-745.670849
Europa,502,2461033.000000,-492477.234644,455161.422117,3803.799789
Europa,502,2461040.000000,-402008.466286,535988.990873,8219.189079
Europa,502,2461047.000000,-298446.615676,599150.637129,12353.527789
Europa,502,2461054.000000,-185126.341262,642597.070965,16073.573813
Europa,502,2461061.000000,-65836.545329,664860.873579,19255.369539
Europa,502,2461068.000000,55561.418945,665192.599343,21795.785647
Europa,502,2461075.000000,175021.355972,643586.101890,23611.441189
Europa,502,2461082.000000,288622.574988,600713.299461,24642.825004
Europa,502,2461089.000000,392611.629081,537999.917753,24857.469989
Europa,502,2461096.000000,483521.988791,457491.946258,24248.195919
Europa,502,2461103.000000,558371.233920,361839.274747,22836.610608
Europa,502,2461110.000000,614622.158349,254230.357313,20670.316708
Europa,502,2461117.000000,650438.671187,138180.644470,17821.237298
Europa,502,2461124.000000,664599.538912,17608.295956,14386.533774
Europa,502,2461131.000000,656629.175647,-103549.551225,10479.124022
Europa,502,2461138.000000,626809.986469,-221211.445862,6231.674469
Europa,502,2461145.000000,576103.036956,-331501.001053,1784.367653
Europa,502,2461152.000000,506224.420305,-430743.362482,-2713.702484
Europa,502,2461159.000000,419475.249412,-515633.392736,-7113.147541
Europa,502,2461166.000000,318744.117339,-583379.851545,-11268.695305
Europa,502,2461173.000000,207396.614335,-631696.489683,-15041.150153
Europa,502,2461180.000000,89090.032834,-659020.415504,-18307.897844
Europa,502,2461187.000000,-32182.207271,-664428.340206,-20959.546335
Europa,502,2461194.000000,-152465.437739,-647753.284905,-22910.696169
Europa,502,2461201.000000,-267707.786250,-609581.158085,-24097.641383
Europa,502,2461208.000000,-374143.747869,-551158.457674,-24482.775288
Europa,502,2461215.000000,-468238.334660,-474469.388172,-24055.983426
Europa,502,2461222.000000,-546894.584391,-382030.926718,-22832.504118
Europa,502,2461229.000000,-607551.943759,-276913.418911,-20855.421313
Europa,502,2461236.000000,-648193.294339,-162597.813186,-18191.372245
Europa,502,2461243.000000,-667528.078197,-42816.163403,-14929.213698
Europa,502,2461250.000000,-664912.578535,78433.000518,-11179.075797
Europa,502,2461257.000000,-640454.516948,197236.555948,-7063.341976
Europa,502,2461264.000000,-594991.615153,309630.584220,-2720.477081
Europa,502,2461271.000000,-529996.283001,411996.853929,1708.870453
Europa,502,2461278.000000,-447651.356315,500969.636789,6077.904001
Europa,502,2461285.000000,-350623.101236,573662.657092,10244.904706
Europa,502,2461292.000000,-242100.212626,627737.306242,14074.627741
Europa,502,2461299.000000,-125622.604303,661420.601846,17442.313634
Europa,502,2461306.000000,-4955.538351,673657.765939,20240.775038
Europa,502,2461313.000000,115933.211096,664038.586878,22378.651772
Europa,502,2461320.000000,233183.560960,632895.060829,23789.319372
Europa,502,2461327.000000,342927.371634,581261.670328,24427.749647
Europa,502,2461334.000000,441673.709540,510787.068393,24274.958401
Europa,502,2461341.000000,526199.098151,423805.817862,23338.327866
Europa,502,2461348.000000,593789.582426,323094.959764,21648.875581
Europa,502,2461355.000000,642279.986929,211937.629864,19263.771578
Europa,502,2461362.000000,670091.391809,93912.840434,16260.765317
Europa,502,2461369.000000,676355.434621,-27184.344505,12738.114148
Europa,502,2461376.000000,660847.063804,-147416.849856,8811.023401
Europa,502,2461383.000000,624078.948472,-262960.688778,4605.573201
Europa,502,2461390.000000,567246.453311,-370026.103913,260.206836
Europa,502,2461397.000000,492148.469634,-465221.345908,-4086.899069
Europa,502,2461404.000000,401255.030177,-545434.274231,-8293.167919
Europa,502,2461411.000000,297447.080093,-608097.484731,-12224.385861
Europa,502,2461418.000000,184107.874078,-651191.679502,-15753.384991
Europa,502,2461425.000000,64866.832256,-673308.706479,-18766.761889
Europa,502,2461432.000000,-56429.514436,-673752.052018,-21168.505288
Europa,502,2461439.000000,-175847.757704,-652474.521853,-22880.615337
Europa,502,2461446.000000,-289571.675201,-610166.193242,-23849.709698
Europa,502,2461453.000000,-393859.373885,-548191.763368,-24044.347159
Europa,502,2461460.000000,-485390.717771,-468516.014202,-23459.202702
Ganymede,503,2460739.000000,-536505.029126,-926048.048119,-43016.392519
Ganymede,503,2460746.000000,-657046.496035,-845422.014484,-41668.738090
Ganymede,503,2460753.000000,-765530.710190,-749192.412072,-39553.382338
Ganymede,503,2460760.000000,-860345.283495,-638885.685397,-36706.865867
Ganymede,503,2460767.000000,-939013.573819,-517056.106752,-33188.764531
Ganymede,503,2460774.000000,-1000493.654348,-385336.420568,-29047.511421
Ganymede,503,2460781.000000,-1043508.307316,-247053.948624,-24390.967672
Ganymede,503,2460788.000000,-1067356.253527,-104295.901146,-19290.519665
Ganymede,503,2460795.000000,-1071876.693066,40200.622388,-13845.058188
Ganymede,503,2460802.000000,-1056895.888711,184006.468539,-8145.711689
Ganymede,503,2460809.000000,-1022725.820833,324749.726841,-2289.126348
Ganymede,503,2460816.000000,-969736.049665,459469.341771,3610.100255
Ganymede,503,2460823.000000,-898738.556400,586257.842850,9465.723428
Ganymede,503,2460830.000000,-811448.793292,701844.622120,15128.776637
Ganymede,503,2460837.000000,-709028.744612,804634.375795,20520.212140
Ganymede,503,2460844.000000,-594010.054823,892496.231231,25525.394864
Ganymede,503,2460851.000000,-468189.525476,963986.077285,30061.864278
Ganymede,503,2460858.000000,-333957.231219,1017998.532139,34052.338445
Ganymede,503,2460865.000000,-193548.349813,1053427.130233,37424.707624
Ganymede,503,2460872.000000,-49217.630998,1069743.988921,40125.038694
Ganymede,503,2460879.000000,95835.804082,1066237.305049,42079.906774
Ganymede,503,2460886.000000,239597.952824,1042985.161928,43263.441312
Ganymede,503,2460893.000000,378462.161711,1000585.087143,43646.657631
Ganymede,503,2460900.000000,510406.745722,939583.539272,43220.989947
Ganymede,503,2460907.000000,632687.643469,861579.078337,42007.517598
Ganymede,503,2460914.000000,743296.645522,767784.856199,40025.021720
Ganymede,503,2460921.000000,840417.280931,659956.761903,37312.224151
Ganymede,503,2460928.000000,922038.569013,539900.820326,33909.153042
Ganymede,503,2460935.000000,986921.646693,409504.051815,29871.544543
Ganymede,503,2460942.000000,1033289.991796,271717.808327,25283.546445
Ganymede,503,2460949.000000,1060502.107843,128475.895879,20210.993901
Ganymede,503,2460956.000000,1067994.255074,-16640.060626,14781.887910
Ganymede,503,2460963.000000,1055592.507855,-161477.519937,9077.754390
Ganymede,503,2460970.000000,1023890.147987,-303055.965733,3217.302232
Ganymede,503,2460977.000000,973338.110301,-439015.148699,-2701.438845
Ganymede,503,2460984.000000,904868.419917,-567128.816517,-8578.663366
Ganymede,503,2460991.000000,819572.346711,-684713.056685,-14299.436215
Ganymede,503,2460998.000000,718806.300782,-789996.379329,-19774.821330
Ganymede,503,2461005.000000,604883.212451,-880286.899885,-24868.884322
Ganymede,503,2461012.000000,479377.090983,-954338.970685,-29510.184334
Ganymede,503,2461019.000000,345502.852761,-1010537.520265,-33592.941079
Ganymede,503,2461026.000000,205286.034461,-1047988.728736,-37052.341900
Ganymede,503,2461033.000000,61467.414667,-1066292.622033,-39833.008983
Ganymede,503,2461040.000000,-83503.736656,-1065024.288274,-41884.944715
Ganymede,503,2461047.000000,-227240.160567,-1044265.613639,-43175.369275
Ganymede,503,2461054.000000,-366723.637072,-1004144.854281,-43665.329338
Ganymede,503,2461061.000000,-499929.528696,-945319.139437,-43351.248250
Ganymede,503,2461068.000000,-623439.697365,-869203.566139,-42236.563025
Ganymede,503,2461075.000000,-735567.008996,-776820.880103,-40336.172725
Ganymede,503,2461082.000000,-833940.715158,-670567.662418,-37706.799465
Ganymede,503,2461089.000000,-916972.430752,-552107.945334,-34390.447936
Ganymede,503,2461096.000000,-983382.085409,-423659.768781,-30450.667808
Ganymede,503,2461103.000000,-1031860.237426,-287388.305430,-25951.733150
Ganymede,503,2461110.000000,-1061676.410104,-145517.755267,-20969.709619
Ganymede,503,2461117.000000,-1071849.414327,-1128.955261,-15604.477445
Ganymede,503,2461124.000000,-1062288.649523,143796.292403,-9932.155056
Ganymede,503,2461131.000000,-1033291.274438,285545.206693,-4098.245773
Ganymede,503,2461138.000000,-985219.854893,422108.086322,1813.398663
Ganymede,503,2461145.000000,-919399.217789,550717.206233,7681.336988
Ganymede,503,2461152.000000,-836862.831507,669250.703663,13407.816582
Ganymede,503,2461159.000000,-739147.598416,775748.884156,18894.635653
Ganymede,503,2461166.000000,-627829.405389,868090.295673,24040.818717
Ganymede,503,2461173.000000,-504650.695658,944889.729004,28766.370323
Ganymede,503,2461180.000000,-372419.435897,1004059.398795,32950.941733
Ganymede,503,2461187.000000,-232920.714500,1044808.378519,36537.603487
Ganymede,503,2461194.000000,-89626.134020,1066280.390532,39444.676227
Ganymede,503,2461201.000000,55323.961621,1068080.452049,41624.795257
Ganymede,503,2461208.000000,199015.086064,1050465.055842,43045.207414
Ganymede,503,2461215.000000,339076.413703,1013640.230077,43680.600200
Ganymede,503,2461222.000000,473189.324894,958299.743365,43522.088385
Ganymede,503,2461229.000000,598542.261928,885223.976995,42558.593592
Ganymede,503,2461236.000000,713294.983433,795531.805149,40807.058935
Ganymede,503,2461243.000000,814498.038188,691297.549790,38301.901473
Ganymede,503,2461250.000000,900723.730962,573951.581336,35077.611958
Ganymede,503,2461257.000000,970093.359740,446422.129539,31218.381707
Ganymede,503,2461264.000000,1021475.855064,310655.376148,26783.716167
Ganymede,503,2461271.000000,1054151.604304,169351.107465,21863.079420
Ganymede,503,2461278.000000,1067414.312645,24881.564507,16537.898488
Ganymede,503,2461285.000000,1061091.223896,-120399.846000,10897.165076
Ganymede,503,2461292.000000,1034983.415477,-263363.315697,5054.040655
Ganymede,503,2461299.000000,989520.807853,-401918.100988,-903.488395
Ganymede,503,2461306.000000,925773.224999,-532567.916798,-6826.695593
Ganymede,503,2461313.000000,844605.902228,-653459.798562,-12630.485653
Ganymede,503,2461320.000000,748161.286951,-761966.097184,-18186.406156
Ganymede,503,2461327.000000,637941.541930,-856334.734010,-23403.739962
Ganymede,503,2461334.000000,516049.785763,-935069.044659,-28194.000034
Ganymede,503,2461341.000000,384563.779633,-996583.684327,-32468.546047
Ganymede,503,2461348.000000,245630.039394,-1039929.286796,-36158.112303
Ganymede,503,2461355.000000,102270.806984,-1063853.181938,-39170.862782
Ganymede,503,2461362.000000,-43479.826300,-1068069.222353,-41465.887394
Ganymede,503,2461369.000000,-187892.226920,-1052526.895887,-42987.133154
Ganymede,503,2461376.000000,-328914.523069,-1017412.100259,-43711.054746
Ganymede,503,2461383.000000,-463620.810324,-963832.985310,-43637.194695
Ganymede,503,2461390.000000,-589785.855457,-892630.948563,-42766.325289
Ganymede,503,2461397.000000,-705340.978096,-805135.005174,-41116.991974
Ganymede,503,2461404.000000,-807991.372814,-702772.795208,-38710.560864
Ganymede,503,2461411.000000,-896177.816318,-587196.891516,-35588.737081
Ganymede,503,2461418.000000,-967593.462811,-461004.564844,-31814.169206
Ganymede,503,2461425.000000,-1021305.768005,-325901.559834,-27439.649401
Ganymede,503,2461432.000000,-1056154.581111,-185337.557232,-22579.622000
Ganymede,503,2461439.000000,-1071575.477348,-41386.223734,-17306.826782
Ganymede,503,2461446.000000,-1067582.696953,103113.089267,-11726.560337
Ganymede,503,2461453.000000,-1044172.796104,245753.284365,-5932.284732
Ganymede,503,2461460.000000,-1001819.039858,384160.060760,-23.050752
Callisto,504,2460739.000000,1344025.755881,1300764.234069,58758.258816
Callisto,504,2460746.000000,-1835427.026350,-475556.009202,-39558.622959
Callisto,504,2460753.000000,1808756.695312,-475806.593864,9444.787148
Callisto,504,2460760.000000,-1389014.125959,1282862.329244,21443.391001
Callisto,504,2460767.000000,543616.502841,-1800089.686174,-48992.552776
Callisto,504,2460774.000000,345875.662914,1844556.270624,62348.120318
Callisto,504,2460781.000000,-1239858.724477,-1429663.244821,-61401.085066
Callisto,504,2460788.000000,1747726.557976,661548.077184,44208.471145
Callisto,504,2460795.000000,-1876648.158102,269005.632036,-16839.309200
Callisto,504,2460802.000000,1476020.904385,-1153647.149438,-16220.779187
Callisto,504,2460809.000000,-779088.778118,1717180.233678,43228.309737
Callisto,504,2460816.000000,-203542.317225,-1874279.350344,-61367.115430
Callisto,504,2460823.000000,1042362.075417,1555225.601032,62679.390757
Callisto,504,2460830.000000,-1698534.093830,-840617.800904,-49161.247783
Callisto,504,2460837.000000,1867336.555449,-85160.621107,22475.674214
Callisto,504,2460844.000000,-1624841.833256,971532.813093,8514.588046
Callisto,504,2460851.000000,904889.953463,-1645252.033058,-39280.739089
Callisto,504,2460858.000000,-45795.133896,1879373.019705,58175.106552
Callisto,504,2460865.000000,-918518.382195,-1651745.994731,-64039.050611
Callisto,504,2460872.000000,1570377.497636,1014584.682200,52888.723331
Callisto,504,2460879.000000,-1892101.694611,-120455.240560,-29251.810402
Callisto,504,2460886.000000,1683430.443704,-818165.364643,-2921.337277
Callisto,504,2460893.000000,-1118390.877013,1521624.935963,32539.083625
Callisto,504,2460900.000000,188504.888012,-1873214.580654,-56062.778088
Callisto,504,2460907.000000,694600.013028,1741211.779113,63832.284482
Callisto,504,2460914.000000,-1489264.182077,-1169655.707015,-56655.773492
Callisto,504,2460921.000000,1843341.551936,309216.724095,34508.922373
Callisto,504,2460928.000000,-1790670.189259,618385.964861,-4779.189655
Callisto,504,2460935.000000,1226697.140683,-1418795.203968,-27862.968199
Callisto,504,2460942.000000,-435698.780196,1831537.529400,51434.573452
Callisto,504,2460949.000000,-558119.053722,-1803323.535674,-63943.751931
Callisto,504,2460956.000000,1322931.426108,1322728.958411,59214.696822
Callisto,504,2460963.000000,-1827304.829363,-504634.943400,-40413.449890
Callisto,504,2460970.000000,1816490.576820,-446370.538344,10511.971565
Callisto,504,2460977.000000,-1409346.907562,1260502.147298,20448.289822
Callisto,504,2460984.000000,572346.837096,-1791099.951613,-48333.957535
Callisto,504,2460991.000000,316084.915291,1850132.020465,62154.353130
Callisto,504,2460998.000000,-1216861.438772,-1448888.496471,-61740.642844
Callisto,504,2461005.000000,1736875.986736,690086.280179,45005.114059
Callisto,504,2461012.000000,-1880361.833736,239147.034120,-17859.125751
Callisto,504,2461019.000000,1494758.754890,-1129546.626878,-15202.822965
Callisto,504,2461026.000000,-806530.553791,1704381.962125,42467.819922
Callisto,504,2461033.000000,-173519.022424,-1877432.904050,-61096.269321
Callisto,504,2461040.000000,1016994.994174,1572006.637452,62905.822065
Callisto,504,2461047.000000,-1684995.528423,-867366.204478,-49858.666097
Callisto,504,2461054.000000,1868479.623526,-54689.680275,23473.608829
Callisto,504,2461061.000000,-1639928.715673,945560.548504,7491.341740
Callisto,504,2461068.000000,931479.419489,-1630409.788111,-38476.663395
Callisto,504,2461075.000000,-76128.888582,1878231.138540,57762.464855
Callisto,504,2461082.000000,-892065.992673,-1666436.727840,-64186.014312
Callisto,504,2461089.000000,1553447.191003,1040005.648955,53491.287341
Callisto,504,2461096.000000,-1890228.042124,-150446.564508,-30186.886245
Callisto,504,2461103.000000,1696319.495085,-790569.494773,-1883.191294
Callisto,504,2461110.000000,-1142585.240804,1503764.694450,31674.591366
Callisto,504,2461117.000000,218665.641781,-1869835.015607,-55587.163491
Callisto,504,2461124.000000,666265.233272,1752135.822632,63830.586647
Callisto,504,2461131.000000,-1470518.755594,-1193402.937898,-57179.808072
Callisto,504,2461138.000000,1837682.862617,339279.307589,35387.528040
Callisto,504,2461145.000000,-1800689.749327,589943.838529,-5797.477279
Callisto,504,2461152.000000,1249331.769270,-1398401.335631,-26943.562179
Callisto,504,2461159.000000,-465102.925321,1824747.437418,50863.592173
Callisto,504,2461166.000000,-528998.975465,-1811851.255601,-63855.330893
Callisto,504,2461173.000000,1301340.350395,1344035.841808,59617.605553
Callisto,504,2461180.000000,-1819080.870435,-533775.128540,-41224.294006
Callisto,504,2461187.000000,1823127.364731,-416668.183985,11518.051863
Callisto,504,2461194.000000,-1429644.995879,1238031.647678,19503.218568
Callisto,504,2461201.000000,601115.032121,-1781197.500240,-47673.745028
Callisto,504,2461208.000000,286173.593762,1855501.571431,61957.414266
Callisto,504,2461215.000000,-1193277.831013,-1468045.348081,-62044.102665
Callisto,504,2461222.000000,1725578.306119,718238.141842,45736.510831
Callisto,504,2461229.000000,-1883997.780807,209011.751152,-18833.443840
Callisto,504,2461236.000000,1512535.260146,-1105131.196889,-14234.925601
Callisto,504,2461243.000000,-834065.560833,1691441.767136,41735.137349
Callisto,504,2461250.000000,-143328.957853,-1879543.655758,-60790.476615
Callisto,504,2461257.000000,991353.433874,1588740.272825,63105.925416
Callisto,504,2461264.000000,-1670646.843552,-894131.465586,-50498.860806
Callisto,504,2461271.000000,1869302.532756,-24259.334571,24411.616014
Callisto,504,2461278.000000,-1654965.585860,919114.968110,6500.449008
Callisto,504,2461285.000000,957435.593216,-1615147.578400,-37694.515614
Callisto,504,2461292.000000,-106635.972732,1877015.411618,57350.859054
Callisto,504,2461299.000000,-865254.145997,-1680120.149728,-64269.233512
Callisto,504,2461306.000000,1536333.425975,1065497.639033,54053.176086
Callisto,504,2461313.000000,-1887288.432358,-180601.336335,-31059.165125
Callisto,504,2461320.000000,1709160.064611,-762824.547706,-888.450411
Callisto,504,2461327.000000,-1166701.850922,1485129.342613,30813.554653
Callisto,504,2461334.000000,248645.177223,-1866159.506541,-55105.779348
Callisto,504,2461341.000000,637637.480873,1762894.734173,63796.890448
Callisto,504,2461348.000000,-1451263.570625,-1216529.057283,-57631.756561
Callisto,504,2461355.000000,1831930.339728,369356.136231,36216.678870
Callisto,504,2461362.000000,-1809661.573197,561062.053285,-6770.449928
Callisto,504,2461369.000000,1272032.716190,-1377944.045622,-26050.749461
Callisto,504,2461376.000000,-494607.166734,1816830.536175,50255.774898
Callisto,504,2461383.000000,-499854.086449,-1820355.557079,-63743.600184
Callisto,504,2461390.000000,1279085.043964,1365078.884584,59959.993034
Callisto,504,2461397.000000,-1810508.673861,-562721.370447,-41973.146459
Callisto,504,2461404.000000,1829548.380795,-386847.711039,12482.694059
Callisto,504,2461411.000000,-1449303.333290,1215008.103426,18574.573986
Callisto,504,2461418.000000,629902.521047,-1771236.934055,-47015.291879
Callisto,504,2461425.000000,255897.694187,1859725.197029,61694.487530
Callisto,504,2461432.000000,-1169667.380800,-1487236.783289,-62309.428924
Callisto,504,2461439.000000,1713253.149688,746307.756767,46402.277971
Callisto,504,2461446.000000,-1887502.691313,178895.836431,-19761.025298
Callisto,504,2461453.000000,1530062.967890,-1080205.490628,-13277.131863
Callisto,504,2461460.000000,-861325.338370,1678087.243561,40994.081831
Mimas,601,2460737.250000,-173297.438477,-45313.316903,46247.904439
Mimas,601,2460740.750000,-10324.866911,160859.943629,-85194.483337
Mimas,601,2460744.250000,183806.058027,-39566.125027,-2153.957628
Mimas,601,2460747.750000,-63416.753387,-152109.219422,89257.401344
Mimas,601,2460751.250000,-149433.067199,98502.643446,-33250.286012
Mimas,601,2460754.750000,141662.036758,97761.268427,-69905.759968
Mimas,601,2460758.250000,93267.966757,-149996.909507,67129.170949
Mimas,601,2460761.750000,-173503.926188,-40676.921902,43611.307118
Mimas,601,2460765.250000,-3771.702911,162657.647277,-84583.930553
Mimas,601,2460768.750000,184371.492392,-41169.700133,-2140.509235
Mimas,601,2460772.250000,-65758.128362,-150772.746379,86594.926704
Mimas,601,2460775.750000,-145179.376558,103933.426892,-35238.344935
Mimas,601,2460779.250000,144882.381980,97131.650471,-68312.969594
Mimas,601,2460782.750000,91727.687181,-150578.233177,65624.587292
Mimas,601,2460786.250000,-174315.741386,-35601.603787,39980.189947
Mimas,601,2460789.750000,1481.043515,164692.984963,-83944.163571
Mimas,601,2460793.250000,184526.385078,-41620.071737,-1648.837349
Mimas,601,2460796.750000,-69124.633988,-148942.392194,83642.824827
Mimas,601,2460800.250000,-141691.061698,108965.267344,-37687.463402
Mimas,601,2460803.750000,146975.497082,97545.978929,-66515.405060
Mimas,601,2460807.250000,89401.261272,-150699.829398,64758.906715
Mimas,601,2460810.750000,-175712.275593,-30468.522616,35736.641073
Mimas,601,2460814.250000,5096.270337,166677.823783,-83442.381363
Mimas,601,2460817.750000,184118.712620,-41428.638146,-429.996637
Mimas,601,2460821.250000,-73497.665846,-146700.048047,80814.556567
Mimas,601,2460824.750000,-139245.810595,113161.126405,-40451.167774
Mimas,601,2460828.250000,147999.552576,98468.992109,-64622.380332
Mimas,601,2460831.750000,86076.773132,-150637.425580,64860.463951
Mimas,601,2460835.250000,-177592.908560,-25667.011615,31308.380892
Mimas,601,2460838.750000,7152.064107,168272.943429,-83273.484206
Mimas,601,2460842.250000,183072.604929,-41252.585351,1607.991006
Mimas,601,2460845.750000,-78716.852378,-144189.907591,78456.696810
Mimas,601,2460849.250000,-137889.181120,116241.073917,-43394.551548
Mimas,601,2460852.750000,148248.690857,99189.900936,-62770.237614
Mimas,601,2460856.250000,81684.916294,-150680.306416,66051.722060
Mimas,601,2460859.750000,-179801.200328,-21506.725050,27117.401911
Mimas,601,2460863.250000,8017.402937,169156.402817,-83582.596802
Mimas,601,2460866.750000,181401.170885,-41800.170613,4424.506087
Mimas,601,2460870.250000,-84471.694684,-141591.789632,76821.887683
Mimas,601,2460873.750000,-137427.394811,118129.498600,-46368.210501
Mimas,601,2460877.250000,148132.412266,99036.108662,-61088.052996
Mimas,601,2460880.750000,76317.814861,-151075.436467,68268.030747
Mimas,601,2460884.250000,-182115.381460,-18159.006295,23548.208234
Mimas,601,2460887.750000,8305.449668,169115.156501,-84406.115099
Mimas,601,2460891.250000,179207.049860,-43593.672917,7846.581562
Mimas,601,2460894.750000,-90356.812484,-139091.928268,76070.485944
Mimas,601,2460898.250000,-137453.023864,118954.813071,-49180.893005
Mimas,601,2460901.750000,148144.931154,97497.185671,-59635.418104
Mimas,601,2460905.250000,70263.953406,-151928.786879,71277.186659
Mimas,601,2460908.750000,-184301.254064,-15635.504843,20920.526507
Mimas,601,2460912.250000,8727.614222,168082.934179,-85628.646194
Mimas,601,2460915.750000,176682.360965,-46890.726085,11633.746692
Mimas,601,2460919.250000,-95929.969185,-136820.509977,76250.039199
Mimas,601,2460922.750000,-137513.085535,119002.820106,-51597.503781
Mimas,601,2460926.250000,148721.624302,94314.580387,-58375.855507
Mimas,601,2460929.750000,64009.442715,-153221.284402,74742.216301
Mimas,601,2460933.250000,-186108.908453,-13764.492467,19420.413137
Mimas,601,2460936.750000,9879.059611,166185.654552,-87023.941602
Mimas,601,2460940.250000,174064.539074,-51606.629006,15491.661398
Mimas,601,2460943.750000,-100741.486518,-134870.558748,77292.383393
Mimas,601,2460947.250000,-137143.845735,118700.467803,-53423.946283
Mimas,601,2460950.750000,150103.189728,89584.881540,-57244.007226
Mimas,601,2460954.250000,58146.524518,-154835.686023,78262.414190
Mimas,601,2460957.750000,-187318.861842,-12302.458474,19079.147004
Mimas,601,2460961.250000,12191.541229,163696.469990,-88332.696884
Mimas,601,2460964.750000,171619.906773,-57319.726062,19064.049965
Mimas,601,2460968.250000,-104429.343485,-133294.193016,78993.321916
Mimas,601,2460971.750000,-136011.428036,118479.616332,-54547.298089
Mimas,601,2460975.250000,152328.915389,83693.457482,-56191.815821
Mimas,601,2460978.750000,53263.171683,-156613.659167,81407.823656
Mimas,601,2460982.250000,-187789.233319,-10977.016442,19729.450395
Mimas,601,2460985.750000,15795.837763,160972.119673,-89338.854914
Mimas,601,2460989.250000,169620.296937,-63414.196515,21972.242312
Mimas,601,2460992.750000,-106811.469143,-132083.192423,80998.136576
Mimas,601,2460996.250000,-133928.146343,118732.160170,-55003.458959
Mimas,601,2460999.750000,155221.931780,77263.228941,-55240.680276
Mimas,601,2461003.250000,49762.150286,-158416.917217,83774.435443
Mimas,601,2461006.750000,-187493.720427,-9486.106659,20983.079783
Mimas,601,2461010.250000,20590.771988,158380.693644,-89918.452380
Mimas,601,2461013.750000,168268.019012,-69262.637747,23903.537689
Mimas,601,2461017.250000,-107950.926691,-131176.379883,82847.826814
Mimas,601,2461020.750000,-130822.984279,119768.953157,-54989.611350
Mimas,601,2461024.250000,158522.824003,70973.957997,-54434.622983
Mimas,601,2461027.750000,47705.180782,-160145.149627,85059.128919
Mimas,601,2461031.250000,-186533.225360,-7564.800303,22312.622928
Mimas,601,2461034.750000,26312.069581,156246.258419,-90041.718564
Mimas,601,2461038.250000,167615.571885,-74377.884835,24724.848716
Mimas,601,2461041.750000,-108205.312809,-130425.399529,84059.740395
Mimas,601,2461045.250000,-126769.673548,121744.947250,-54787.000784
Mimas,601,2461048.750000,161951.292061,65460.174919,-53795.183227
Mimas,601,2461052.250000,46773.217995,-161700.206440,85132.155346
Mimas,601,2461055.750000,-185141.206665,-4970.611843,23147.777603
Mimas,601,2461059.250000,32576.871474,154792.099440,-89730.980050
Mimas,601,2461062.750000,167563.345371,-78438.124323,24531.760480
Mimas,601,2461066.250000,-108146.134345,-129592.173315,84245.079552
Mimas,601,2461069.750000,-121956.614073,124675.243848,-54695.717176
Mimas,601,2461073.250000,165264.092378,61155.781866,-53241.804015
Mimas,601,2461076.750000,46437.419551,-162971.875754,84088.531869
Mimas,601,2461080.250000,-183614.770361,-1513.193769,23008.000955
Mimas,601,2461083.750000,38939.969104,154141.286703,-89041.265455
Mimas,601,2461087.250000,167843.952622,-81334.060880,23676.145024
Mimas,601,2461090.750000,-108378.476359,-128429.945729,83231.022258
Mimas,601,2461094.250000,-116687.838760,128419.254245,-54946.450953
Mimas,601,2461097.750000,168242.291107,58285.097238,-52615.541771
Mimas,601,2461101.250000,46004.478849,-163864.461273,82266.637979
Mimas,601,2461104.750000,-182241.847212,2845.715643,21637.229850
Mimas,601,2461108.250000,44953.724288,154292.743191,-88043.522453
Mimas,601,2461111.750000,168117.872000,-83114.169667,22660.639884
Mimas,601,2461115.250000,-109488.312348,-126678.951637,81070.846099
Mimas,601,2461118.750000,-111358.659696,132680.832102,-55652.882979
Mimas,601,2461122.250000,170721.850669,56805.803865,-51714.397173
Mimas,601,2461125.750000,44854.876075,-164308.993596,80150.660048
Mimas,601,2461129.250000,-181255.421168,8031.408762,18999.277039
Mimas,601,2461132.750000,50219.714170,155106.207220,-86831.343177
Mimas,601,2461136.250000,168047.525149,-84012.076398,22030.254424
Mimas,601,2461139.750000,-111819.225806,-124182.806737,78017.084777
Mimas,601,2461143.250000,-106407.687054,137084.586398,-56843.388770
Mimas,601,2461146.750000,172575.413454,56409.811168,-50364.165619
Mimas,601,2461150.250000,42522.794639,-164330.474400,78266.937849
Mimas,601,2461153.750000,-180768.967192,13724.881493,15306.615670
Mimas,601,2461157.250000,54426.382970,156334.068201,-85550.321229
Mimas,601,2461160.750000,167329.372655,-84415.954767,22237.455147
Mimas,601,2461164.250000,-115432.091455,-120960.117233,74449.072079
Mimas,601,2461167.750000,-102250.520586,141185.004241,-58473.500102
Mimas,601,2461171.250000,173730.128158,56650.123819,-48525.949056
Mimas,601,2461174.750000,38766.922163,-164023.262054,77041.482853
Mimas,601,2461178.250000,-180816.174847,19431.159543,10937.758782
Mimas,601,2461181.750000,57413.035398,157629.394313,-84389.658620
Mimas,601,2461185.250000,165804.322420,-84734.083676,23499.865696
Mimas,601,2461188.750000,-120087.651043,-117224.414474,70792.676640
Mimas,601,2461192.250000,-99202.602670,144554.966274,-60466.847451
Mimas,601,2461195.750000,174200.153074,56976.335831,-46292.860853
Mimas,601,2461199.250000,33703.893513,-163526.299173,76712.769144
Mimas,601,2461202.750000,-181366.421509,24542.436728,6378.686125
Mimas,601,2461206.250000,59195.555894,158611.125576,-83554.273662
Mimas,601,2461209.750000,163447.123272,-85377.012940,25813.819417
Mimas,601,2461213.250000,-125292.837052,-113371.165770,67482.945619
Mimas,601,2461216.750000,-97400.144071,146855.381273,-62715.482367
Mimas,601,2461220.250000,174104.095764,56855.348710,-43865.354068
Mimas,601,2461223.750000,27678.857679,-162994.104585,77344.817511
Mimas,601,2461227.250000,-182325.187983,28547.868957,2124.489669
Mimas,601,2461230.750000,59985.903062,158941.349775,-83207.436107
Mimas,601,2461234.250000,160373.562058,-86657.015576,28982.683814
Mimas,601,2461237.750000,-130510.635660,-109816.032378,64912.579430
Mimas,601,2461241.250000,-96685.841133,147936.871153,-65082.094653
Mimas,601,2461244.750000,173673.918247,55833.762013,-41465.439417
Mimas,601,2461248.250000,21210.670578,-162560.173865,78861.824408
Mimas,601,2461251.750000,-183530.833099,31200.697904,-1388.410521
Mimas,601,2461255.250000,60266.663810,158359.087420,-83396.853071
Mimas,601,2461258.750000,156811.673609,-88758.492650,32700.845513
Mimas,601,2461262.250000,-135259.863086,-106868.855857,63385.232706
Mimas,601,2461265.750000,-96653.317358,147877.697068,-67377.695932
Mimas,601,2461269.250000,173242.253062,53547.048153,-39235.863580
Mimas,601,2461272.750000,14851.979346,-162310.746136,81089.594422
Mimas,601,2461276.250000,-184755.496821,32599.868465,-3844.174926
Mimas,601,2461279.750000,60632.136791,156751.150229,-84023.303894
Mimas,601,2461283.250000,153045.178062,-91749.022826,36637.021293
Mimas,601,2461286.750000,-139205.112694,-104620.071955,63040.155520
Mimas,601,2461290.250000,-96725.240801,146998.069931,-69393.642096
Mimas,601,2461293.750000,173116.084516,49833.006434,-37233.762497
Mimas,601,2461297.250000,9106.802931,-162302.066603,83784.878527
Mimas,601,2461300.750000,-185707.865904,33165.503166,-5113.879503
Mimas,601,2461304.250000,61704.919153,154178.785744,-84874.575785
Mimas,601,2461307.750000,149377.159041,-95526.041340,40444.203606
Mimas,601,2461311.250000,-142151.304291,-102988.987377,63819.020503
Mimas,601,2461314.750000,-96246.472504,145790.672902,-70962.207322
Mimas,601,2461318.250000,173529.882186,44762.242516,-35455.920169
Mimas,601,2461321.750000,4326.946136,-162538.479118,86628.365643
Mimas,601,2461325.250000,-186127.575431,33455.674985,-5267.561892
Mimas,601,2461328.750000,63987.814188,150836.672301,-85687.408606
Mimas,601,2461332.250000,146094.492416,-99868.501536,43790.429528
Mimas,601,2461335.750000,-144082.654475,-101725.330476,65416.626872
Mimas,601,2461339.250000,-94697.186558,144779.664983,-72003.668419
Mimas,601,2461342.750000,174580.782461,38618.677008,-33879.427413
Mimas,601,2461346.250000,697.860272,-162996.443335,89244.211203
Mimas,601,2461349.750000,-185808.361468,34102.774796,-4629.818423
Mimas,601,2461353.250000,67698.341770,147036.217260,-86241.793846
Mimas,601,2461356.750000,143409.719310,-104482.893732,46384.977974
Mimas,601,2461360.250000,-145103.964461,-100551.809619,67347.050865
Mimas,601,2461363.750000,-91703.775341,144440.080702,-72585.065303
Mimas,601,2461367.250000,176203.702321,31911.217893,-32526.217865
Mimas,601,2461370.750000,-1814.336646,-163627.765241,91247.932341
Mimas,601,2461374.250000,-184664.556741,35582.825554,-3670.175035
Mimas,601,2461377.750000,72780.173264,143136.007834,-86406.239351
Mimas,601,2461381.250000,141421.997230,-109024.622874,48006.309731
Mimas,601,2461384.750000,-145461.381112,-99222.876185,69043.429588
Mimas,601,2461388.250000,-87198.682434,145034.100330,-72845.284299
Mimas,601,2461391.750000,178236.961264,25278.118068,-31449.956700
Mimas,601,2461395.250000,-3415.894076,-164339.087652,92311.195158
Mimas,601,2461398.750000,-182760.190578,38164.113292,-2903.466893
Mimas,601,2461402.250000,78830.256095,139519.513778,-86141.175101
Mimas,601,2461405.750000,140140.459613,-113129.586310,48549.759123
Mimas,601,2461409.250000,-145485.162038,-97549.246975,69983.625218
Mimas,601,2461412.750000,-81431.158057,146609.288491,-72941.342190
Mimas,601,2461416.250000,180439.495068,19410.885113,-30699.738282
Mimas,601,2461419.750000,-4407.588920,-165012.093734,92256.151369
Mimas,601,2461423.250000,-180289.855156,41868.722356,-2754.102602
Mimas,601,2461426.750000,85216.963883,136575.244047,-85475.269231
Mimas,601,2461430.250000,139450.854798,-116472.708116,48092.177794
Mimas,601,2461433.750000,-145521.392430,-95445.605811,69829.398861
Mimas,601,2461437.250000,-74933.107104,149015.146494,-72980.321830
Mimas,601,2461440.750000,182570.510092,14901.214086,-30243.295302
Mimas,601,2461444.250000,-5192.086242,-165503.410890,91116.113360
Mimas,601,2461447.750000,-177544.109468,46488.988248,-3461.331850
Mimas,601,2461451.250000,91243.772140,134639.428984,-84467.451979
Mimas,601,2461454.750000,139128.859269,-118830.485811,46919.451365
Mimas,601,2461458.250000,-145924.997992,-92852.141917,68453.970312
Mimas,601,2461461.750000,-68393.153827,151982.528697,-73017.654755
Enceladus,602,2460737.250000,-232837.642380,43864.608133,-454.314144
Enceladus,602,2460740.750000,234675.439536,26962.795688,-36835.509599
Enceladus,602,2460744.250000,-204785.639245,-96685.732749,70477.191788
Enceladus,602,2460747.750000,156863.325742,152621.009651,-95150.100778
Enceladus,602,2460751.250000,-83988.646346,-193582.109757,109562.524639
Enceladus,602,2460754.750000,9290.505713,210251.773262,-111069.778362
Enceladus,602,2460758.250000,74722.758848,-203456.702647,99380.218343
Enceladus,602,2460761.750000,-142264.091361,173568.101722,-77182.970003
Enceladus,602,2460765.250000,200225.186229,-122527.406717,44828.954912
Enceladus,602,2460768.750000,-229478.978864,58494.375547,-8443.882962
Enceladus,602,2460772.250000,236943.466058,12810.509883,-29643.421879
Enceladus,602,2460775.750000,-212544.152711,-83065.451968,64097.204032
Enceladus,602,2460779.250000,168771.292787,142445.528876,-90977.857331
Enceladus,602,2460782.750000,-99228.886718,-187031.179631,107612.198395
Enceladus,602,2460786.250000,25724.059560,208773.790444,-111892.787924
Enceladus,602,2460789.750000,58981.218985,-206688.679794,102602.426271
Enceladus,602,2460793.250000,-128704.827885,181711.034486,-82765.295248
Enceladus,602,2460796.750000,190897.689097,-133839.927732,51659.357174
Enceladus,602,2460800.250000,-225008.338499,72825.885826,-16384.062137
Enceladus,602,2460803.750000,238081.688956,-1416.830284,-22303.290862
Enceladus,602,2460807.250000,-219294.708154,-69005.284691,57389.595011
Enceladus,602,2460810.750000,179819.862913,131640.599215,-86392.753184
Enceladus,602,2460814.250000,-114084.638843,-179530.576501,105126.708313
Enceladus,602,2460817.750000,41905.865957,206291.911444,-112164.377030
Enceladus,602,2460821.250000,42814.495474,-208960.025479,105361.421076
Enceladus,602,2460824.750000,-114594.250188,188940.904922,-87921.363401
Enceladus,602,2460828.250000,180636.228492,-144547.138921,58262.457742
Enceladus,602,2460831.750000,-219436.227382,86786.384554,-24235.215257
Enceladus,602,2460835.250000,238074.164585,-15645.934568,-14851.612276
Enceladus,602,2460838.750000,-225003.004474,-54572.824261,50385.955234
Enceladus,602,2460842.250000,189984.540376,120224.060516,-81401.441986
Enceladus,602,2460845.750000,-128447.210854,-171133.804661,102123.335097
Enceladus,602,2460849.250000,57802.263492,202833.261047,-111895.767157
Enceladus,602,2460852.750000,26355.259200,-210221.222251,107618.387270
Enceladus,602,2460856.250000,-99971.982757,195248.301059,-92642.465786
Enceladus,602,2460859.750000,169446.057750,-154616.788890,64620.440120
Enceladus,602,2460863.250000,-212851.015861,100246.219674,-31922.005777
Enceladus,602,2460866.750000,236906.396750,-29875.593646,-7288.169348
Enceladus,602,2460870.250000,-229610.917572,-39881.847994,43140.203912
Enceladus,602,2460873.750000,199230.432797,108244.131527,-76025.533830
Enceladus,602,2460877.250000,-142234.877053,-161879.187713,98614.262498
Enceladus,602,2460880.750000,73346.877201,198422.996117,-111093.523544
Enceladus,602,2460884.250000,9664.643350,-210466.003565,109364.133895
Enceladus,602,2460887.750000,-84991.761429,200553.664302,-96872.214745
Enceladus,602,2460891.250000,157341.617505,-164038.838568,70726.402141
Enceladus,602,2460894.750000,-205270.446457,113156.769010,-39416.650368
Enceladus,602,2460898.250000,234607.873170,-43983.162869,321.125083
Enceladus,602,2460901.750000,-233085.803603,-25004.581270,35687.272582
Enceladus,602,2460905.250000,207517.729386,95739.891203,-70281.269979
Enceladus,602,2460908.750000,-155377.006247,-151810.654449,94615.256040
Enceladus,602,2460912.250000,88483.331256,193077.677936,-109760.819101
Enceladus,602,2460915.750000,-7140.894290,-209698.312007,110589.349567
Enceladus,602,2460919.250000,-69682.506890,204864.019078,-100611.436312
Enceladus,602,2460922.750000,144410.308027,-172698.440370,76512.514985
Enceladus,602,2460926.250000,-196726.739338,125491.385455,-46702.054136
Enceladus,602,2460929.750000,231168.030675,-57953.827474,7969.324147
Enceladus,602,2460933.250000,-235426.942196,-10090.768834,28104.453019
Enceladus,602,2460936.750000,214818.543488,82728.429055,-64175.165344
Enceladus,602,2460940.250000,-167761.140708,-141001.620751,90153.787997
Enceladus,602,2460943.750000,103179.117421,186811.932532,-107902.166392
Enceladus,602,2460947.250000,-23979.299163,-207908.772063,111281.612002
Enceladus,602,2460950.750000,-54134.206740,208174.466773,-103848.993137
Enceladus,602,2460954.250000,130695.410031,-180574.791133,81963.602532
Enceladus,602,2460957.750000,-187299.991769,137105.014415,-53695.344521
Enceladus,602,2460961.250000,226587.636806,-71762.212398,15642.760857
Enceladus,602,2460964.750000,-236621.606525,4803.422963,20420.436222
Enceladus,602,2460968.250000,221110.334636,69304.848990,-57754.221972
Enceladus,602,2460971.750000,-179312.436021,-129503.779196,85249.905261
Enceladus,602,2460975.250000,117349.606615,179659.324782,-105526.814410
Enceladus,602,2460978.750000,-40762.845699,-205103.644941,111435.557488
Enceladus,602,2460982.250000,-38387.959801,210470.257627,-106573.483933
Enceladus,602,2460985.750000,116291.119862,-187615.919269,87043.317412
Enceladus,602,2460989.250000,-177032.851305,147987.139787,-60386.596787
Enceladus,602,2460992.750000,220880.635054,-85278.398798,23272.951915
Enceladus,602,2460996.250000,-236674.176104,19636.653966,12657.497179
Enceladus,602,2460999.750000,226360.184172,55495.377299,-51029.112448
Enceladus,602,2461003.250000,-189949.643216,-117445.550555,79962.613093
Enceladus,602,2461006.750000,130987.625925,171612.694342,-102630.249402
Enceladus,602,2461010.250000,-57356.779496,-201296.803396,111045.482589
Enceladus,602,2461013.750000,-22502.903659,211751.328563,-108779.358439
Enceladus,602,2461017.250000,101261.410090,-193776.841737,91722.510986
Enceladus,602,2461020.750000,-165984.394899,158098.940116,-66749.982837
Enceladus,602,2461024.250000,214064.963022,-98460.779134,30836.111188
Enceladus,602,2461027.750000,-235578.784442,34234.192779,4905.651414
Enceladus,602,2461031.250000,230568.603403,41302.433189,-44001.601183
Enceladus,602,2461034.750000,-199625.416251,-104869.319983,74309.839278
Enceladus,602,2461038.250000,144003.044048,162751.794557,-99245.942704
Enceladus,602,2461041.750000,-73666.838845,-196500.580794,110108.669418
Enceladus,602,2461045.250000,-6544.447146,212010.094116,-110456.361447
Enceladus,602,2461048.750000,85678.444660,-199022.508119,95975.887338
Enceladus,602,2461052.250000,-154199.681664,167398.538559,-72759.497046
Enceladus,602,2461055.750000,206191.549092,-111234.906955,38288.297923
Enceladus,602,2461059.250000,-233355.363298,48573.075224,-2820.476484
Enceladus,602,2461062.750000,233663.916602,26864.232758,-36736.590269
Enceladus,602,2461066.250000,-208317.524871,-91819.028229,68312.755134
Enceladus,602,2461069.750000,156372.330728,153079.153031,-95372.818060
Enceladus,602,2461073.250000,-89554.459440,-190788.152381,108650.446586
Enceladus,602,2461076.750000,9454.088058,211239.880470,-111597.338442
Enceladus,602,2461080.250000,69664.002617,-203303.475205,99765.668402
Enceladus,602,2461083.750000,-141713.580604,175864.462693,-78400.735283
Enceladus,602,2461087.250000,197281.680916,-123527.169346,45589.189006
Enceladus,602,2461090.750000,-230043.264887,62581.710763,-10479.906498
Enceladus,602,2461094.250000,235649.460488,12208.955055,-29249.529385
Enceladus,602,2461097.750000,-215917.266067,-78445.979432,62039.618613
Enceladus,602,2461101.250000,168081.633528,142597.923967,-91011.498129
Enceladus,602,2461104.750000,-104950.886985,-184177.116864,106673.297980
Enceladus,602,2461108.250000,25408.983030,209471.118651,-112211.191516
Enceladus,602,2461111.750000,53305.146562,-206588.114330,103066.567450
Enceladus,602,2461115.250000,-128601.162227,183452.447594,-83643.321153
Enceladus,602,2461118.750000,187375.638460,-135277.959624,52703.754840
Enceladus,602,2461122.250000,-225644.196229,76213.052321,-18047.746091
Enceladus,602,2461125.750000,236517.392853,-2574.679827,-21586.104906
Enceladus,602,2461129.250000,-222430.616344,-64790.109478,55512.517771
Enceladus,602,2461132.750000,179008.999525,131395.608858,-86196.057674
Enceladus,602,2461136.250000,-119809.052466,-176691.864336,104185.652240
Enceladus,602,2461139.750000,41272.411708,206694.327297,-112287.888139
Enceladus,602,2461143.250000,36747.401399,-208878.503408,105866.444867
Enceladus,602,2461146.750000,-114864.594637,190153.102006,-88481.343673
Enceladus,602,2461150.250000,176546.371567,-146386.877576,59572.202934
Enceladus,602,2461153.750000,-220189.428747,89414.472135,-25493.576529
Enceladus,602,2461157.250000,236246.968819,-17415.053127,-13781.997291
Enceladus,602,2461160.750000,-227847.634886,-50920.536092,48766.302804
Enceladus,602,2461164.250000,189132.343767,119498.377326,-80938.225913
Enceladus,602,2461167.750000,-133946.559604,-168426.300693,101219.006942
Enceladus,602,2461171.250000,57053.109289,202907.693643,-111827.380331
Enceladus,602,2461174.750000,20068.002612,-210155.580479,108147.328664
Enceladus,602,2461178.250000,-100610.110411,195946.161432,-92895.209594
Enceladus,602,2461181.750000,164850.196741,-156786.443669,66153.268153
Enceladus,602,2461185.250000,-213705.425233,102130.571226,-32785.933563
Enceladus,602,2461188.750000,234833.136984,-32246.717386,-5870.739921
Enceladus,602,2461192.250000,-232139.701092,-36900.128253,41831.617410
Enceladus,602,2461195.750000,198412.027294,106972.436642,-75268.652049
Enceladus,602,2461199.250000,-147346.714581,-159409.303216,97787.274032
Enceladus,602,2461202.750000,72583.523368,198133.539586,-110825.578112
Enceladus,602,2461206.250000,3315.418583,-210419.537509,109904.746042
Enceladus,602,2461209.750000,-85847.559905,200815.464235,-96874.857044
Enceladus,602,2461213.250000,152399.722650,-166416.365213,72405.391398
Enceladus,602,2461216.750000,-206206.802626,114330.771122,-39906.658104
Enceladus,602,2461220.250000,232280.899073,-46949.460647,2084.041745
Enceladus,602,2461223.750000,-235302.319178,-22774.235874,34731.613326
Enceladus,602,2461227.250000,206778.223249,93870.371331,-69208.799676
Enceladus,602,2461230.750000,-159960.838545,-149708.112697,93920.486046
Enceladus,602,2461234.250000,87850.563407,192384.913367,-109288.050286
Enceladus,602,2461237.750000,-13293.035906,-209667.916402,111116.705171
Enceladus,602,2461241.250000,-70589.448527,204750.794282,-100413.621225
Enceladus,602,2461244.750000,139253.431673,-175219.578595,78292.371331
Enceladus,602,2461248.250000,-197753.198412,125975.815686,-46830.317969
Enceladus,602,2461251.750000,228597.913962,-61438.369172,10036.796737
Enceladus,602,2461255.250000,-237328.372658,-8625.219094,27508.587818
Enceladus,602,2461258.750000,214195.539358,80247.144059,-62783.628641
Enceladus,602,2461262.250000,-171724.953343,-139355.406916,89630.400299
Enceladus,602,2461265.750000,102779.096442,185697.072139,-107225.743662
Enceladus,602,2461269.250000,-29724.498204,-207924.013027,111792.334266
Enceladus,602,2461272.750000,-54968.902612,207711.140230,-103477.755603
Enceladus,602,2461276.250000,125447.814918,-183172.207971,83798.285224
Enceladus,602,2461279.750000,-188358.117583,137022.529364,-53532.492829
Enceladus,602,2461283.250000,223839.633859,-75616.588122,17931.929774
Enceladus,602,2461286.750000,-238213.047978,5534.052103,20169.341953
Enceladus,602,2461290.250000,220598.440202,66206.253809,-56041.137305
Enceladus,602,2461293.750000,-182603.719867,-128405.543285,84941.980755
Enceladus,602,2461297.250000,117291.721401,178083.438422,-104639.080630
Enceladus,602,2461300.750000,-45908.598442,-205215.739755,111939.196334
Enceladus,602,2461304.250000,-39015.191647,209692.532628,-106062.185493
Enceladus,602,2461307.750000,111168.301280,-190175.975995,88853.969043
Enceladus,602,2461311.250000,-178013.016656,147478.290915,-60017.678553
Enceladus,602,2461314.750000,218020.279788,-89403.813501,25725.370547
Enceladus,602,2461318.250000,-237984.513232,19625.637848,12757.246830
Enceladus,602,2461321.750000,225945.987430,51824.072359,-49017.614561
Enceladus,602,2461325.250000,-192550.560127,-116914.277318,79879.793536
Enceladus,602,2461328.750000,131323.623338,169572.743129,-101536.463969
Enceladus,602,2461332.250000,-61751.155517,-201551.911277,111553.511720
Enceladus,602,2461335.750000,-22791.446319,210702.501799,-108164.484664
Enceladus,602,2461339.250000,96453.029812,-196230.074801,93455.229958
Enceladus,602,2461342.750000,-166816.588382,157232.040652,-66218.379402
Enceladus,602,2461346.250000,211156.365924,-102756.521926,33392.842303
Enceladus,602,2461349.750000,-236629.808877,33624.360395,5284.603206
Enceladus,602,2461353.250000,230227.117204,37204.045606,-41766.285410
Enceladus,602,2461356.750000,-201543.155993,-104914.496547,74459.067783
Enceladus,602,2461360.250000,144768.410911,160225.954427,-97939.606028
Enceladus,602,2461363.750000,-77207.123114,-196954.438441,110642.374729
Enceladus,602,2461367.250000,-6378.404274,210706.302609,-109759.326854
Enceladus,602,2461370.750000,81382.238992,-201332.561568,97593.183853
Enceladus,602,2461374.250000,-154777.490626,166286.999535,-72135.188879
Enceladus,602,2461377.750000,203346.426347,-115504.863798,40835.643093
Enceladus,602,2461381.250000,-234143.944249,47520.492648,-2243.749785
Enceladus,602,2461384.750000,233406.732640,22421.525639,-34323.630216
Enceladus,602,2461388.250000,-209574.915671,-92457.561540,68706.705788
Enceladus,602,2461391.750000,157547.182023,150089.494230,-93865.150816
Enceladus,602,2461395.250000,-92186.861599,-191464.999798,109218.738794
Enceladus,602,2461398.750000,10163.566616,209706.580770,-110841.866633
Enceladus,602,2461402.250000,66035.130432,-205438.501576,101236.709834
Enceladus,602,2461405.750000,-141950.826626,174612.821023,-77746.716434
Enceladus,602,2461409.250000,194622.407507,-127630.530452,48040.780657
Enceladus,602,2461412.750000,-230551.148810,61193.826597,-9762.217355
Enceladus,602,2461416.250000,235468.411429,7525.869578,-26713.802078
Enceladus,602,2461419.750000,-216604.364528,-79587.730923,62641.783886
Enceladus,602,2461423.250000,169595.606248,139242.331258,-89348.705732
Enceladus,602,2461426.750000,-106670.779980,-185091.471870,107284.527680
Enceladus,602,2461430.250000,26713.800479,207703.722923,-111400.425106
Enceladus,602,2461433.750000,50483.107401,-208549.855105,104379.916737
Enceladus,602,2461437.250000,-128382.236310,182150.315924,-83017.445427
Enceladus,602,2461440.750000,185042.643257,-139093.416010,54981.833428
Enceladus,602,2461444.250000,-225856.606601,74627.443737,-17261.260238
Enceladus,602,2461447.750000,236400.511718,-7289.528583,-19037.534072
Enceladus,602,2461451.250000,-222637.045178,-66285.633176,56254.761345
Enceladus,602,2461454.750000,180836.625269,127734.529462,-84408.999592
Enceladus,602,2461458.250000,-120604.885161,-177886.498516,104862.861219
Enceladus,602,2461461.750000,43185.564849,204704.352834,-111429.755047
Tethys,603,2460739.000000,232156.040839,151898.580753,-99272.481361
Tethys,603,2460746.000000,112805.642057,-247822.249713,112710.999707
Tethys,603,2460753.000000,-291009.758963,-22967.760407,40362.468228
Tethys,603,2460760.000000,38909.747634,259652.675823,-133675.564053
Tethys,603,2460767.000000,270754.883044,-112499.521919,29659.780303
Tethys,603,2460774.000000,-180074.397081,-201156.804514,118149.438853
Tethys,603,2460781.000000,-176926.231279,217169.264606,-91367.799839
Tethys,603,2460788.000000,272366.177582,87830.971393,-70222.330039
Tethys,603,2460795.000000,34844.637920,-263080.045049,128148.294189
Tethys,603,2460802.000000,-290549.663899,49063.411575,3252.116589
Tethys,603,2460809.000000,116673.582955,237387.613754,-129753.579740
Tethys,603,2460816.000000,229709.279769,-172927.641826,64722.281070
Tethys,603,2460823.000000,-236441.239812,-147403.037702,95929.058731
Tethys,603,2460830.000000,-106435.068858,249594.522938,-114839.671090
Tethys,603,2460837.000000,291998.691092,17156.825447,-35742.349340
Tethys,603,2460844.000000,-45840.016478,-258655.182522,133607.270241
Tethys,603,2460851.000000,-268067.175830,117461.482676,-34095.784884
Tethys,603,2460858.000000,185697.124979,197323.162798,-115725.459485
Tethys,603,2460865.000000,171220.950456,-220389.419876,94721.235568
Tethys,603,2460872.000000,-274978.318232,-82618.774626,66248.912590
Tethys,603,2460879.000000,-27814.994731,263276.159288,-129341.820786
Tethys,603,2460886.000000,289544.598316,-54759.373756,1511.165880
Tethys,603,2460893.000000,-123137.232013,-234824.227532,128642.815094
Tethys,603,2460900.000000,-225302.212184,176963.483430,-68765.131601
Tethys,603,2460907.000000,240721.581202,142477.071819,-92660.467697
Tethys,603,2460914.000000,99818.771475,-251244.783779,117318.968144
Tethys,603,2460921.000000,-292752.408027,-11689.359914,31379.417693
Tethys,603,2460928.000000,52909.654291,257165.843648,-133745.013435
Tethys,603,2460935.000000,265235.408919,-122452.744538,38661.581434
Tethys,603,2460942.000000,-191112.981554,-193416.684384,113637.483178
Tethys,603,2460949.000000,-165567.629185,223091.716910,-98097.617167
Tethys,603,2460956.000000,277545.093032,77001.403977,-62322.803077
Tethys,603,2460963.000000,20949.998851,-263226.624191,130805.535736
Tethys,603,2460970.000000,-288419.407780,60029.127821,-6010.550039
Tethys,603,2460977.000000,129584.097253,231776.965580,-127724.258030
Tethys,603,2460984.000000,220945.837068,-180878.900315,72890.698208
Tethys,603,2460991.000000,-244656.193305,-137562.411892,89734.469788
Tethys,603,2460998.000000,-93322.273734,252449.632299,-119885.981206
Tethys,603,2461005.000000,293397.110491,5846.955535,-27032.919020
Tethys,603,2461012.000000,-59524.033338,-255510.662517,134183.425491
Tethys,603,2461019.000000,-262283.440091,127187.433420,-43094.717251
Tethys,603,2461026.000000,196477.822094,189041.368862,-111738.790869
Tethys,603,2461033.000000,159925.107804,-225720.871952,101626.694153
Tethys,603,2461040.000000,-279751.284558,-71443.991181,58735.454508
Tethys,603,2461047.000000,-13935.227256,262842.875501,-132465.764484
Tethys,603,2461054.000000,287100.721970,-65635.239906,10523.614601
Tethys,603,2461061.000000,-135646.617682,-228618.588237,127152.323800
Tethys,603,2461068.000000,-216254.875782,184716.598467,-77038.123812
Tethys,603,2461075.000000,248583.179747,132178.955235,-86990.044770
Tethys,603,2461082.000000,86740.982549,-253556.007416,122642.129255
Tethys,603,2461089.000000,-293728.786001,-51.145665,22992.902748
Tethys,603,2461096.000000,66581.831327,253431.402988,-134822.120340
Tethys,603,2461103.000000,259130.059866,-132056.125959,47483.390859
Tethys,603,2461110.000000,-201577.245857,-184542.410326,110195.437061
Tethys,603,2461117.000000,-153868.125207,228197.425284,-105192.084619
Tethys,603,2461124.000000,281953.610479,65493.572702,-55350.487408
Tethys,603,2461131.000000,6989.547248,-262225.207721,134272.224203
Tethys,603,2461138.000000,-285517.112462,71187.190499,-14756.776615
Tethys,603,2461145.000000,142029.049632,224952.479946,-126747.610133
Tethys,603,2461152.000000,211631.405200,-188399.940556,81017.480088
Tethys,603,2461159.000000,-252235.356148,-126674.303127,84601.574193
Tethys,603,2461166.000000,-79934.670552,254363.180162,-125388.353078
Tethys,603,2461173.000000,294037.083592,-5974.152588,-19214.595349
Tethys,603,2461180.000000,-73208.386813,-251131.270096,135619.851543
Tethys,603,2461187.000000,-255765.724233,136884.768052,-51632.585136
Tethys,603,2461194.000000,206682.742205,179644.268826,-108866.429958
Tethys,603,2461201.000000,148161.029482,-230448.989223,108576.687784
Tethys,603,2461208.000000,-283810.653998,-59419.706143,52311.504239
Tethys,603,2461215.000000,-7.655211,261339.412335,-136113.235056
Tethys,603,2461222.000000,283918.300689,-76827.543102,18680.584487
Tethys,603,2461229.000000,-147870.826172,-221179.590074,126585.255191
Tethys,603,2461236.000000,-206675.029996,192132.420103,-84853.169980
Tethys,603,2461243.000000,255758.500567,120918.089906,-82505.321249
Tethys,603,2461250.000000,73454.716796,-255045.346870,128054.334092
Tethys,603,2461257.000000,-293962.755435,12179.890754,15740.644606
Tethys,603,2461264.000000,79992.580853,248611.172664,-136528.437813
Tethys,603,2461271.000000,252336.136462,-141743.117967,55475.791673
Tethys,603,2461278.000000,-211452.113957,-174586.290855,107796.481148
Tethys,603,2461285.000000,-141912.694247,232756.440153,-111880.567733
Tethys,603,2461292.000000,285586.489658,53168.876745,-49614.029911
Tethys,603,2461299.000000,-6866.329599,-260310.777008,137928.444615
Tethys,603,2461306.000000,-281901.486017,82708.222659,-22348.462009
Tethys,603,2461313.000000,154016.631608,217086.245691,-126531.587179
Tethys,603,2461320.000000,201699.329262,-195794.337503,88359.836690
Tethys,603,2461327.000000,-259100.616653,-114845.700847,80621.829541
Tethys,603,2461334.000000,-66448.958120,255650.738383,-130613.286397
Tethys,603,2461341.000000,293856.024966,-18481.011661,-12657.449540
Tethys,603,2461348.000000,-86670.648753,-245826.143364,137393.506910
Tethys,603,2461355.000000,-248564.407144,146790.257317,-59050.117242
Tethys,603,2461362.000000,216367.298149,169194.232789,-106852.992429
Tethys,603,2461369.000000,135877.050119,-234892.570592,114821.261808
Tethys,603,2461376.000000,-287119.031599,-46534.305593,47108.416388
Tethys,603,2461383.000000,13928.464349,259130.903702,-139617.007642
Tethys,603,2461390.000000,279924.637167,-88552.607750,25552.863321
Tethys,603,2461397.000000,-159842.183362,-212750.599631,126473.713375
Tethys,603,2461404.000000,-196507.486479,199584.952239,-91581.178148
Tethys,603,2461411.000000,262312.254750,108638.220095,-78982.046970
Tethys,603,2461418.000000,59834.541344,-256109.836863,132848.525199
Tethys,603,2461425.000000,-293412.346212,25108.091523,9803.213852
Tethys,603,2461432.000000,93207.568247,243019.108718,-138221.724403
Tethys,603,2461439.000000,244856.597741,-151748.379219,62136.916657
Tethys,603,2461446.000000,-220880.112434,-163645.326956,105986.768271
Tethys,603,2461453.000000,-129609.653659,237157.312329,-117504.820074
Tethys,603,2461460.000000,288469.164707,39991.144652,-44993.000080
Dione,604,2460739.000000,288110.848608,202239.206572,-133767.633563
Dione,604,2460746.000000,-185669.270016,-284197.559732,166736.488266
Dione,604,2460753.000000,55588.521918,327944.845404,-177028.445661
Dione,604,2460760.000000,77188.538910,-330686.399499,165598.557920
Dione,604,2460767.000000,-205109.296450,288305.616481,-131023.850426
Dione,604,2460774.000000,301381.512729,-211743.263732,81625.921908
Dione,604,2460781.000000,-362816.783934,103864.117737,-19213.087181
Dione,604,2460788.000000,374005.720222,13553.502762,-43324.640903
Dione,604,2460795.000000,-339108.845307,-132694.010753,102299.383270
Dione,604,2460802.000000,258104.660360,231917.735318,-146384.143392
Dione,604,2460809.000000,-146193.414228,-303004.673337,172749.089132
Dione,604,2460816.000000,11813.486732,333221.879755,-175548.241382
Dione,604,2460823.000000,119640.072277,-322130.638779,157011.538875
Dione,604,2460830.000000,-240457.563656,266558.765983,-116225.432372
Dione,604,2460837.000000,325528.570551,-180006.477525,62687.112755
Dione,604,2460844.000000,-372110.445294,65980.171289,1502.456448
Dione,604,2460851.000000,367712.773106,52430.832167,-63050.074201
Dione,604,2460858.000000,-317633.336620,-167685.589581,118522.265085
Dione,604,2460865.000000,224503.972724,258428.163065,-156996.781308
Dione,604,2460872.000000,-104731.474794,-317688.630855,176415.263231
Dione,604,2460879.000000,-32077.538954,333908.224685,-171657.866097
Dione,604,2460886.000000,160505.997497,-309118.422631,146249.392250
Dione,604,2460893.000000,-272572.188779,241145.390921,-99824.300195
Dione,604,2460900.000000,345184.857633,-145857.199443,42923.277133
Dione,604,2460907.000000,-376271.532329,27187.928112,22194.983987
Dione,604,2460914.000000,356367.651651,90654.781187,-81944.326955
Dione,604,2460921.000000,-291839.993777,-200386.640960,133129.252558
Dione,604,2460928.000000,187790.578522,281370.957915,-165443.191963
Dione,604,2460935.000000,-61731.171576,-328051.109757,177673.384734
Dione,604,2460942.000000,-75570.480369,330045.348252,-165428.302821
Dione,604,2460949.000000,199113.454611,-291888.736021,133501.406582
Dione,604,2460956.000000,-300976.985363,212369.999963,-82025.134604
Dione,604,2460963.000000,360156.814279,-109674.959140,22549.633928
Dione,604,2460970.000000,-375303.233153,-11969.923293,42582.323226
Dione,604,2460977.000000,340084.683146,127667.225774,-99728.151512
Dione,604,2460984.000000,-262008.286914,-230437.959794,145961.294842
Dione,604,2460991.000000,148532.472064,300471.621140,-171635.994285
Dione,604,2460998.000000,-17907.086759,-333904.507377,176495.712219
Dione,604,2461005.000000,-118102.874487,321645.973800,-156921.264574
Dione,604,2461012.000000,235022.631932,-270693.534038,118942.638259
Dione,604,2461019.000000,-325242.648729,180702.163351,-63114.711763
Dione,604,2461026.000000,370204.036157,-71909.262971,1824.956678
Dione,604,2461033.000000,-369248.603063,-51012.061329,62417.481593
Dione,604,2461040.000000,319189.263865,162866.851593,-116118.215071
Dione,604,2461047.000000,-228583.572572,-257320.261400,156790.100513
Dione,604,2461054.000000,107190.505136,315491.336557,-175494.848237
Dione,604,2461061.000000,26118.325186,-335225.407072,172930.827399
Dione,604,2461068.000000,-158982.021414,308820.966218,-146261.679695
Dione,604,2461075.000000,267773.543062,-245764.737113,102738.378645
Dione,604,2461082.000000,-345090.791901,146588.306418,-43353.872001
Dione,604,2461089.000000,375164.207976,-33252.080879,-18872.811793
Dione,604,2461096.000000,-358125.608586,-89361.051679,81399.740412
Dione,604,2461103.000000,293946.761119,195848.101699,-130928.654199
Dione,604,2461110.000000,-192098.926834,-280653.750535,165468.075730
Dione,604,2461117.000000,64368.662751,326157.119764,-176935.270873
Dione,604,2461124.000000,69816.436692,-331986.887854,167014.484809
Dione,604,2461131.000000,-197617.752120,291817.289830,-133635.531589
Dione,604,2461138.000000,296774.339522,-217503.816176,85155.175628
Dione,604,2461145.000000,-360225.250032,110444.904417,-22987.900111
Dione,604,2461152.000000,375014.438354,5801.992797,-39284.903619
Dione,604,2461159.000000,-342110.368046,-126422.631334,99237.165092
Dione,604,2461166.000000,264621.681541,226159.550585,-143950.279017
Dione,604,2461173.000000,-152997.190592,-300180.643647,171905.135768
Dione,604,2461180.000000,20785.053977,332327.343568,-175954.203134
Dione,604,2461187.000000,112521.807596,-324176.470512,158806.115177
Dione,604,2461194.000000,-233574.377376,270806.344254,-119174.635836
Dione,604,2461201.000000,321694.892560,-186313.522798,66436.116791
Dione,604,2461208.000000,-370383.556798,72802.700950,-2319.195046
Dione,604,2461215.000000,369716.720315,44840.826310,-59192.004919
Dione,604,2461222.000000,-321453.594893,-161749.688849,115720.608323
Dione,604,2461229.000000,231712.754728,253300.950012,-154969.913683
Dione,604,2461236.000000,-111768.117861,-315597.113885,175990.017029
Dione,604,2461243.000000,-23106.579088,333965.095261,-172575.602649
Dione,604,2461250.000000,153635.549221,-311950.941007,148445.017156
Dione,604,2461257.000000,-266346.364580,246030.347206,-103054.148324
Dione,604,2461264.000000,342278.182310,-152545.604848,46788.811971
Dione,604,2461271.000000,-375498.379747,34208.510553,18359.980091
Dione,604,2461278.000000,359338.743273,83221.672093,-78265.062201
Dione,604,2461285.000000,-296374.926551,-194919.275902,130650.150653
Dione,604,2461292.000000,195674.804973,276990.031990,-163884.484775
Dione,604,2461299.000000,-69045.407858,-326685.774307,177669.359241
Dione,604,2461306.000000,-66750.890273,331018.724676,-166825.574380
Dione,604,2461313.000000,192679.554519,-295498.741813,136074.747946
Dione,604,2461320.000000,-295422.067556,217954.683734,-85566.102657
Dione,604,2461327.000000,358156.318554,-116699.475784,26508.633998
Dione,604,2461334.000000,-375511.691231,-4881.085774,38807.037124
Dione,604,2461341.000000,344090.940078,120406.167192,-96244.787219
Dione,604,2461348.000000,-267231.372167,-225403.624255,143786.152084
Dione,604,2461355.000000,156912.890616,296920.501251,-170573.696133
Dione,604,2461362.000000,-25423.810873,-333340.796601,176947.021979
Dione,604,2461369.000000,-109367.916930,323530.825113,-158802.847742
Dione,604,2461376.000000,229110.751640,-274979.112116,121832.023449
Dione,604,2461383.000000,-320480.404321,186911.434362,-66914.424803
Dione,604,2461390.000000,369116.914082,-79312.859260,5897.352034
Dione,604,2461397.000000,-370346.848545,-43928.587042,58734.064219
Dione,604,2461404.000000,324132.373951,155998.698297,-112940.040244
Dione,604,2461411.000000,-234494.664970,-252778.639267,154953.322060
Dione,604,2461418.000000,116024.525647,312732.581023,-174907.727927
Dione,604,2461425.000000,18589.236275,-335443.809933,173809.870763
Dione,604,2461432.000000,-150482.522156,311634.572594,-148622.266282
Dione,604,2461439.000000,262381.199029,-250697.527406,105928.189277
Dione,604,2461446.000000,-341184.613050,153230.605649,-47303.655207
Dione,604,2461453.000000,375069.739396,-40831.837284,-14804.506227
Dione,604,2461460.000000,-360125.430984,-82319.738827,77832.578272
Rhea,605,2460739.000000,-152312.481576,-440219.080131,246614.365058
Rhea,605,2460746.000000,-10862.992062,466545.270899,-245476.872120
Rhea,605,2460753.000000,169341.585647,-447273.676078,220679.232261
Rhea,605,2460760.000000,-314924.340509,385473.650276,-174596.094559
Rhea,605,2460767.000000,427516.064166,-286432.774441,111874.632283
Rhea,605,2460774.000000,-501222.309855,160298.561984,-38421.536128
Rhea,605,2460781.000000,524799.174670,-17884.865915,-39011.672241
Rhea,605,2460788.000000,-499968.245467,-124922.288195,112189.391929
Rhea,605,2460795.000000,424798.388447,257485.572782,-175307.657099
Rhea,605,2460802.000000,-311686.095203,-363423.460902,220851.102868
Rhea,605,2460809.000000,165265.193649,436086.618101,-245732.635628
Rhea,605,2460816.000000,-6675.842290,-465527.818666,246645.799031
Rhea,605,2460823.000000,-156306.736445,451135.367123,-223981.701950
Rhea,605,2460830.000000,300909.476673,-393046.711194,179916.319667
Rhea,605,2460837.000000,-419387.341250,297436.877990,-118429.167400
Rhea,605,2460844.000000,495269.411291,-172800.206389,45531.075574
Rhea,605,2460851.000000,-525560.260257,32350.622745,31516.380538
Rhea,605,2460858.000000,503428.204828,112495.005440,-106042.688791
Rhea,605,2460865.000000,-435229.092449,-244837.573873,169699.926669
Rhea,605,2460872.000000,322383.428301,355448.490146,-217740.363810
Rhea,605,2460879.000000,-181925.681725,-430148.514144,244241.140951
Rhea,605,2460886.000000,20249.114411,464965.154986,-247689.432763
Rhea,605,2460893.000000,139601.083312,-454302.115015,227258.189671
Rhea,605,2460900.000000,-289441.213648,400419.896091,-184899.005153
Rhea,605,2460907.000000,408591.739429,-307756.693873,124870.384419
Rhea,605,2460914.000000,-490855.510901,185886.936769,-52808.332777
Rhea,605,2460921.000000,523996.738001,-45447.238889,-24526.762620
Rhea,605,2460928.000000,-508777.852064,-98138.316481,99047.940838
Rhea,605,2460935.000000,442377.574182,233879.839449,-164682.449687
Rhea,605,2460942.000000,-336240.015672,-345273.763491,213760.175690
Rhea,605,2460949.000000,194464.503690,425337.235052,-242964.040527
Rhea,605,2460956.000000,-37783.822123,-463170.441618,248450.377272
Rhea,605,2460963.000000,-126285.443559,457410.813419,-230193.508687
Rhea,605,2460970.000000,274779.604222,-407178.487120,189854.050964
Rhea,605,2460977.000000,-399857.747683,318070.207911,-131118.776850
Rhea,605,2460984.000000,484118.544627,-198112.410543,59849.266026
Rhea,605,2460991.000000,-523934.786946,59804.619807,17006.105355
Rhea,605,2460998.000000,511385.005559,85368.461560,-92638.023719
Rhea,605,2461005.000000,-451909.255104,-220718.565432,158720.600114
Rhea,605,2461012.000000,346293.041405,336772.089652,-210311.383077
Rhea,605,2461019.000000,-210803.019760,-418696.301498,241073.080992
Rhea,605,2461026.000000,51354.610207,461845.483278,-249094.778803
Rhea,605,2461033.000000,109289.841997,-459625.060799,232998.045455
Rhea,605,2461040.000000,-263003.440640,413733.307941,-194435.394791
Rhea,605,2461047.000000,388397.161499,-327885.383000,137360.994760
Rhea,605,2461054.000000,-478992.677762,210857.425026,-67019.232210
Rhea,605,2461061.000000,521425.368687,-72965.718641,-9890.342623
Rhea,605,2461068.000000,-515698.115979,-70829.587258,85449.461860
Rhea,605,2461075.000000,458243.587505,209435.951134,-153453.610437
Rhea,605,2461082.000000,-359570.991621,-326060.538743,205993.448130
Rhea,605,2461089.000000,223077.687857,413180.442660,-239401.108300
Rhea,605,2461096.000000,-68795.635109,-459091.323289,249342.638999
Rhea,605,2461103.000000,-95980.584892,461888.845540,-235487.771631
Rhea,605,2461110.000000,247888.056460,-419814.259432,199080.704962
Rhea,605,2461117.000000,-379126.009218,337695.859245,-143400.469051
Rhea,605,2461124.000000,471322.995259,-222866.504338,74037.134616
Rhea,605,2461131.000000,-520324.796783,87175.437232,2348.865529
Rhea,605,2461138.000000,517388.461954,57968.278681,-78902.063289
Rhea,605,2461145.000000,-467023.627123,-195964.179193,147255.681210
Rhea,605,2461152.000000,369136.029033,316971.515807,-202188.912233
Rhea,605,2461159.000000,-238969.310730,-405691.998633,237021.097741
Rhea,605,2461166.000000,82064.758755,456980.554239,-249543.797213
Rhea,605,2461173.000000,78802.655862,-463322.486526,237902.311593
Rhea,605,2461180.000000,-235773.579485,425767.836079,-203381.657824
Rhea,605,2461187.000000,366843.349737,-347037.983156,149473.329858
Rhea,605,2461194.000000,-465281.141574,235172.899334,-81063.081276
Rhea,605,2461201.000000,516871.924122,-100180.732181,4777.255694
Rhea,605,2461208.000000,-520871.989702,-43378.856789,71606.566315
Rhea,605,2461215.000000,472687.566933,184246.093173,-141694.920975
Rhea,605,2461222.000000,-381669.433796,-305618.397967,197461.551053
Rhea,605,2461229.000000,250685.139290,399512.745607,-234945.928614
Rhea,605,2461236.000000,-99361.714665,-453434.753231,249364.850615
Rhea,605,2461243.000000,-65358.885447,464942.085507,-240068.912020
Rhea,605,2461250.000000,220048.162495,-431158.373839,207722.462657
Rhea,605,2461257.000000,-356866.481205,356185.786562,-155231.122007
Rhea,605,2461264.000000,456717.830849,-246757.214690,87945.531068
Rhea,605,2461271.000000,-514963.472854,114175.292610,-12284.073550
Rhea,605,2461278.000000,521744.565902,30280.410057,-64854.919730
Rhea,605,2461285.000000,-480521.567888,-170416.987287,135217.332886
Rhea,605,2461292.000000,390454.379825,296045.045191,-193327.051834
Rhea,605,2461299.000000,-266092.194135,-391339.388985,232162.888513
Rhea,605,2461306.000000,112554.026225,450668.773688,-249216.260703
Rhea,605,2461313.000000,47884.514456,-465542.145405,242073.379172
Rhea,605,2461320.000000,-207501.586334,436298.261237,-211636.780690
Rhea,605,2461327.000000,343870.683683,-364834.056274,161010.358224
Rhea,605,2461334.000000,-449996.853061,258608.346780,-94798.735263
Rhea,605,2461341.000000,510617.623260,-127157.455250,19485.726956
Rhea,605,2461348.000000,-524203.595165,-15655.413835,57440.586676
Rhea,605,2461355.000000,485231.500231,158468.921500,-129443.511252
Rhea,605,2461362.000000,-402222.430644,-284237.978494,188290.656098
Rhea,605,2461369.000000,277498.109596,384557.464278,-229741.936147
Rhea,605,2461376.000000,-129787.769346,-446279.454146,248586.810592
Rhea,605,2461383.000000,-34329.239873,466291.626996,-243793.299869
Rhea,605,2461390.000000,191370.554905,-440805.715898,215555.274796
Rhea,605,2461397.000000,-333436.069348,373347.843589,-166480.241381
Rhea,605,2461404.000000,440582.506229,-269898.645975,101610.769652
Rhea,605,2461411.000000,-507746.647378,140878.384517,-26943.405605
Rhea,605,2461418.000000,524067.412957,2628.857179,-50629.257495
Rhea,605,2461425.000000,-492153.688779,-144494.665743,122804.519516
Rhea,605,2461432.000000,410491.574640,274183.691641,-183853.213660
Rhea,605,2461439.000000,-292519.588317,-375648.028673,226533.010518
Rhea,605,2461446.000000,142777.534309,442687.160398,-247984.413421
Rhea,605,2461453.000000,16818.382037,-465945.907744,245306.849378
Rhea,605,2461460.000000,-178640.738908,445232.135140,-219113.137147
Titan,606,2460739.000000,1168315.367199,-208359.001988,-8871.363526
Titan,606,2460746.000000,-1083835.122466,600227.342417,-201640.825533
Titan,606,2460753.000000,681390.308311,-899222.846476,395913.670198
Titan,606,2460760.000000,-381815.790973,1062435.651527,-509915.485078
Titan,606,2460767.000000,-213179.962724,-1058472.205468,567112.296425
Titan,606,2460774.000000,521745.840600,950975.439509,-542394.435529
Titan,606,2460781.000000,-993272.992887,-621339.550283,419336.791932
Titan,606,2460788.000000,1122402.684132,298748.004053,-265821.394617
Titan,606,2460795.000000,-1246922.599325,149356.496842,47116.764950
Titan,606,2460802.000000,1049798.308694,-529725.221897,168677.118472
Titan,606,2460809.000000,-854576.621946,843208.343597,-349785.929205
Titan,606,2460816.000000,342571.981606,-1039608.829209,502049.427016
Titan,606,2460823.000000,-15437.191658,1092552.151110,-561921.640353
Titan,606,2460830.000000,-568934.117650,-945475.056800,544246.199144
Titan,606,2460837.000000,827006.492240,739874.558102,-463903.343010
Titan,606,2460844.000000,-1172569.638550,-329883.494781,286860.995583
Titan,606,2460851.000000,1182853.163452,-41705.084365,-96246.070348
Titan,606,2460858.000000,-1162524.145707,460835.207391,-121934.396123
Titan,606,2460865.000000,823810.570225,-796906.941078,328973.816727
Titan,606,2460872.000000,-550223.407486,1012025.419399,-467150.214545
Titan,606,2460879.000000,-30035.598828,-1077821.155048,558844.878965
Titan,606,2460886.000000,352267.437355,1021474.651050,-561861.539447
Titan,606,2460893.000000,-872305.533491,-745209.877367,471152.131314
Titan,606,2460900.000000,1050581.797116,455839.581153,-339662.753503
Titan,606,2460907.000000,-1249025.946766,-9438.314603,129197.333700
Titan,606,2460914.000000,1122105.406484,-377863.533771,83175.878954
Titan,606,2460921.000000,-977366.548751,732361.589203,-280404.313770
Titan,606,2460928.000000,514385.763681,-983482.600360,455995.763280
Titan,606,2460935.000000,-196700.094466,1090253.465967,-542680.278788
Titan,606,2460942.000000,-399887.149648,-1012689.325255,562060.219289
Titan,606,2460949.000000,686360.467485,853300.815112,-508373.874589
Titan,606,2460956.000000,-1097159.387172,-477749.203183,355584.236577
Titan,606,2460963.000000,1168331.230718,125972.800034,-181251.694693
Titan,606,2460970.000000,-1217031.006876,311853.658971,-39693.658163
Titan,606,2460977.000000,946214.517326,-675265.181932,254063.381442
Titan,606,2460984.000000,-706835.526745,939873.695855,-414349.299344
Titan,606,2460991.000000,153753.655366,-1072376.943227,537728.182851
Titan,606,2460998.000000,174725.972334,1068680.441425,-568512.982436
Titan,606,2461005.000000,-732506.178340,-852945.613549,512769.342756
Titan,606,2461012.000000,953390.672813,601936.919267,-405305.149450
Titan,606,2461019.000000,-1225101.916109,-168021.361120,208573.833778
Titan,606,2461026.000000,1166803.893251,-216710.748487,-4363.869974
Titan,606,2461033.000000,-1079671.382330,606149.399710,-205141.464210
Titan,606,2461040.000000,673912.700260,-903931.790440,399088.029790
Titan,606,2461047.000000,-373679.579653,1064010.427022,-511518.136375
Titan,606,2461054.000000,-221920.869822,-1057198.027754,567276.358562
Titan,606,2461061.000000,529626.993665,946775.807551,-540952.053987
Titan,606,2461068.000000,-998495.161815,-615466.706202,416755.487689
Titan,606,2461075.000000,1125212.333017,290575.504649,-261820.136317
Titan,606,2461082.000000,-1246249.470259,156391.680729,43366.927917
Titan,606,2461089.000000,1045501.633682,-537142.686452,172959.393144
Titan,606,2461096.000000,-848430.647823,847711.113243,-352726.433913
Titan,606,2461103.000000,333933.326187,-1041969.556619,504099.048632
Titan,606,2461110.000000,-6793.448063,1091823.443819,-562359.274947
Titan,606,2461117.000000,-576725.215194,-942022.716311,543171.619912
Titan,606,2461124.000000,833361.471448,733653.589612,-461254.192494
Titan,606,2461131.000000,-1175545.356658,-323081.215824,283577.329336
Titan,606,2461138.000000,1182783.144410,-50220.396255,-91792.334311
Titan,606,2461145.000000,-1159450.829553,467273.272768,-125594.786701
Titan,606,2461152.000000,817211.615980,-802647.524387,332591.830851
Titan,606,2461159.000000,-542583.330115,1014653.236567,-469242.245287
Titan,606,2461166.000000,-38946.055976,-1077719.000688,559623.322799
Titan,606,2461173.000000,360609.558093,1018382.669561,-561028.313846
Titan,606,2461180.000000,-878484.178116,-740006.891560,469003.020511
Titan,606,2461187.000000,1054689.964226,448131.608225,-336022.020850
Titan,606,2461194.000000,-1249557.429960,-2324.897022,125521.705145
Titan,606,2461201.000000,1119136.001807,-385842.120352,87618.653315
Titan,606,2461208.000000,-972134.707608,737631.364513,-283648.489880
Titan,606,2461215.000000,506221.176979,-987028.141173,458605.878268
Titan,606,2461222.000000,-188208.801638,1090679.714745,-543692.160704
Titan,606,2461229.000000,-408212.735767,-1010267.032729,561561.702808
Titan,606,2461236.000000,693559.183055,848019.148001,-506283.944313
Titan,606,2461243.000000,-1101252.184636,-471337.248775,352604.768890
Titan,606,2461250.000000,1169691.566865,117523.191847,-176967.458135
Titan,606,2461257.000000,-1215104.880310,318657.352620,-43431.836522
Titan,606,2461264.000000,940679.821231,-681899.814728,258037.495532
Titan,606,2461271.000000,-699857.526124,943475.923826,-416874.505919
Titan,606,2461278.000000,144894.473953,-1073482.463668,539118.159982
Titan,606,2461285.000000,183309.472277,1066750.858473,-568294.828532
Titan,606,2461292.000000,-739515.448158,-848553.619782,511112.546187
Titan,606,2461299.000000,958663.079310,594888.572374,-402111.421420
Titan,606,2461306.000000,-1226825.809339,-160998.720386,205056.654325
Titan,606,2461313.000000,1165233.452923,-225043.738869,127.364511
Titan,606,2461320.000000,-1075451.599802,612053.516242,-208612.768053
Titan,606,2461327.000000,666437.407384,-908594.173146,402203.104995
Titan,606,2461334.000000,-365523.198090,1065554.638837,-513067.691008
Titan,606,2461341.000000,-230594.310690,-1055892.525530,567380.437176
Titan,606,2461348.000000,537475.670474,942545.982452,-539459.629486
Titan,606,2461355.000000,-1003630.468356,-609594.224082,414149.187993
Titan,606,2461362.000000,1127948.595538,282411.342074,-257811.791213
Titan,606,2461369.000000,-1245504.603018,163408.839681,39631.836414
Titan,606,2461376.000000,1041167.898787,-544509.930345,177194.180033
Titan,606,2461383.000000,-842247.304614,852185.133633,-355620.330581
Titan,606,2461390.000000,325332.827308,-1044283.529857,506081.187922
Titan,606,2461397.000000,1841.236875,1091066.173925,-562742.607001
Titan,606,2461404.000000,-584428.808811,-938561.078171,542054.115700
Titan,606,2461411.000000,839656.521652,727422.143624,-458573.859566
Titan,606,2461418.000000,-1178433.473757,-316298.279068,280291.756498
Titan,606,2461425.000000,1182644.741627,-58697.167724,-87362.638401
Titan,606,2461432.000000,-1156313.967019,473683.691160,-129221.317739
Titan,606,2461439.000000,810606.078045,-808325.211388,336142.965157
Titan,606,2461446.000000,-534919.702532,1017252.088677,-471281.456755
Titan,606,2461453.000000,-47794.397877,-1077582.710604,560340.423797
Titan,606,2461460.000000,368923.327276,1015269.372133,-560148.403943
Iapetus,608,2460739.000000,-3591718.972747,84496.086251,703294.213069
Iapetus,608,2460746.000000,-3069410.807118,-1711382.820037,1012398.626025
Iapetus,608,2460753.000000,-1694871.914343,-3031461.421637,1040483.953804
Iapetus,608,2460760.000000,158638.186102,-3486285.473240,772275.936578
Iapetus,608,2460767.000000,1961059.192211,-2908743.346300,276505.116267
Iapetus,608,2460774.000000,3152213.049346,-1431040.726872,-304161.755203
Iapetus,608,2460781.000000,3329771.303351,502818.631793,-785896.880816
Iapetus,608,2460788.000000,2424255.675605,2273460.748408,-1012133.921820
Iapetus,608,2460795.000000,736714.776149,3315120.515307,-912919.739434
Iapetus,608,2460802.000000,-1182811.334669,3328422.044536,-529695.468826
Iapetus,608,2460809.000000,-2756198.521815,2352408.353213,11820.135668
Iapetus,608,2460816.000000,-3545241.904610,702569.080740,551214.551655
Iapetus,608,2460823.000000,-3350012.881756,-1142945.004529,937398.056355
Iapetus,608,2460830.000000,-2228574.661137,-2672626.636476,1064686.092963
Iapetus,608,2460837.000000,-481126.213410,-3447011.663298,891660.115035
Iapetus,608,2460844.000000,1402039.580203,-3214563.102783,459264.470265
Iapetus,608,2460851.000000,2853810.318306,-2001609.813002,-112425.229911
Iapetus,608,2460858.000000,3395417.246047,-155069.267751,-647230.608535
Iapetus,608,2460865.000000,2834550.636903,1740406.688467,-971325.111983
Iapetus,608,2460872.000000,1354370.537399,3074700.141299,-981401.857792
Iapetus,608,2460879.000000,-555270.699639,3442249.144617,-681904.902295
Iapetus,608,2460886.000000,-2302036.601864,2772261.682402,-176251.403843
Iapetus,608,2460893.000000,-3387528.004893,1298836.536862,381834.525582
Iapetus,608,2460900.000000,-3525884.060457,-539056.416021,833309.339791
Iapetus,608,2460907.000000,-2691117.189878,-2228431.516461,1054840.238578
Iapetus,608,2460914.000000,-1105165.147675,-3293867.460817,981573.660573
Iapetus,608,2460921.000000,794657.847855,-3408826.059170,625891.513785
Iapetus,608,2460928.000000,2451826.389023,-2499766.905426,83254.960024
Iapetus,608,2460935.000000,3335563.095986,-807376.418648,-484680.735346
Iapetus,608,2460942.000000,3140127.553400,1143327.850585,-894833.140301
Iapetus,608,2460949.000000,1923703.341808,2724005.955654,-1014630.166405
Iapetus,608,2460956.000000,91286.647958,3438593.804507,-810821.225932
Iapetus,608,2460963.000000,-1772728.166268,3101288.745528,-358281.489571
Iapetus,608,2460970.000000,-3122530.729947,1854219.354831,200426.432148
Iapetus,608,2460977.000000,-3591928.503969,81540.134968,703398.186539
Iapetus,608,2460984.000000,-3068392.991921,-1713874.925746,1011693.121280
Iapetus,608,2460991.000000,-1693429.896637,-3033211.094833,1039403.701725
Iapetus,608,2460998.000000,160384.860363,-3486908.143964,771097.038162
Iapetus,608,2461005.000000,1962095.891062,-2908393.346048,275699.440599
Iapetus,608,2461012.000000,3152822.154109,-1430236.440711,-304282.622434
Iapetus,608,2461019.000000,3329459.544471,504084.521351,-785410.373522
Iapetus,608,2461026.000000,2423175.454445,2274355.991879,-1010974.909040
Iapetus,608,2461033.000000,734949.417867,3315539.144046,-911563.972321
Iapetus,608,2461040.000000,-1184935.256952,3327472.530699,-528248.887025
Iapetus,608,2461047.000000,-2757636.242596,2350380.360186,12789.125177
Iapetus,608,2461054.000000,-3545898.357459,699763.491743,551562.071168
Iapetus,608,2461061.000000,-3349240.105152,-1145777.340457,936977.634341
Iapetus,608,2461068.000000,-2227183.697425,-2674639.654981,1063625.244752
Iapetus,608,2461075.000000,-479307.563014,-3448126.320188,890442.465243
Iapetus,608,2461082.000000,1403440.567345,-3214426.894007,458166.249127
Iapetus,608,2461089.000000,2854567.018526,-2000985.762124,-112820.665394
Iapetus,608,2461096.000000,3395523.457655,-153873.001628,-647010.803477
Iapetus,608,2461103.000000,2833664.392339,1741460.002447,-970353.858706
Iapetus,608,2461110.000000,1352940.864077,3075327.242699,-980048.345005
Iapetus,608,2461117.000000,-557391.757566,3441839.960411,-680411.382607
Iapetus,608,2461124.000000,-2303674.601382,2770486.508768,-174989.547535
Iapetus,608,2461131.000000,-3388481.311003,1296282.559917,382425.148366
Iapetus,608,2461138.000000,-3525539.637652,-542104.988750,833219.273526
Iapetus,608,2461145.000000,-2689767.779330,-2230747.717134,1053905.490397
Iapetus,608,2461152.000000,-1103424.065006,-3295386.770147,980342.296568
Iapetus,608,2461159.000000,796418.713408,-3409061.703599,624601.769044
Iapetus,608,2461166.000000,2452764.807617,-2499228.517031,82516.100427
Iapetus,608,2461173.000000,3336017.561434,-806370.825319,-484713.151876
Iapetus,608,2461180.000000,3139551.086603,1144547.473167,-894149.320002
Iapetus,608,2461187.000000,1922511.965290,2724735.569890,-1013312.802335
Iapetus,608,2461194.000000,89390.974234,3438661.642561,-809332.511525
Iapetus,608,2461201.000000,-1774611.314793,3099879.425479,-356787.011076
Iapetus,608,2461208.000000,-3123669.399145,1851906.784222,201298.558029
Iapetus,608,2461215.000000,-3592080.758890,78515.173218,703606.906878
Iapetus,608,2461222.000000,-3067186.956338,-1716550.415012,1011015.358551
Iapetus,608,2461229.000000,-1691759.813656,-3035024.408196,1038176.058846
Iapetus,608,2461236.000000,162361.300994,-3487629.529921,769726.168219
Iapetus,608,2461243.000000,1963368.463375,-2907978.349036,274611.022198
Iapetus,608,2461250.000000,3153496.475695,-1429432.421592,-304588.875562
Iapetus,608,2461257.000000,3329291.985150,505355.417033,-785038.605247
Iapetus,608,2461264.000000,2422151.417779,2275225.171397,-1009798.888118
Iapetus,608,2461271.000000,733379.519157,3315927.112566,-910089.483736
Iapetus,608,2461278.000000,-1186956.709678,3326577.484131,-526645.503742
Iapetus,608,2461285.000000,-2758952.466715,2348301.133830,13972.302066
Iapetus,608,2461292.000000,-3546440.475699,696949.860580,552036.040028
Iapetus,608,2461299.000000,-3348359.058643,-1148768.661859,936647.765512
Iapetus,608,2461306.000000,-2225533.692001,-2676732.040879,1062479.735634
Iapetus,608,2461313.000000,-477312.323595,-3449321.389724,889057.241226
Iapetus,608,2461320.000000,1405124.817205,-3214279.798678,456808.727009
Iapetus,608,2461327.000000,2855402.841600,-2000284.566684,-113465.276017
Iapetus,608,2461334.000000,3395759.778267,-152697.419859,-646935.939450
Iapetus,608,2461341.000000,2832866.944268,1742540.275168,-969451.258878
Iapetus,608,2461348.000000,1351651.867994,3075883.449449,-978603.803501
Iapetus,608,2461355.000000,-559320.584544,3441488.603026,-678796.196318
Iapetus,608,2461362.000000,-2305234.562134,2768700.619872,-173515.155947
Iapetus,608,2461369.000000,-3389266.685227,1293724.017625,383181.305557
Iapetus,608,2461376.000000,-3525139.952202,-545220.852097,833244.667748
Iapetus,608,2461383.000000,-2688183.500357,-2233181.677476,1052971.970566
Iapetus,608,2461390.000000,-1101498.336823,-3296938.464089,978962.418160
Iapetus,608,2461397.000000,798441.654779,-3409338.746034,623098.058962
Iapetus,608,2461404.000000,2453873.011440,-2498589.874140,81490.564331
Iapetus,608,2461411.000000,3336556.204482,-805372.248763,-484928.964658
Iapetus,608,2461418.000000,3139109.917380,1145788.504353,-893588.664839
Iapetus,608,2461425.000000,1921401.672819,2725416.106245,-1011967.354802
Iapetus,608,2461432.000000,87731.484335,3438739.585461,-807741.495780
Iapetus,608,2461439.000000,-1776406.495644,3098531.771620,-355125.712076
Iapetus,608,2461446.000000,-3124628.424576,1849584.849864,202369.213779
Iapetus,608,2461453.000000,-3592149.410972,75517.530818,703940.603468
Iapetus,608,2461460.000000,-3065813.774399,-1719345.641122,1010416.083392
Ariel,701,2460739.000000,162724.274700,-22096.337255,97349.228144
Ariel,701,2460746.000000,-61971.311751,38036.352974,176594.160954
Ariel,701,2460753.000000,-184092.963811,35196.839192,-36561.267678
Ariel,701,2460760.000000,-1220.479270,-25949.629232,-189106.222386
Ariel,701,2460767.000000,183642.530778,-44018.337289,-27783.685211
Ariel,701,2460774.000000,63725.174508,10971.507356,179675.695436
Ariel,701,2460781.000000,-161805.207885,47796.381194,89488.365955
Ariel,701,2460788.000000,-119420.726336,5484.078313,-148843.244732
Ariel,701,2460795.000000,120950.247864,-45908.452743,-140325.080990
Ariel,701,2460802.000000,160559.032230,-21095.554583,101133.712740
Ariel,701,2460809.000000,-66168.010202,38730.017675,174970.976868
Ariel,701,2460816.000000,-183309.959921,34396.905295,-41080.724667
Ariel,701,2460823.000000,3303.269159,-26911.878484,-188898.155874
Ariel,701,2460830.000000,184326.130185,-43558.807325,-23402.028861
Ariel,701,2460837.000000,59647.766829,12055.381023,181045.040646
Ariel,701,2460844.000000,-164033.367167,47730.435447,85503.589729
Ariel,701,2460851.000000,-115877.397867,4317.421105,-151650.910585
Ariel,701,2460858.000000,124284.885264,-46206.776100,-137215.418572
Ariel,701,2460865.000000,158278.233073,-20080.068909,104842.459759
Ariel,701,2460872.000000,-70210.256976,39375.184731,173240.247646
Ariel,701,2460879.000000,-182437.868458,33607.741090,-45381.456543
Ariel,701,2460886.000000,7705.268577,-27844.093006,-188665.896832
Ariel,701,2460893.000000,185003.539937,-43072.249313,-18834.347949
Ariel,701,2460900.000000,55321.243163,13178.296756,182302.988986
Ariel,701,2460907.000000,-166037.102475,47608.534220,81468.564886
Ariel,701,2460914.000000,-112456.941080,3209.341485,-154229.289436
Ariel,701,2460921.000000,127602.996976,-46503.615727,-134121.306091
Ariel,701,2460928.000000,155838.145947,-19012.890179,108673.223637
Ariel,701,2460935.000000,-74354.485079,40015.306364,171312.587876
Ariel,701,2460942.000000,-181425.331894,32787.585643,-49684.920084
Ariel,701,2460949.000000,12069.588170,-28749.825012,-188301.138605
Ariel,701,2460956.000000,185522.197342,-42572.683652,-14423.858488
Ariel,701,2460963.000000,51144.857882,14256.047927,183472.147110
Ariel,701,2460970.000000,-168074.774903,47484.753487,77366.468067
Ariel,701,2460977.000000,-108777.420260,2038.038847,-156855.465560
Ariel,701,2460984.000000,130778.968417,-46744.632381,-130848.312256
Ariel,701,2460991.000000,153404.595216,-17986.419832,112220.527536
Ariel,701,2460998.000000,-78359.304857,40630.426951,169424.579974
Ariel,701,2461005.000000,-180344.931182,31936.327953,-54105.603806
Ariel,701,2461012.000000,16617.861230,-29673.020485,-187773.053155
Ariel,701,2461019.000000,185893.694800,-42029.991078,-9933.654047
Ariel,701,2461026.000000,46918.019955,15325.439858,184501.236952
Ariel,701,2461033.000000,-169923.212735,47325.045396,73303.266854
Ariel,701,2461040.000000,-105182.479521,910.142892,-159301.766200
Ariel,701,2461047.000000,133956.292629,-46986.361330,-127578.770542
Ariel,701,2461054.000000,150770.773382,-16892.465192,115939.632041
Ariel,701,2461061.000000,-82417.145709,41222.968669,167289.772269
Ariel,701,2461068.000000,-179124.401591,31082.496914,-58324.411346
Ariel,701,2461075.000000,20952.107783,-30547.925130,-187233.803991
Ariel,701,2461082.000000,186274.916593,-41479.720667,-5373.552308
Ariel,701,2461089.000000,42492.240865,16431.310295,185480.618928
Ariel,701,2461096.000000,-171687.198220,47124.733270,69079.951051
Ariel,701,2461103.000000,-101532.859442,-213.704479,-161632.999803
Ariel,701,2461110.000000,136973.390611,-47187.379804,-124267.156388
Ariel,701,2461117.000000,148172.604861,-15841.597088,119403.433977
Ariel,701,2461124.000000,-86357.950286,41795.145991,165192.882992
Ariel,701,2461131.000000,-177836.323277,30195.534070,-62676.326810
Ariel,701,2461138.000000,25475.673432,-31435.903477,-186490.140018
Ariel,701,2461145.000000,186420.361947,-40890.726230,-905.279701
Ariel,701,2461152.000000,38279.256499,17469.518107,186306.955479
Ariel,701,2461159.000000,-173420.874471,46924.432762,64904.627743
Ariel,701,2461166.000000,-97672.184052,-1389.543662,-164006.767525
Ariel,701,2461173.000000,139971.216610,-47354.494547,-120741.643540
Ariel,701,2461180.000000,145432.585600,-14766.639128,122818.094620
Ariel,701,2461187.000000,-90200.327538,42330.345302,162983.569429
Ariel,701,2461194.000000,-176459.430522,29314.049856,-66848.016920
Ariel,701,2461201.000000,29819.908607,-32281.494063,-185723.598868
Ariel,701,2461208.000000,186578.718401,-40291.670732,3655.752681
Ariel,701,2461215.000000,33805.465868,18555.489475,187066.939974
Ariel,701,2461222.000000,-174968.732411,46668.014785,60617.241707
Ariel,701,2461229.000000,-93946.118267,-2500.682181,-166126.172072
Ariel,701,2461236.000000,142868.415039,-47514.752918,-117325.383480
Ariel,701,2461243.000000,142590.296963,-13659.615105,126302.696617
Ariel,701,2461250.000000,-94135.293184,42857.200498,160569.248538
Ariel,701,2461257.000000,-174916.652026,28398.234951,-71006.771729
Ariel,701,2461264.000000,34127.091611,-33100.378562,-184822.695505
Ariel,701,2461271.000000,186568.580202,-39673.002070,8092.837537
Ariel,701,2461278.000000,29503.003104,19586.162954,187698.025854
Ariel,701,2461285.000000,-176501.469869,46409.293673,56337.355623
Ariel,701,2461292.000000,-89974.239110,-3673.482414,-168303.616591
Ariel,701,2461299.000000,145706.877255,-47625.908242,-113647.219890
Ariel,701,2461306.000000,139697.741734,-12575.861588,129540.898403
Ariel,701,2461313.000000,-97877.288556,43350.732271,158218.144106
Ariel,701,2461320.000000,-173351.559973,27468.449833,-75231.049301
Ariel,701,2461327.000000,38634.868586,-33942.983367,-183777.457117
Ariel,701,2461334.000000,186414.503847,-39009.065742,12630.365542
Ariel,701,2461341.000000,25164.915857,20607.864751,188208.528397
Ariel,701,2461348.000000,-177875.215686,46121.967854,52100.789339
Ariel,701,2461355.000000,-86110.355210,-4796.536055,-170291.778791
Ariel,701,2461362.000000,148451.056198,-47730.660060,-110071.526103
Ariel,701,2461369.000000,136686.941895,-11451.505960,132885.873107
Ariel,701,2461376.000000,-101695.749007,43827.458634,155625.078544
Ariel,701,2461383.000000,-171612.779520,26523.873303,-79288.651412
Ariel,701,2461390.000000,42849.837317,-34716.860701,-182697.515930
Ariel,701,2461397.000000,186261.349774,-38353.131556,17111.287696
Ariel,701,2461404.000000,20658.249706,21658.115101,188659.245415
Ariel,701,2461411.000000,-179147.402444,45784.957682,47666.426649
Ariel,701,2461418.000000,-82171.357806,-5917.075059,-172144.138183
Ariel,701,2461425.000000,151062.465023,-47796.800504,-106425.983431
Ariel,701,2461432.000000,133683.407741,-10360.945909,135998.017797
Ariel,701,2461439.000000,-105358.337877,44275.075348,153068.029008
Ariel,701,2461446.000000,-169840.617388,25562.728334,-83412.972288
Ariel,701,2461453.000000,47299.048165,-35517.176456,-181439.661175
Ariel,701,2461460.000000,185883.431940,-37645.312778,21612.469691
Umbriel,702,2460739.000000,-43398.656040,45112.008446,257485.681123
Umbriel,702,2460746.000000,-220376.623714,27650.352537,-146600.363906
Umbriel,702,2460753.000000,209330.200066,-66573.961581,-151740.938843
Umbriel,702,2460760.000000,66443.526673,20981.347370,255839.606010
Umbriel,702,2460767.000000,-257156.460700,49927.079732,-43561.133865
Umbriel,702,2460774.000000,127999.593473,-59278.157907,-226837.237419
Umbriel,702,2460781.000000,164196.374982,-6813.815139,208747.681510
Umbriel,702,2460788.000000,-248390.216908,63427.709604,67669.501021
Umbriel,702,2460795.000000,23902.227911,-41558.689820,-262445.756987
Umbriel,702,2460802.000000,232575.030797,-33308.948948,124897.666273
Umbriel,702,2460809.000000,-195768.073101,65647.668077,166354.915458
Umbriel,702,2460816.000000,-84430.203231,-16591.102900,-252381.368040
Umbriel,702,2460823.000000,260086.200399,-54038.573765,18472.712162
Umbriel,702,2460830.000000,-108110.684016,56121.968293,235283.271278
Umbriel,702,2460837.000000,-177647.799776,11189.180599,-198273.466170
Umbriel,702,2460844.000000,242133.155381,-65318.011254,-91145.985444
Umbriel,702,2460851.000000,-829.650594,36539.953795,262442.570269
Umbriel,702,2460858.000000,-239482.225759,36986.338450,-109185.457929
Umbriel,702,2460865.000000,181888.967968,-65118.450320,-184329.271452
Umbriel,702,2460872.000000,106479.835618,10488.350883,242944.273272
Umbriel,702,2460879.000000,-259360.767975,56391.377428,-341.515801
Umbriel,702,2460886.000000,89607.653305,-53530.402399,-245625.513606
Umbriel,702,2460893.000000,194466.646776,-17331.313313,180336.781262
Umbriel,702,2460900.000000,-233223.816225,65709.017664,107963.365307
Umbriel,702,2460907.000000,-18529.997686,-32570.196976,-264176.578503
Umbriel,702,2460914.000000,248397.466127,-42217.968693,85412.070403
Umbriel,702,2460921.000000,-165593.448687,63319.871911,196933.133468
Umbriel,702,2460928.000000,-122747.075298,-6082.927939,-236675.770417
Umbriel,702,2460935.000000,258718.258654,-59676.448339,-24385.955777
Umbriel,702,2460942.000000,-67958.242337,49586.630326,251147.545280
Umbriel,702,2460949.000000,-205697.936068,21573.142669,-167341.309413
Umbriel,702,2460956.000000,223607.469127,-66629.447684,-129707.390471
Umbriel,702,2460963.000000,41533.365930,27073.778008,260613.506437
Umbriel,702,2460970.000000,-252643.800745,45501.616962,-68368.704495
Umbriel,702,2460977.000000,149176.800709,-61893.783689,-212412.897155
Umbriel,702,2460984.000000,143208.028929,-183.719352,223560.196100
Umbriel,702,2460991.000000,-254838.552979,61298.107814,42188.079970
Umbriel,702,2460998.000000,48689.840211,-46399.285038,-258386.173641
Umbriel,702,2461005.000000,219960.327677,-27542.319478,146641.308806
Umbriel,702,2461012.000000,-211673.624411,66171.098355,145136.313988
Umbriel,702,2461019.000000,-59820.777886,-22883.018798,-259066.652956
Umbriel,702,2461026.000000,257917.341905,-50052.112916,43797.734664
Umbriel,702,2461033.000000,-130413.728402,59247.352098,222766.905685
Umbriel,702,2461040.000000,-158119.218545,4713.145324,-214266.976872
Umbriel,702,2461047.000000,250445.181567,-63669.319516,-66201.721193
Umbriel,702,2461054.000000,-26323.149171,41826.143993,260487.895845
Umbriel,702,2461061.000000,-228876.446089,31550.088359,-131702.611663
Umbriel,702,2461068.000000,198870.588809,-66150.901586,-165088.989325
Umbriel,702,2461075.000000,82249.154541,16979.554253,251661.428314
Umbriel,702,2461082.000000,-259117.667502,52713.259585,-26468.283629
Umbriel,702,2461089.000000,112693.817247,-57122.979264,-235246.334434
Umbriel,702,2461096.000000,176589.786242,-10995.572865,197914.003699
Umbriel,702,2461103.000000,-243281.825946,64503.104343,83468.063604
Umbriel,702,2461110.000000,7177.489141,-38171.981434,-264162.267827
Umbriel,702,2461117.000000,239842.734062,-37048.495319,109228.973427
Umbriel,702,2461124.000000,-184057.890108,64880.499595,179171.364315
Umbriel,702,2461131.000000,-99815.974641,-12491.158876,-246833.429635
Umbriel,702,2461138.000000,260455.318178,-56454.917182,1562.027947
Umbriel,702,2461145.000000,-92276.116621,53704.867637,242624.091931
Umbriel,702,2461152.000000,-189664.105415,15458.849820,-186216.290122
Umbriel,702,2461159.000000,235323.758543,-65986.314652,-106664.113802
Umbriel,702,2461166.000000,15564.781530,33008.357441,262588.785917
Umbriel,702,2461173.000000,-245728.320901,40519.612947,-93409.354531
Umbriel,702,2461180.000000,169103.556744,-64019.097954,-196424.020753
Umbriel,702,2461187.000000,121399.479430,6260.701443,235742.760214
Umbriel,702,2461194.000000,-258377.109452,58466.885257,16223.561426
Umbriel,702,2461201.000000,73613.403872,-50901.331477,-251678.226388
Umbriel,702,2461208.000000,205566.106432,-21556.584429,167165.819890
Umbriel,702,2461215.000000,-225080.384102,66070.059651,123346.003773
Umbriel,702,2461222.000000,-34986.234874,-28818.030784,-262823.532257
Umbriel,702,2461229.000000,253025.495831,-45444.964356,69316.508330
Umbriel,702,2461236.000000,-152093.673974,61944.848112,208150.127970
Umbriel,702,2461243.000000,-137638.907334,-1689.016557,-228230.190273
Umbriel,702,2461250.000000,256003.147602,-61397.915352,-41101.201389
Umbriel,702,2461257.000000,-52047.467223,46752.485049,255580.997565
Umbriel,702,2461264.000000,-215805.043156,25633.241850,-153809.413328
Umbriel,702,2461271.000000,214190.466565,-66648.587599,-144609.044718
Umbriel,702,2461278.000000,57884.737957,23118.492143,257627.891717
Umbriel,702,2461285.000000,-255915.280335,48443.771093,-52206.723231
Umbriel,702,2461292.000000,135226.988997,-60237.404220,-222293.940356
Umbriel,702,2461299.000000,157361.684347,-4586.023021,213897.804642
Umbriel,702,2461306.000000,-250833.537899,62775.283753,59154.227624
Umbriel,702,2461313.000000,32316.926139,-43261.656069,-261348.113719
Umbriel,702,2461320.000000,228531.476623,-31359.327895,132461.003469
Umbriel,702,2461327.000000,-201431.610727,65924.420791,159404.665025
Umbriel,702,2461334.000000,-76352.888802,-18719.794712,-254861.305241
Umbriel,702,2461341.000000,259483.343752,-52689.370962,27170.791865
Umbriel,702,2461348.000000,-116116.171352,57306.798342,231133.369441
Umbriel,702,2461355.000000,-171311.727722,8990.035422,-204003.802292
Umbriel,702,2461362.000000,245092.743363,-64826.148287,-82958.551776
Umbriel,702,2461369.000000,-9544.733292,38390.620306,261931.163572
Umbriel,702,2461376.000000,-236156.386573,35154.680391,-117034.904880
Umbriel,702,2461383.000000,187723.380777,-65553.068782,-178231.234758
Umbriel,702,2461390.000000,98535.487891,12679.318762,246081.106134
Umbriel,702,2461397.000000,-259556.889735,55201.071328,-9161.715201
Umbriel,702,2461404.000000,97473.952525,-54806.063361,-242335.812101
Umbriel,702,2461411.000000,188498.070764,-15140.252637,186593.950318
Umbriel,702,2461418.000000,-237012.903213,65400.248163,99778.464466
Umbriel,702,2461425.000000,-10067.499025,-34475.308531,-264447.514290
Umbriel,702,2461432.000000,245618.045593,-40464.729204,93568.751552
Umbriel,702,2461439.000000,-172254.881771,63956.150735,190976.604588
Umbriel,702,2461446.000000,-115338.938196,-8237.624891,-240392.251714
Umbriel,702,2461453.000000,259458.132082,-58660.898044,-15953.104065
Umbriel,702,2461460.000000,-76293.950565,51044.040937,248420.946769
Titania,703,2460739.000000,-233112.773776,-281.079967,-367933.469327
Titania,703,2460746.000000,259717.161050,-103503.746953,-333794.726239
Titania,703,2460753.000000,405272.348574,-68213.209236,147502.870497
Titania,703,2460760.000000,11249.944734,58015.944360,433276.494109
Titania,703,2460767.000000,-398321.343042,107385.344952,144041.345174
Titania,703,2460774.000000,-277505.732537,13949.903743,-335672.459531
Titania,703,2460781.000000,213781.697521,-97955.092302,-366161.973764
Titania,703,2460788.000000,418472.223344,-78542.464734,94216.567975
Titania,703,2460795.000000,63868.424687,45977.633875,429639.031338
Titania,703,2460802.000000,-376004.105206,109482.137876,194100.092600
Titania,703,2460809.000000,-316514.984062,27637.160035,-298854.612521
Titania,703,2460816.000000,165334.508529,-91057.969425,-392818.248056
Titania,703,2460823.000000,425311.933863,-87761.326313,38900.922212
Titania,703,2460830.000000,117391.859770,32785.362504,419157.845139
Titania,703,2460837.000000,-346962.465406,109728.641967,241467.765508
Titania,703,2460844.000000,-349210.815802,40534.081090,-257777.797205
Titania,703,2460851.000000,114545.659569,-82662.420714,-412404.933722
Titania,703,2460858.000000,425388.181266,-95447.192113,-16052.594853
Titania,703,2460865.000000,168901.574540,19185.567560,402586.442372
Titania,703,2460872.000000,-311983.165737,108229.506661,285651.816156
Titania,703,2460879.000000,-377496.794171,53258.957242,-211016.358862
Titania,703,2460886.000000,61276.210362,-72755.333503,-425055.176965
Titania,703,2460893.000000,418356.676731,-101354.566548,-69425.875981
Titania,703,2460900.000000,217137.001594,5382.544314,379421.488550
Titania,703,2460907.000000,-272558.628702,105090.956884,325067.629349
Titania,703,2460914.000000,-400235.928100,65240.962931,-160856.234203
Titania,703,2460921.000000,6103.489680,-61473.529562,-430849.970374
Titania,703,2460928.000000,404103.183405,-105764.506543,-123406.731822
Titania,703,2460935.000000,261564.536367,-8498.537864,349709.676646
Titania,703,2460942.000000,-230146.214352,100358.833740,357756.085859
Titania,703,2460949.000000,-415996.900984,75919.583184,-109088.731320
Titania,703,2460956.000000,-48470.096695,-49418.588437,-430156.832955
Titania,703,2460963.000000,383734.142588,-108619.412099,-175852.686047
Titania,703,2460970.000000,302370.530519,-22465.096724,313703.892182
Titania,703,2460977.000000,-182368.347254,93761.321663,385502.793149
Titania,703,2460984.000000,-424431.873533,85247.451014,-55491.241132
Titania,703,2460991.000000,-100294.200313,-36990.487987,-422473.848308
Titania,703,2460998.000000,357509.270086,-109667.733025,-224541.838653
Titania,703,2461005.000000,338574.505895,-36034.697704,273308.395270
Titania,703,2461012.000000,-131228.439379,85679.773452,407890.549291
Titania,703,2461019.000000,-425954.028556,93340.525974,117.764070
Titania,703,2461026.000000,-152310.085716,-23468.212780,-407248.117250
Titania,703,2461033.000000,325036.666942,-108789.996225,-269234.917637
Titania,703,2461040.000000,368104.103347,-48567.961801,229861.673909
Titania,703,2461047.000000,-78805.536299,76350.661165,423354.532999
Titania,703,2461054.000000,-421182.415554,100040.260002,55622.561913
Titania,703,2461061.000000,-202700.280571,-9394.304920,-385512.303444
Titania,703,2461068.000000,286581.309506,-106051.036209,-309998.580900
Titania,703,2461075.000000,392198.616818,-60639.249328,181185.944251
Titania,703,2461082.000000,-25362.235529,65775.575847,431483.386105
Titania,703,2461089.000000,-409992.683823,104947.325601,108361.964245
Titania,703,2461096.000000,-249093.811177,4616.733844,-357955.042921
Titania,703,2461103.000000,243763.051057,-101722.581210,-346209.337676
Titania,703,2461110.000000,410392.973639,-71904.671455,129019.989481
Titania,703,2461117.000000,28778.439583,54018.889013,432249.267718
Titania,703,2461124.000000,-391502.562926,108133.718949,160233.482364
Titania,703,2461131.000000,-290607.409532,18346.877665,-324745.055810
Titania,703,2461138.000000,198733.014063,-95999.501652,-375909.454410
Titania,703,2461145.000000,422079.289196,-81954.897705,75343.294381
Titania,703,2461152.000000,83305.661616,41295.714052,426682.514859
Titania,703,2461159.000000,-366224.470376,109643.905385,210750.353425
Titania,703,2461166.000000,-327407.978565,31894.542415,-285436.680946
Titania,703,2461173.000000,149220.480487,-88448.150863,-399534.992445
Titania,703,2461180.000000,426462.307479,-90477.056823,21155.559937
Titania,703,2461187.000000,134867.658588,28361.188608,414953.631957
Titania,703,2461194.000000,-335585.788362,109483.299677,257712.643709
Titania,703,2461201.000000,-360052.816660,45212.825967,-241247.143352
Titania,703,2461208.000000,96159.185295,-79274.869514,-417111.881633
Titania,703,2461215.000000,423308.984428,-97421.902619,-33577.912930
Titania,703,2461222.000000,184631.855774,14769.696004,395681.736901
Titania,703,2461229.000000,-299918.824617,107482.098638,299372.646306
Titania,703,2461236.000000,-386250.434285,57413.058922,-194942.487966
Titania,703,2461243.000000,42054.081003,-68967.253798,-428197.286712
Titania,703,2461250.000000,413870.952144,-103073.363481,-88896.951070
Titania,703,2461257.000000,232411.882484,655.276777,369549.966626
Titania,703,2461264.000000,-259088.281642,103612.159694,335759.554364
Titania,703,2461271.000000,-405843.724612,68709.627117,-144743.359492
Titania,703,2461278.000000,-11737.176901,-57699.870180,-431910.667062
Titania,703,2461285.000000,398535.090654,-107036.580772,-141392.910905
Titania,703,2461292.000000,276534.531338,-13438.618417,337818.683651
Titania,703,2461299.000000,-213381.680839,98101.302392,368028.471813
Titania,703,2461306.000000,-419042.447186,79076.855196,-91161.770498
Titania,703,2461313.000000,-65025.437547,-45488.956706,-428068.241026
Titania,703,2461320.000000,376098.989252,-109152.694937,-191786.145029
Titania,703,2461327.000000,315513.633124,-27105.847148,301072.865918
Titania,703,2461334.000000,-165267.940035,91237.916991,394395.056923
Titania,703,2461341.000000,-425816.702933,88296.281383,-35718.014140
Titania,703,2461348.000000,-118958.423390,-32188.184336,-417426.004926
Titania,703,2461355.000000,346834.326162,-109423.231717,-239681.430074
Titania,703,2461362.000000,348367.203841,-40073.793481,259707.527930
Titania,703,2461369.000000,-114634.136162,82851.096926,413785.615742
Titania,703,2461376.000000,-425708.775560,95904.391505,18981.779364
Titania,703,2461383.000000,-170186.015649,-18668.957305,-400966.681150
Titania,703,2461390.000000,311991.160217,-107999.215628,-284189.575918
Titania,703,2461397.000000,376839.331006,-52837.163792,212938.433202
Titania,703,2461404.000000,-61323.058427,72915.141599,426281.139338
Titania,703,2461411.000000,-418179.971926,101677.206448,72189.131078
Titania,703,2461418.000000,-217961.620501,-4954.080303,-377682.574379
Titania,703,2461425.000000,272988.746922,-104912.363785,-323311.425311
Titania,703,2461432.000000,399636.587410,-64710.092406,163625.594544
Titania,703,2461439.000000,-6294.473931,61713.210282,432400.137936
Titania,703,2461446.000000,-403794.958772,106090.377307,126407.703984
Titania,703,2461453.000000,-262735.712939,9072.453941,-347446.451589
Titania,703,2461460.000000,230015.999620,-100064.753542,-356045.552706
Oberon,704,2460739.000000,-383696.997121,21001.524754,-440336.254101
Oberon,704,2460746.000000,430259.290030,-38208.689937,390624.093330
Oberon,704,2460753.000000,-476136.460506,56181.204174,-334478.567426
Oberon,704,2460760.000000,509400.309517,-72184.622446,272856.078867
Oberon,704,2460767.000000,-539076.365055,87951.562275,-207408.394912
Oberon,704,2460774.000000,557079.770712,-101792.006158,137614.260372
Oberon,704,2460781.000000,-568779.507369,114297.066154,-67555.602785
Oberon,704,2460788.000000,569437.946294,-124820.612578,-5483.880621
Oberon,704,2460795.000000,-562992.802919,133689.331282,77765.481136
Oberon,704,2460802.000000,546241.690393,-140042.958389,-148149.131111
Oberon,704,2460809.000000,-522380.358038,144655.342070,217179.194483
Oberon,704,2460816.000000,488519.754567,-146462.917634,-281788.045557
Oberon,704,2460823.000000,-449194.520664,146703.640939,343759.490981
Oberon,704,2460830.000000,400403.711341,-143768.498102,-397892.517547
Oberon,704,2460837.000000,-348462.275908,139579.970775,448036.379074
Oberon,704,2460844.000000,286155.543093,-131938.010630,-489761.593383
Oberon,704,2460851.000000,-226285.188123,123824.916477,524444.516351
Oberon,704,2460858.000000,154923.224717,-111966.330261,-550387.786858
Oberon,704,2460865.000000,-89782.261818,100300.697078,568150.140916
Oberon,704,2460872.000000,13403.038895,-84914.969009,-576964.631965
Oberon,704,2460879.000000,52287.105619,70570.155538,576719.817581
Oberon,704,2460886.000000,-127974.815231,-52731.947810,-567219.031682
Oberon,704,2460893.000000,192215.178958,36148.552604,548994.571478
Oberon,704,2460900.000000,-261271.675825,-17310.802236,-522295.982300
Oberon,704,2460907.000000,319255.687436,-289.104136,487336.571029
Oberon,704,2460914.000000,-378316.960546,19216.903674,-444691.455668
Oberon,704,2460921.000000,427109.661216,-36926.354813,394871.706811
Oberon,704,2460928.000000,-472094.403410,54596.809721,-339490.200947
Oberon,704,2460935.000000,507344.107428,-70975.238393,278277.577228
Oberon,704,2460942.000000,-536902.838283,86824.309386,-212066.843700
Oberon,704,2460949.000000,555930.768127,-100583.548459,144417.636980
Oberon,704,2460956.000000,-568112.356514,113483.369605,-72322.164576
Oberon,704,2460963.000000,569511.365760,-123855.502843,1493.516702
Oberon,704,2460970.000000,-564197.879094,133262.957443,72846.481506
Oberon,704,2460977.000000,547568.609589,-139422.549801,-141678.357835
Oberon,704,2460984.000000,-525085.596874,144561.604971,212302.904086
Oberon,704,2460991.000000,490723.136081,-146258.067855,-276904.715234
Oberon,704,2460998.000000,-453634.096441,146933.891298,338514.335394
Oberon,704,2461005.000000,403651.045595,-143943.574946,-394092.876041
Oberon,704,2461012.000000,-353946.926074,140138.791558,443509.337574
Oberon,704,2461019.000000,290675.755716,-132582.653565,-487330.546149
Oberon,704,2461026.000000,-232270.139286,124663.589357,521139.803372
Oberon,704,2461033.000000,160356.442506,-112985.391542,-549205.723180
Oberon,704,2461040.000000,-95177.966505,101248.890088,566526.737578
Oberon,704,2461047.000000,20165.248473,-86395.137664,-576999.114628
Oberon,704,2461054.000000,47153.876383,71684.468912,576685.594098
Oberon,704,2461061.000000,-121100.532757,-54426.164961,-568608.344613
Oberon,704,2461068.000000,187607.146340,37405.329538,550794.070412
Oberon,704,2461075.000000,-255011.842296,-19035.851992,-524867.922644
Oberon,704,2461082.000000,315148.188505,1068.788331,490631.890944
Oberon,704,2461089.000000,-373752.110138,17789.628448,-447772.523742
Oberon,704,2461096.000000,423162.459155,-35343.769286,399998.597637
Oberon,704,2461103.000000,-468910.266891,53364.193736,-343330.473453
Oberon,704,2461110.000000,504339.282177,-69454.938934,284427.391967
Oberon,704,2461117.000000,-535477.302334,85883.878935,-216561.731319
Oberon,704,2461124.000000,554066.300176,-99249.867032,151011.506300
Oberon,704,2461131.000000,-568090.346253,112764.749221,-77415.348234
Oberon,704,2461138.000000,569028.447614,-122944.890614,7232.091161
Oberon,704,2461145.000000,-565671.871042,132697.304626,66535.273452
Oberon,704,2461152.000000,548526.308603,-138895.083662,-136428.497472
Oberon,704,2461159.000000,-528029.190030,144303.977461,205906.109154
Oberon,704,2461166.000000,493280.310145,-146215.289483,-272623.895066
Oberon,704,2461173.000000,-457667.646607,146977.722660,332582.472662
Oberon,704,2461180.000000,407554.343508,-144296.359681,-390539.764096
Oberon,704,2461187.000000,-358266.022885,140462.144291,439107.962794
Oberon,704,2461194.000000,296397.544619,-133404.304378,-484291.861466
Oberon,704,2461201.000000,-237056.520138,125302.976616,518259.204882
Oberon,704,2461208.000000,167053.114786,-114183.725006,-547337.919006
Oberon,704,2461215.000000,-99937.915792,102158.081250,565610.335165
Oberon,704,2461222.000000,27178.799954,-87822.244737,-576281.304508
Oberon,704,2461229.000000,42253.749505,72834.485866,577266.523953
Oberon,704,2461236.000000,-115087.516221,-55798.131573,-569046.333543
Oberon,704,2461243.000000,182085.033893,38945.316612,553174.822931
Oberon,704,2461250.000000,-249932.797702,-20388.409557,-526617.456852
Oberon,704,2461257.000000,309903.526121,2759.414675,494515.240911
Oberon,704,2461264.000000,-370245.282558,16616.801033,-450685.546454
Oberon,704,2461271.000000,418378.404567,-33598.445868,404989.638963
Oberon,704,2461278.000000,-466414.725555,52260.447017,-347322.865898
Oberon,704,2461285.000000,500906.552374,-67986.094370,289560.239007
Oberon,704,2461292.000000,-533954.407712,84742.005500,-222326.164994
Oberon,704,2461299.000000,552194.171574,-98089.952896,156370.329461
Oberon,704,2461306.000000,-567887.012764,111787.893271,-84048.095273
Oberon,704,2461313.000000,568979.793382,-122243.040103,12159.716099
Oberon,704,2461320.000000,-566622.927151,131892.755894,59350.631687
Oberon,704,2461327.000000,549999.959601,-138539.795998,-131604.517155
Oberon,704,2461334.000000,-529967.330518,143833.487001,199550.287902
Oberon,704,2461341.000000,496697.991821,-146253.272794,-267581.151858
Oberon,704,2461348.000000,-460720.169203,146910.720627,327364.198939
Oberon,704,2461355.000000,412439.499031,-144730.649061,-386043.561711
Oberon,704,2461362.000000,-361905.373398,140783.575485,435741.475958
Oberon,704,2461369.000000,302456.402864,-134168.941843,-480341.334257
Oberon,704,2461376.000000,-241434.465954,125971.310844,516215.577911
Oberon,704,2461383.000000,173073.929869,-115122.553063,-544679.538011
Oberon,704,2461390.000000,-105513.004561,103289.491117,564998.651414
Oberon,704,2461397.000000,32990.747450,-88933.971304,-575176.463766
Oberon,704,2461404.000000,36189.200456,74279.876434,578130.121598
Oberon,704,2461411.000000,-110406.795683,-56893.232811,-569575.891121
Oberon,704,2461418.000000,175491.576184,40684.669983,555314.093284
Oberon,704,2461425.000000,-245770.732391,-21569.264339,-528564.474879
Oberon,704,2461432.000000,304099.580372,4454.982596,497578.018166
Oberon,704,2461439.000000,-366415.307365,15238.614565,-454550.292369
Oberon,704,2461446.000000,413784.860486,-32037.229401,408978.667364
Oberon,704,2461453.000000,-463375.552953,50852.382764,-352624.257158
Oberon,704,2461460.000000,498217.590826,-66804.647588,293800.042918
Miranda,705,2460739.000000,109398.945211,-18498.453024,67618.823216
Miranda,705,2460746.000000,86571.359225,-6546.068727,96571.456600
Miranda,705,2460753.000000,56148.601215,5945.327567,116881.102793
Miranda,705,2460760.000000,20639.342057,17956.057995,126863.145546
Miranda,705,2460767.000000,-16670.732808,28361.220607,125462.528440
Miranda,705,2460774.000000,-52439.909395,36263.102515,112939.125113
Miranda,705,2460781.000000,-83619.026747,40976.193465,90266.638202
Miranda,705,2460788.000000,-107241.749483,42044.638892,59519.690487
Miranda,705,2460795.000000,-121296.966736,39418.174181,23539.135343
Miranda,705,2460802.000000,-124525.332259,33287.715338,-14673.811068
Miranda,705,2460809.000000,-116610.144751,24229.677616,-51472.185591
Miranda,705,2460816.000000,-98351.563694,13039.591089,-83738.124544
Miranda,705,2460823.000000,-71247.197293,669.612990,-108589.306634
Miranda,705,2460830.000000,-37882.528755,-11724.094986,-123698.746866
Miranda,705,2460837.000000,-1165.326827,-23099.266835,-127904.370531
Miranda,705,2460844.000000,35733.565288,-32458.231552,-120701.159170
Miranda,705,2460851.000000,69340.480966,-38943.170616,-102843.121113
Miranda,705,2460858.000000,96892.487132,-42038.485390,-75857.045476
Miranda,705,2460865.000000,115827.244942,-41429.422772,-42072.687307
Miranda,705,2460872.000000,124444.778826,-37195.131714,-4677.795137
Miranda,705,2460879.000000,122080.535104,-29698.532733,33223.036466
Miranda,705,2460886.000000,108811.411919,-19578.684273,68160.964479
Miranda,705,2460893.000000,85955.424912,-7770.800672,97003.348067
Miranda,705,2460900.000000,55371.635131,4757.000052,117304.840142
Miranda,705,2460907.000000,19856.132395,16851.664117,127088.190727
Miranda,705,2460914.000000,-17326.733669,27434.267692,125577.394637
Miranda,705,2460921.000000,-53083.333489,35625.602056,112842.723040
Miranda,705,2460928.000000,-83997.393715,40637.790101,90017.088365
Miranda,705,2460935.000000,-107434.306918,42078.691416,59213.977994
Miranda,705,2460942.000000,-121300.785387,39790.348627,23010.978086
Miranda,705,2460949.000000,-124268.267787,33980.984857,-15181.110540
Miranda,705,2460956.000000,-116222.584157,25200.061884,-52003.930252
Miranda,705,2460963.000000,-97748.901769,14165.044455,-84283.216660
Miranda,705,2460970.000000,-70640.717057,1922.624583,-108969.926328
Miranda,705,2460977.000000,-37240.690173,-10503.632019,-124062.711756
Miranda,705,2460984.000000,-459.836648,-22018.095680,-128107.291278
Miranda,705,2460991.000000,36233.742670,-31560.209883,-120784.813133
Miranda,705,2460998.000000,69784.437480,-38361.393083,-102803.293458
Miranda,705,2461005.000000,97142.823682,-41782.606681,-75632.510784
Miranda,705,2461012.000000,115837.959360,-41543.660252,-41871.960193
Miranda,705,2461019.000000,124329.765272,-37665.040549,-4301.783603
Miranda,705,2461026.000000,121721.499674,-30463.084684,33666.715665
Miranda,705,2461033.000000,108349.878183,-20619.596001,68548.833754
Miranda,705,2461040.000000,85314.336930,-8939.074151,97456.633192
Miranda,705,2461047.000000,54670.802372,3513.723987,117616.394182
Miranda,705,2461054.000000,19232.085843,15634.647217,127337.196302
Miranda,705,2461061.000000,-18034.895168,26402.468893,125703.038864
Miranda,705,2461068.000000,-53616.771502,34806.114403,112803.995989
Miranda,705,2461075.000000,-84377.269658,40135.746804,89920.925079
Miranda,705,2461082.000000,-107678.967484,41922.597039,58903.306904
Miranda,705,2461089.000000,-121275.679014,39992.154960,22697.509850
Miranda,705,2461096.000000,-124119.535847,34554.153217,-15542.617140
Miranda,705,2461103.000000,-115845.243980,26044.783642,-52491.743926
Miranda,705,2461110.000000,-97259.928815,15265.733351,-84660.724911
Miranda,705,2461117.000000,-70076.753942,3156.793185,-109365.062015
Miranda,705,2461124.000000,-36576.314393,-9249.478323,-124362.411158
Miranda,705,2461131.000000,49.920400,-20796.738249,-128310.426773
Miranda,705,2461138.000000,36757.202195,-30545.049775,-120932.334642
Miranda,705,2461145.000000,70215.414465,-37600.879176,-102769.162081
Miranda,705,2461152.000000,97352.594302,-41340.389646,-75582.884347
Miranda,705,2461159.000000,115953.801653,-41474.756061,-41651.478836
Miranda,705,2461166.000000,124202.479997,-37948.547820,-3999.536039
Miranda,705,2461173.000000,121465.940461,-31121.268641,33915.666136
Miranda,705,2461180.000000,107918.103986,-21539.024144,68946.195664
Miranda,705,2461187.000000,84726.015939,-10066.320774,97791.402184
Miranda,705,2461194.000000,54084.510408,2251.190471,117909.590206
Miranda,705,2461201.000000,18516.055891,14400.525488,127580.301394
Miranda,705,2461208.000000,-18635.986715,25238.141841,125809.539724
Miranda,705,2461215.000000,-54119.043330,33847.669792,112883.643142
Miranda,705,2461222.000000,-84844.920157,39469.136558,89797.212638
Miranda,705,2461229.000000,-107892.605146,41576.498072,58722.024954
Miranda,705,2461236.000000,-121355.549012,40034.626171,22460.306125
Miranda,705,2461243.000000,-123978.482208,34940.225067,-15923.585401
Miranda,705,2461250.000000,-115545.797010,26787.530726,-52768.725224
Miranda,705,2461257.000000,-96869.939166,16284.581174,-85005.178460
Miranda,705,2461264.000000,-69495.938900,4333.935361,-109712.919049
Miranda,705,2461271.000000,-36041.032902,-7948.311825,-124612.791118
Miranda,705,2461278.000000,639.861554,-19541.271227,-128545.237328
Miranda,705,2461285.000000,37306.133553,-29412.049987,-121023.669887
Miranda,705,2461292.000000,70565.583487,-36675.019130,-102851.040600
Miranda,705,2461299.000000,97676.462884,-40740.617692,-75522.658452
Miranda,705,2461306.000000,116069.403842,-41208.774497,-41464.451024
Miranda,705,2461313.000000,124151.922559,-38073.146627,-3841.858465
Miranda,705,2461320.000000,121246.097979,-31590.228901,34245.310728
Miranda,705,2461327.000000,107499.371794,-22327.391363,69239.240948
Miranda,705,2461334.000000,84265.399265,-11137.336794,98062.090207
Miranda,705,2461341.000000,53423.890402,1059.897499,118225.520975
Miranda,705,2461348.000000,17842.251337,13130.864421,127771.251895
Miranda,705,2461355.000000,-19257.409823,24013.498242,125971.416315
Miranda,705,2461362.000000,-54750.874131,32791.076123,112892.760501
Miranda,705,2461369.000000,-85245.996641,38630.664194,89749.760822
Miranda,705,2461376.000000,-108192.564843,41074.701622,58627.411781
Miranda,705,2461383.000000,-121482.457496,39874.964927,22171.960074
Miranda,705,2461390.000000,-123886.751115,35158.956178,-16162.981032
Miranda,705,2461397.000000,-115324.808604,27369.395145,-53089.903020
Miranda,705,2461404.000000,-96422.608624,17151.019193,-85355.132401
Miranda,705,2461411.000000,-69037.481254,5476.851242,-109954.145952
Miranda,705,2461418.000000,-35478.385127,-6689.899383,-124896.327055
Miranda,705,2461425.000000,1279.821037,-18260.529427,-128719.926561
Miranda,705,2461432.000000,37805.302427,-28181.291639,-121156.669927
Miranda,705,2461439.000000,71074.230213,-35648.871899,-102883.841391
Miranda,705,2461446.000000,98006.662872,-39961.229199,-75438.231182
Miranda,705,2461453.000000,116229.781414,-40770.750989,-41407.543822
Miranda,705,2461460.000000,124183.936872,-37996.494025,-3577.656452
Triton,801,2460739.000000,264061.359172,-19262.085983,-236167.794675
Triton,801,2460746.000000,-41737.371891,-277668.436874,-216892.164955
Triton,801,2460753.000000,-294230.173280,-181666.557104,79253.419702
Triton,801,2460760.000000,-171048.618101,146266.129886,274177.280604
Triton,801,2460767.000000,170554.791878,287409.614240,118905.605752
Triton,801,2460774.000000,294353.006906,61521.636366,-188251.558005
Triton,801,2460781.000000,42373.760686,-242949.107970,-255080.037815
Triton,801,2460788.000000,-263667.555134,-237338.752355,3708.683591
Triton,801,2460795.000000,-233070.346729,71259.189078,257739.335442
Triton,801,2460802.000000,95147.045533,288856.342229,182579.666076
Triton,801,2460809.000000,301845.496266,137566.519604,-125791.671627
Triton,801,2460816.000000,123172.274109,-189395.803247,-273573.922077
Triton,801,2460823.000000,-212704.228006,-274638.577692,-72128.560828
Triton,801,2460830.000000,-277016.761113,-9298.554805,221384.416404
Triton,801,2460837.000000,12399.619434,267909.529969,232150.138834
Triton,801,2460844.000000,285965.325552,202977.068295,-53610.232604
Triton,801,2460851.000000,194405.817149,-121150.646336,-270944.016324
Triton,801,2460858.000000,-145295.264925,-290671.075115,-142401.136674
Triton,801,2460865.000000,-299492.930960,-89164.028280,167921.376612
Triton,801,2460872.000000,-71275.703170,226184.482112,263784.788869
Triton,801,2460879.000000,247948.868798,252678.778778,22718.290062
Triton,801,2460886.000000,250564.211603,-43495.168907,-247390.923625
Triton,801,2460893.000000,-66666.252819,-284188.299201,-201682.114829
Triton,801,2460900.000000,-298768.684852,-162146.696140,101480.831046
Triton,801,2460907.000000,-149397.440994,166908.612392,275037.415714
Triton,801,2460914.000000,190746.562981,282812.071637,97297.441203
Triton,801,2460921.000000,287305.306922,37557.763315,-204730.586953
Triton,801,2460928.000000,17091.810019,-255685.951913,-245393.483158
Triton,801,2460935.000000,-274911.444247,-222588.472753,27195.604485
Triton,801,2460942.000000,-215917.038855,94671.658641,265037.284248
Triton,801,2460949.000000,118794.294080,291032.507652,164364.438790
Triton,801,2460956.000000,301790.746703,115729.060694,-146254.724716
Triton,801,2460963.000000,99494.068340,-207365.132180,-270159.163053
Triton,801,2460970.000000,-229779.628278,-265802.269544,-49196.131824
Triton,801,2460977.000000,-265687.595782,15069.763256,234556.433394
Triton,801,2460984.000000,37669.610141,276693.602665,218735.769164
Triton,801,2460991.000000,292905.574033,184959.516562,-76477.383882
Triton,801,2460998.000000,174163.317786,-142962.361809,-274065.325610
Triton,801,2461005.000000,-166877.496337,-288435.156532,-121794.186222
Triton,801,2461012.000000,-294862.356051,-65728.567863,185949.820497
Triton,801,2461019.000000,-46340.842032,240898.075223,256208.323474
Triton,801,2461026.000000,261344.500134,239879.505827,-786.865200
Triton,801,2461033.000000,235322.915869,-67460.968655,-256808.080704
Triton,801,2461040.000000,-91082.644084,-288728.030257,-184991.935626
Triton,801,2461047.000000,-301191.857151,-141460.844407,122972.925766
Triton,801,2461054.000000,-126728.836713,186413.212829,273884.749587
Triton,801,2461061.000000,209558.140757,276225.723336,74970.156968
Triton,801,2461068.000000,278243.259981,13293.897352,-219717.269127
Triton,801,2461075.000000,-8267.679028,-266651.855144,-233908.946282
Triton,801,2461082.000000,-284197.118778,-206256.228298,50491.146297
Triton,801,2461089.000000,-197269.362359,117456.751271,270397.786994
Triton,801,2461096.000000,141563.119273,291172.509310,144940.309841
Triton,801,2461103.000000,299607.449328,93047.236131,-165654.385131
Triton,801,2461110.000000,75154.573941,-223909.941678,-264767.326807
Triton,801,2461117.000000,-245205.429252,-255090.515586,-25896.418529
Triton,801,2461124.000000,-252503.165265,39370.016649,246016.093731
Triton,801,2461131.000000,62630.804116,283552.044714,203716.072645
Triton,801,2461138.000000,297767.875047,165618.328684,-98792.343898
Triton,801,2461145.000000,152727.178343,-163806.457876,-275183.043191
Triton,801,2461152.000000,-187246.195232,-284175.533564,-100289.706229
Triton,801,2461159.000000,-288159.490696,-41796.417775,202623.286957
Triton,801,2461166.000000,-21121.420409,253945.989340,246754.128572
Triton,801,2461173.000000,272873.689387,225379.648844,-24293.831546
Triton,801,2461180.000000,218448.164194,-90991.225475,-264349.786007
Triton,801,2461187.000000,-114815.225500,-291252.538191,-166943.305930
Triton,801,2461194.000000,-301486.334189,-119751.949611,143572.065493
Triton,801,2461201.000000,-103204.631655,204641.357819,270727.059427
Triton,801,2461208.000000,226859.280027,267693.457774,52087.051895
Triton,801,2461215.000000,267234.481807,-11100.527518,-233101.456428
Triton,801,2461222.000000,-33525.693525,-275767.083802,-220709.903052
Triton,801,2461229.000000,-291462.544064,-188453.740759,73424.686733
Triton,801,2461236.000000,-177261.618464,139453.775849,273780.946945
Triton,801,2461243.000000,163294.406577,289272.030743,124449.183906
Triton,801,2461250.000000,295314.906093,69678.530820,-183848.316130
Triton,801,2461257.000000,50326.667066,-238912.030732,-257437.262668
Triton,801,2461264.000000,-258875.720002,-242575.182154,-2399.880723
Triton,801,2461271.000000,-237559.811025,63431.832210,255678.887235
Triton,801,2461278.000000,87107.590376,288433.631043,187200.565869
Triton,801,2461285.000000,300521.731143,145086.835900,-120391.562748
Triton,801,2461292.000000,130250.753381,-183535.385953,-274288.376922
Triton,801,2461299.000000,-206259.853477,-277918.649567,-78044.814090
Triton,801,2461306.000000,-279435.332749,-17534.428507,217819.213029
Triton,801,2461313.000000,4204.041719,265234.027701,235490.863918
Triton,801,2461320.000000,282458.506931,209278.019306,-47630.477211
Triton,801,2461327.000000,200061.968996,-113920.441500,-269960.284176
Triton,801,2461334.000000,-137697.822202,-291740.764045,-147667.889524
Triton,801,2461341.000000,-299653.821135,-97170.359934,163127.113526
Triton,801,2461348.000000,-78992.393408,221463.203410,265586.838419
Triton,801,2461355.000000,242530.658351,257271.876245,28815.539250
Triton,801,2461362.000000,254360.182707,-35454.897510,-244784.718371
Triton,801,2461369.000000,-58504.289329,-282964.743303,-205892.411714
Triton,801,2461376.000000,-296660.051009,-169303.242705,95828.193266
Triton,801,2461383.000000,-156037.429358,160507.277773,275161.339917
Triton,801,2461390.000000,183836.707530,285341.043358,103040.803169
Triton,801,2461397.000000,288947.255190,45785.495770,-200702.990054
Triton,801,2461404.000000,25186.289477,-252263.790886,-248222.000475
Triton,801,2461411.000000,-270697.218521,-228340.871656,21121.565767
Triton,801,2461418.000000,-220966.117016,87086.232532,263473.469331
Triton,801,2461425.000000,110928.142764,291300.901682,169309.739497
Triton,801,2461432.000000,301151.597854,123506.900547,-141116.729231
Triton,801,2461439.000000,106894.430099,-202009.168774,-271387.272495
Triton,801,2461446.000000,-223786.786128,-269704.957886,-55222.081742
Triton,801,2461453.000000,-268755.026427,6887.979906,231425.837033
Triton,801,2461460.000000,29456.649305,274680.182775,222500.460784
Nereid,802,2460739.000000,4548850.192801,3123361.422871,470559.003485
Nereid,802,2460746.000000,4674725.864005,3750575.271408,519833.689703
Nereid,802,2460753.000000,4746614.188824,4334765.906442,563175.658714
Nereid,802,2460760.000000,4774206.716375,4878631.970944,601241.259480
Nereid,802,2460767.000000,4764608.249867,5384513.218904,634551.146456
Nereid,802,2460774.000000,4723186.648800,5854480.944010,663601.737522
Nereid,802,2460781.000000,4654192.764331,6290407.716080,688842.537056
Nereid,802,2460788.000000,4561129.747919,6693923.821116,710592.514398
Nereid,802,2460795.000000,4446887.491158,7066347.302749,729032.387569
Nereid,802,2460802.000000,4313791.399244,7408715.628596,744303.534980
Nereid,802,2460809.000000,4163722.196408,7721916.075555,756602.477890
Nereid,802,2460816.000000,3998307.892612,8006781.088617,766161.253735
Nereid,802,2460823.000000,3819053.828267,8264053.972796,773146.978600
Nereid,802,2460830.000000,3627327.147612,8494291.279317,777615.159314
Nereid,802,2460837.000000,3424277.955086,8697844.462287,779580.927378
Nereid,802,2460844.000000,3210845.602106,8874958.708769,779121.191398
Nereid,802,2460851.000000,2987880.005385,9025873.920482,776380.137068
Nereid,802,2460858.000000,2756253.407964,9150806.935153,771473.248518
Nereid,802,2460865.000000,2516844.970127,9249843.622714,764414.353170
Nereid,802,2460872.000000,2270439.133928,9322882.255612,755160.166646
Nereid,802,2460879.000000,2017685.472688,9369701.722444,743716.729266
Nereid,802,2460886.000000,1759187.771580,9390066.928249,730172.736595
Nereid,802,2460893.000000,1495623.874887,9383733.773931,714617.680807
Nereid,802,2460900.000000,1227757.898910,9350342.516315,697050.043576
Nereid,802,2460907.000000,956344.175145,9289328.216705,677393.055306
Nereid,802,2460914.000000,682061.080450,9199952.036508,655598.081862
Nereid,802,2460921.000000,405576.665125,9081399.925348,631703.790730
Nereid,802,2460928.000000,127682.442135,8932805.096133,605775.325049
Nereid,802,2460935.000000,-150651.985825,8753143.062050,577801.216898
Nereid,802,2460942.000000,-428343.660666,8541104.581536,547679.402835
Nereid,802,2460949.000000,-704260.387905,8295071.709806,515309.744642
Nereid,802,2460956.000000,-977153.419842,8013180.519618,480674.704398
Nereid,802,2460963.000000,-1245478.874821,7693329.355366,443804.756808
Nereid,802,2460970.000000,-1507245.496606,7333041.717258,404672.592136
Nereid,802,2460977.000000,-1759954.269908,6929252.678570,363151.532539
Nereid,802,2460984.000000,-2000518.321900,6478148.257912,319092.289540
Nereid,802,2460991.000000,-2224979.732459,5975067.367166,272423.598439
Nereid,802,2460998.000000,-2427933.516105,5414320.041999,223155.911309
Nereid,802,2461005.000000,-2601646.907132,4788772.871820,171300.791933
Nereid,802,2461012.000000,-2734685.803299,4089199.228616,116848.836485
Nereid,802,2461019.000000,-2809324.187512,3303521.683396,59929.525882
Nereid,802,2461026.000000,-2795923.845455,2416229.211275,1197.471850
Nereid,802,2461033.000000,-2639640.323241,1409524.324495,-57314.515800
Nereid,802,2461040.000000,-2226077.752416,276951.519203,-109402.182185
Nereid,802,2461047.000000,-1304888.828488,-874886.472752,-133564.706856
Nereid,802,2461054.000000,299567.648107,-1430542.634193,-78563.195225
Nereid,802,2461061.000000,1788175.917504,-997153.479498,35959.590171
Nereid,802,2461068.000000,2783348.930590,-215256.401086,145460.296649
Nereid,802,2461075.000000,3451933.520786,606609.673949,238934.796544
Nereid,802,2461082.000000,3916896.557103,1397045.761009,318660.774385
Nereid,802,2461089.000000,4244756.195941,2140302.650695,387326.385944
Nereid,802,2461096.000000,4473714.852354,2834454.041123,446946.179372
Nereid,802,2461103.000000,4627490.586515,3481371.569370,499050.170696
Nereid,802,2461110.000000,4721876.580657,4083919.404204,544819.400307
Nereid,802,2461117.000000,4768026.663370,4645003.947915,585106.737929
Nereid,802,2461124.000000,4774126.855020,5167198.636565,620485.783743
Nereid,802,2461131.000000,4746295.862151,5652672.102876,651386.029802
Nereid,802,2461138.000000,4689198.467886,6103297.442057,678221.453033
Nereid,802,2461145.000000,4606546.104198,6520766.105793,701400.800021
Nereid,802,2461152.000000,4501437.633802,6906581.950370,721241.842592
Nereid,802,2461159.000000,4376488.757654,7261980.646220,737923.714115
Nereid,802,2461166.000000,4233842.766140,7587916.112093,751555.446649
Nereid,802,2461173.000000,4075227.596591,7885166.101929,762285.997205
Nereid,802,2461180.000000,3902114.361776,8154451.894337,770324.568667
Nereid,802,2461187.000000,3715868.548133,8396443.536576,775852.146113
Nereid,802,2461194.000000,3517771.005281,8611664.081678,778942.739430
Nereid,802,2461201.000000,3308935.623437,8800431.055577,779598.973748
Nereid,802,2461208.000000,3090270.465742,8962922.107357,777859.844824
Nereid,802,2461215.000000,2862565.460585,9099290.649059,773845.650833
Nereid,802,2461222.000000,2626622.005423,9209690.597065,767684.545880
Nereid,802,2461229.000000,2383281.410409,9294183.262431,759416.337994
Nereid,802,2461236.000000,2133335.350250,9352647.600931,748997.568900
Nereid,802,2461243.000000,1877449.653034,9384808.392412,736402.298308
Nereid,802,2461250.000000,1616214.427906,9390344.690165,721690.786871
Nereid,802,2461257.000000,1350271.454189,9368936.108713,704958.840848
Nereid,802,2461264.000000,1080370.576239,9320181.305590,686233.039635
Nereid,802,2461271.000000,807298.486041,9243483.788518,665445.894130
Nereid,802,2461278.000000,531787.399645,9138038.532864,642522.607616
Nereid,802,2461285.000000,254538.782157,9002920.972177,617468.891138
Nereid,802,2461292.000000,-23646.220268,8837144.514776,590347.518184
Nereid,802,2461299.000000,-301769.686023,8639587.079503,561173.340433
Nereid,802,2461306.000000,-578663.537898,8408847.583093,529860.599820
Nereid,802,2461313.000000,-853062.470794,8143173.347057,496289.305918
Nereid,802,2461320.000000,-1123572.963074,7840496.568435,460405.784831
Nereid,802,2461327.000000,-1388499.457549,7498462.233743,422228.677560
Nereid,802,2461334.000000,-1645639.890093,7114317.795487,381752.642035
Nereid,802,2461341.000000,-1892152.978244,6684680.215711,338873.579203
Nereid,802,2461348.000000,-2124430.004901,6205307.496283,293432.981372
Nereid,802,2461355.000000,-2337768.269253,5670931.145215,245330.181332
Nereid,802,2461362.000000,-2525668.751101,5075035.024756,194571.347155
Nereid,802,2461369.000000,-2678638.929469,4409401.287296,141219.974139
Nereid,802,2461376.000000,-2782175.466729,3663370.885002,85376.566912
Nereid,802,2461383.000000,-2812828.558661,2823007.725316,27374.039996
Nereid,802,2461390.000000,-2729309.381908,1870982.026196,-31613.923936
Nereid,802,2461397.000000,-2450110.551789,791827.505782,-87883.360883
Nereid,802,2461404.000000,-1795416.198071,-385166.754942,-129056.383593
Nereid,802,2461411.000000,-458673.022995,-1321500.057622,-114840.304520
Nereid,802,2461418.000000,1200174.793580,-1265962.440134,-15713.174464
Nereid,802,2461425.000000,2397055.344835,-570928.900646,99597.007013
Nereid,802,2461432.000000,3189196.775557,249130.530496,199971.865240
Nereid,802,2461439.000000,3732890.008008,1056795.582180,285278.735548
Nereid,802,2461446.000000,4114995.166775,1821244.214413,358473.266307
Nereid,802,2461453.000000,4383818.219290,2536704.808163,421882.010223
Nereid,802,2461460.000000,4568407.102010,3203960.231213,477154.938235
Proteus,808,2460739.000000,44722.938004,-94783.493559,-53451.754740
Proteus,808,2460746.000000,103188.000041,50805.425178,-24464.621155
Proteus,808,2460753.000000,-28214.712218,102899.976816,49533.536094
Proteus,808,2460760.000000,-107827.610605,-34230.761508,32481.171312
Proteus,808,2460767.000000,10583.334246,-108525.885735,-44230.986571
Proteus,808,2460774.000000,109464.727235,16569.971154,-39642.689754
Proteus,808,2460781.000000,6949.977644,111137.461127,37864.128973
Proteus,808,2460788.000000,-108423.506586,1295.285992,45761.166534
Proteus,808,2460795.000000,-24661.294986,-110983.740112,-30410.236076
Proteus,808,2460802.000000,104339.149985,-19389.623136,-50691.087195
Proteus,808,2460809.000000,41395.138698,107801.596548,22254.066983
Proteus,808,2460816.000000,-97752.428516,36684.733950,54282.139827
Proteus,808,2460823.000000,-57340.567829,-101904.077113,-13430.101295
Proteus,808,2460830.000000,88344.024557,-53330.415813,-56457.700728
Proteus,808,2460837.000000,71529.667544,93233.631299,4323.263460
Proteus,808,2460844.000000,-76917.608143,68261.018205,57161.976139
Proteus,808,2460851.000000,-84064.585902,-82237.409506,4944.218652
Proteus,808,2460858.000000,63155.872184,-81713.680282,-56347.332022
Proteus,808,2460865.000000,94210.168012,68951.739859,-14054.072543
Proteus,808,2460872.000000,-48081.217653,92736.688127,54092.490417
Proteus,808,2460879.000000,-102052.118061,-54029.965748,22802.903514
Proteus,808,2460886.000000,31392.838412,-101599.687505,-50373.358616
Proteus,808,2460893.000000,107072.277362,37488.354085,-30966.114070
Proteus,808,2460900.000000,-14239.741836,107564.880109,45397.470488
Proteus,808,2460907.000000,-109439.338337,-20207.959443,38290.681306
Proteus,808,2460914.000000,-3626.835610,-110918.807947,-39164.344522
Proteus,808,2460921.000000,108780.273065,2113.130072,-44650.815486
Proteus,808,2460928.000000,21082.498849,111191.310512,31973.119153
Proteus,808,2460935.000000,-105455.187518,15719.299103,49802.068776
Proteus,808,2460942.000000,-38273.652513,-108709.174839,-23883.833658
Proteus,808,2460949.000000,99161.446701,-33479.374107,-53685.464659
Proteus,808,2460956.000000,54213.071891,103234.020178,15220.049604
Proteus,808,2460963.000000,-90508.856337,50010.389804,56132.460371
Proteus,808,2460970.000000,-68942.768881,-95201.929603,-6122.753270
Proteus,808,2460977.000000,79216.751517,-65587.166148,-57128.486847
Proteus,808,2460984.000000,81695.916527,84518.196414,-3120.866078
Proteus,808,2460991.000000,-66146.929609,79101.166108,56626.419250
Proteus,808,2460998.000000,-92451.814242,-71805.316112,12272.995061
Proteus,808,2461005.000000,51033.592873,-90865.515123,-54628.038889
Proteus,808,2461012.000000,100664.984984,56995.812830,-21132.609542
Proteus,808,2461019.000000,-34900.518417,99959.108051,51223.707628
Proteus,808,2461026.000000,-106353.675600,-40950.800123,29392.076632
Proteus,808,2461033.000000,17539.583525,-106698.250203,-46445.210351
Proteus,808,2461040.000000,109144.656701,23539.625771,-36941.277461
Proteus,808,2461047.000000,-18.667489,110412.785841,40491.125514
Proteus,808,2461054.000000,-109205.682436,-5839.887938,43454.671464
Proteus,808,2461061.000000,-17770.277350,-111439.877624,-33438.198111
Proteus,808,2461068.000000,106257.071039,-12374.500054,-48900.694909
Proteus,808,2461075.000000,34862.080357,109364.162812,25539.068496
Proteus,808,2461082.000000,-100706.204896,29884.110579,53002.544716
Proteus,808,2461089.000000,-51237.304914,-104602.050230,-16955.955759
Proteus,808,2461096.000000,92310.826063,-46997.496172,-55769.778827
Proteus,808,2461103.000000,66115.207886,96918.851290,7927.575390
Proteus,808,2461110.000000,-81733.959954,62497.967035,57034.138933
Proteus,808,2461117.000000,-79381.589396,-86894.901300,1287.046966
Proteus,808,2461124.000000,68756.808992,-76730.578864,-56832.679985
Proteus,808,2461131.000000,90479.464399,74372.702171,-10511.431708
Proteus,808,2461138.000000,-54253.861487,88609.926878,55132.217344
Proteus,808,2461145.000000,-99281.126737,-60160.969235,19394.891573
Proteus,808,2461152.000000,38056.134577,-98479.759786,-51986.205910
Proteus,808,2461159.000000,105415.628412,44077.964031,-27851.111427
Proteus,808,2461166.000000,-21124.838605,105494.444604,47486.431809
Proteus,808,2461173.000000,-108862.557761,-27177.016741,35486.015486
Proteus,808,2461180.000000,3396.122562,-109995.253130,-41734.076927
Proteus,808,2461187.000000,109371.083980,9197.182485,-42288.413487
Proteus,808,2461194.000000,14206.575914,111393.762350,34897.527843
Proteus,808,2461201.000000,-107129.319825,8632.670002,47885.792221
Proteus,808,2461208.000000,-31610.173026,-110081.657197,-27149.045189
Proteus,808,2461215.000000,101939.818922,-26646.849994,-52320.644844
Proteus,808,2461222.000000,48053.640916,105686.252858,18671.587124
Proteus,808,2461229.000000,-94254.868021,43551.285870,55307.798306
Proteus,808,2461236.000000,-63335.919233,-98731.592399,-9742.691331
Proteus,808,2461243.000000,83905.129752,-59715.720871,-56909.535508
Proteus,808,2461250.000000,76898.157920,88963.775417,501.434805
Proteus,808,2461257.000000,-71574.509579,73935.698666,56970.873467
Proteus,808,2461264.000000,-88482.779548,-77121.680910,8675.319080
Proteus,808,2461271.000000,57141.953594,-86574.162093,-55576.249568
Proteus,808,2461278.000000,97730.863882,62970.609017,-17722.082492
Proteus,808,2461285.000000,-41439.104265,96624.726418,52703.749173
Proteus,808,2461292.000000,-104437.774472,-47498.702745,26190.420862
Proteus,808,2461299.000000,24442.413957,-104429.986315,-48467.123179
Proteus,808,2461306.000000,108382.371803,30418.869363,-34095.094926
Proteus,808,2461313.000000,-6988.010176,109247.222982,42943.579452
Proteus,808,2461320.000000,-109535.574704,-12938.902639,40982.012714
Proteus,808,2461327.000000,-10800.508336,-111436.760359,-36319.486204
Proteus,808,2461334.000000,107749.450843,-5294.833159,-46916.945724
Proteus,808,2461341.000000,28193.228469,110490.153826,28711.931896
Proteus,808,2461348.000000,-103243.620064,22966.407472,51508.645457
Proteus,808,2461355.000000,-44915.428179,-106867.577288,-20402.353999
Proteus,808,2461362.000000,95903.586016,-40462.693489,-54853.511003
Proteus,808,2461369.000000,60431.911712,100220.015026,11488.024282
Proteus,808,2461376.000000,-86208.495288,56489.473160,56677.817859
Proteus,808,2461383.000000,-74367.353683,-91195.942443,-2364.827046
Proteus,808,2461390.000000,74087.976635,-71420.364735,-57086.430033
Proteus,808,2461397.000000,86378.204830,79505.012082,-6931.326265
Proteus,808,2461404.000000,-60201.382576,84128.786845,55942.727050
Proteus,808,2461411.000000,-96093.837913,-66045.098356,15918.310696
Proteus,808,2461418.000000,44568.535363,-94953.799325,-53381.210900
Proteus,808,2461425.000000,103327.431055,50507.093551,-24629.693455
Proteus,808,2461432.000000,-27920.103364,103007.966381,49381.616332
Proteus,808,2461439.000000,-107834.335167,-34030.077705,32545.209781
Proteus,808,2461446.000000,10420.953942,-108617.829867,-44130.451010
Proteus,808,2461453.000000,109516.529656,16251.226280,-39758.664255
Proteus,808,2461460.000000,7269.095645,111152.485320,37672.255045
